"record_id","modified","institutionCode","collectionCode","catalogNumber","basisOfRecord","kingdom","phylum","order","family","genus","specificEpithet","scientificName","scientificNameAuthorship","identifiedBy","yearIdentified","recordedBy","recordNumber","year","month","day","continentOcean","country","stateProvince","county","locality","decimalLongitude","decimalLatitude","verbatimLongitude","verbatimLatitude","minimumElevationInMeters","maximumElevationInMeters","preparationType","occurrenceRemarks","barcode","imagecode","infraspecificEpithet","coordinatePrecision","geoFlag","monthIdentified","previousCatalogNumber","dayIdentified","individualCount","class","relatedCatalogItem"
"1","2019-12-16 18:14:13-03","NYBG","NYBG","00942535","PreservedSpecimen","Plantae","Magnoliophyta","Malvales","Malvaceae","Pavonia","viscosa","Pavonia viscosa","A.St.-Hil.","A. Krapovickas","1990","M. M. Arbo","4311","1990","05","17","South America","Brazil","Minas Gerais","Alvorada de Minas","alrededores de Itapanhoacanga, base de la Serra do Espinhaco","-43.45","-18.77","-43.45","-18.77","860","860","sheet","<a href=http://sweetgum.nybg.org/science/vh/specimen_details.php?irn=1049031 target=other class=eLink> <mi>dwc_moreinfo</mi></a>","NY00942535","NY00942535",NA,NA,NA,NA,NA,NA,NA,NA,NA
"2","2019-12-16 18:41:04-03","NYBG","NYBG","02681519","PreservedSpecimen","Plantae","Magnoliophyta","Poales","Cyperaceae","Rhynchospora","rugosa","Rhynchospora rugosa","(Vahl) Gale",NA,NA,"R. de Mello-Silva","2947","2007","11","14","South America","Brazil","Minas Gerais","Alvorada de Minas","Itapanhoacanga. Estrada Itapanhoacanga - cachoeira Campinas, 3 km de Itapanhoacanga.","-43.4431","-18.7975","-43.4431","-18.7975","846","846","sheet","<a href=http://sweetgum.nybg.org/science/vh/specimen_details.php?irn=2957439 target=other class=eLink> <mi>dwc_moreinfo</mi></a>","NY02681519","NY02681519",NA,NA,NA,NA,NA,NA,NA,NA,NA
"3","2019-12-16 18:52:50-03","NYBG","NYBG","1144480","PreservedSpecimen","Plantae","Magnoliophyta","Sapindales","Burseraceae",NA,NA,NA,NA,NA,NA,"R. F. Monteiro","211","2007","11","14","South America","Brazil","Minas Gerais","Alvorada de Minas","Itapanhoacanga. Estrada Itapanhoacanga - Cachoeira Campinas, 3 km de Itapanhoacanga.","-43.4431","-18.7975","-43.4431","-18.7975",NA,NA,"sheet","<a href=http://sweetgum.nybg.org/science/vh/specimen_details.php?irn=1290003 target=other class=eLink> <mi>dwc_moreinfo</mi></a>","NY01144480","NY01144480",NA,NA,NA,NA,NA,NA,NA,NA,NA
"4","2019-12-16 17:15:12-03","NYBG","NYBG","00917509","PreservedSpecimen","Plantae","Magnoliophyta","Fabales","Fabaceae","Calliandra","fasciculata","Calliandra fasciculata fasciculata","Benth.","R. C. Barneby",NA,"M. M. Arbo","4317","1990","05","17","South America","Brazil","Minas Gerais","Alvorada de Minas","alrededores de Itapanhoacanga, base de la Serra do Espinhaco","-43.45","-18.77","-43.45","-18.77","860","860","sheet","<a href=http://sweetgum.nybg.org/science/vh/specimen_details.php?irn=996933 target=other class=eLink> <mi>dwc_moreinfo</mi></a>","NY00917509","NY00917509","fasciculata",NA,NA,NA,NA,NA,NA,NA,NA
"5","2019-12-16 17:17:54-03","NYBG","NYBG","00978600","PreservedSpecimen","Plantae","Magnoliophyta","Fabales","Fabaceae","Chamaecrista","ochnacea","Chamaecrista ochnacea latifolia","(Benth.) H.S.Irwin & Barneby","R. C. Barneby","1990","M. M. Arbo","4316","1990","05","17","South America","Brazil","Minas Gerais","Alvorada de Minas","alrededores de Itapanhoacanga, base de la Serra do Espinhaço","-43.45","-18.77","-43.45","-18.77","860","860","sheet","<a href=http://sweetgum.nybg.org/science/vh/specimen_details.php?irn=1061959 target=other class=eLink> <mi>dwc_moreinfo</mi></a>","NY00978600","NY00978600","latifolia",NA,NA,NA,NA,NA,NA,NA,NA
"6","2019-12-16 17:09:53-03","NYBG","NYBG","1146531","PreservedSpecimen","Plantae","Magnoliophyta","Ericales","Primulaceae","Clavija","nutans","Clavija nutans","(Vell.) B.Ståhl","J. R. Pirani","2008","R. de Mello-Silva","2946","2007","11","14","South America","Brazil","Minas Gerais","Alvorada de Minas","Itapanhoacanga. Estrada Itapanhoacanga - cachoeira Campinas, 3 km de Itapanhoacanga.","-43.4431","-18.7975","-43.4431","-18.7975","846","846","sheet","<a href=http://sweetgum.nybg.org/science/vh/specimen_details.php?irn=1343956 target=other class=eLink> <mi>dwc_moreinfo</mi></a>","NY01146531","NY01146531",NA,NA,NA,NA,NA,NA,NA,NA,NA
"7","2019-12-16 17:19:38-03","NYBG","NYBG","00983888","PreservedSpecimen","Plantae","Magnoliophyta","Fabales","Fabaceae","Dalbergia","nigra","Dalbergia nigra","(Vell.) Allemão ex Benth.","A. M. V. de Carvalho","1998","G. G. Hatschbach","67456","1997","11","24","South America","Brazil","Minas Gerais","Alvorada de Minas",NA,"-43.3652992248535","-18.7360992431641",NA,NA,NA,NA,"sheet","<a href=http://sweetgum.nybg.org/science/vh/specimen_details.php?irn=1117813 target=other class=eLink> <mi>dwc_moreinfo</mi></a>","NY00983888","NY00983888",NA,"18475","auto",NA,NA,NA,NA,NA,NA
"8","2019-12-16 17:20:41-03","NYBG","NYBG","00984353","PreservedSpecimen","Plantae","Magnoliophyta","Fabales","Fabaceae","Dioclea","latifolia","Dioclea latifolia","Benth.","R. C. Barneby","1990","M. M. Arbo","4337","1990","05","17","South America","Brazil","Minas Gerais","Alvorada de Minas","Alrededores de Itapanhoacanga, base de la Serra do Espinhaco","-43.45","-18.77","-43.45","-18.77","800","800","sheet","<a href=http://sweetgum.nybg.org/science/vh/specimen_details.php?irn=1121835 target=other class=eLink> <mi>dwc_moreinfo</mi></a>","NY00984353","NY00984353",NA,NA,NA,NA,NA,NA,NA,NA,NA
"9","2019-12-16 17:59:09-03","NYBG","NYBG","02695693","PreservedSpecimen","Plantae","Magnoliophyta","Malpighiales","Chrysobalanaceae","Licania","kunthiana","Licania kunthiana","Hook.f.",NA,NA,"G. G. Hatschbach","67453","1997","11","24","South America","Brazil","Minas Gerais","Alvorada de Minas","Itapanhoacanga","-43.3653","-18.7361","-43.3653","-18.7361",NA,NA,"sheet","<a href=http://sweetgum.nybg.org/science/vh/specimen_details.php?irn=2980522 target=other class=eLink> <mi>dwc_moreinfo</mi></a>","NY02695693","NY02695693",NA,NA,NA,NA,NA,NA,NA,NA,NA
"10","2019-12-16 17:56:20-03","NYBG","NYBG","1146530","PreservedSpecimen","Plantae","Magnoliophyta","Magnoliales","Annonaceae","Xylopia","emarginata","Xylopia emarginata","Mart.","R. de Mello-Silva","2007","R. de Mello-Silva","2943","2007","11","14","South America","Brazil","Minas Gerais","Alvorada de Minas","Itapanhoacanga. Estrada Itapanhoacanga - cachoeira Campinas, 3 km de Itapanhoacanga.","-43.4431","-18.7975","-43.4431","-18.7975","846","846","sheet","<a href=http://sweetgum.nybg.org/science/vh/specimen_details.php?irn=1343954 target=other class=eLink> <mi>dwc_moreinfo</mi></a>","NY01146530","NY01146530",NA,NA,NA,NA,NA,NA,NA,NA,NA
"11","2019-07-11 10:06:29-03","ESALQ","ESA","64222","S","Plantae","Magnoliophyta",NA,"Campanulaceae","Lobelia",NA,"Lobelia",NA,NA,NA,"Souza, V.C.; Souza, J.P.; Capellari Jr., L.; Scalon, V.R.","11795","1996","07","05",NA,"Brasil","Minas Gerais","Alvorada de Minas","28km de Serro, próximo à entrada para Alvorada de Minas","-43.3652992248535","-18.7360992431641",NA,NA,NA,NA,NA,"Erva, ca. 2 m alt.; corola lilás.","ESA064222","ESA064222",NA,"18475","auto",NA,NA,NA,NA,NA,NA
"12","2019-07-11 08:49:15-03","ESALQ","ESA","65175","S","Plantae","Magnoliophyta",NA,"Acanthaceae","Ruellia","macrantha","Ruellia macrantha","(Nees) Lindau",NA,NA,"Souza, V.C. et al.","11794","1996","07","05",NA,"Brasil","Minas Gerais","Alvorada de Minas",NA,"-43.3652992248535","-18.7360992431641",NA,NA,NA,NA,NA,NA,"ESA065175","ESA065175",NA,"18475","auto",NA,NA,NA,NA,NA,NA
"13","2014-10-02 12:40:45-03","FEMACT","MIRR","6187","S","Plantae",NA,NA,"Leguminosae-Pap",NA,NA,NA,NA,NA,NA,"A.S. Flores; R. Schütz Rodrigues","a1012","2002","06","26",NA,"Brasil","Minas Gerais","Alvorada de Minas","Em direção a Serro, BR MG 020","-43.3653","-18.7361",NA,NA,NA,NA,NA,"Trepadeira em beira de estrada, próximo a mata, flores rosas.",NA,NA,NA,"18475","auto",NA,NA,NA,NA,NA,NA
"14","2020-03-10 08:27:55-03","UFV","VIC","43904","PreservedSpecimen","Plantae",NA,NA,"Caesalpinioideae","Chamaecrista","olesiphylla","Chamaecrista olesiphylla","(Vogel) H.S. Irwin & Barneby","Rando, J.G.","2011","Forzza, R.C.; et al.","4844",NA,NA,NA,NA,"Brasil","Minas Gerais","Alvorada de Minas","Itapanhoacanga, Estrada Itapanhoacanga-cachoeira Campinas, 3 km de Itapanhoacanga.","-43.3652992248535","-18.7360992431641",NA,NA,NA,NA,NA,"Arbusto com cerca de 70 cm, freguente flores com cálice verde, corola e estames amarelos, giniceu verde.","VIC043904","VIC043904",NA,"18475","auto","02",NA,NA,NA,NA,NA
"15","2020-02-27 16:44:13-03","UFSC","CTBS","2582","PreservedSpecimen","Plantae",NA,NA,"Polygalaceae","Caamembeca",NA,"Caamembeca",NA,NA,NA,"Hatschbach, G.; Hatschbach, M. & Barbosa, E.","67450","1997","11","24",NA,"Brasil","Minas Gerais","Alvorada de Minas","Itapanhocanga","-43.3652992248535","-18.7360992431641",NA,NA,NA,NA,NA,"Erva, 70 cm; Flor amarela; Interior da floresta.",NA,NA,NA,"18475","auto",NA,"MBM",NA,NA,NA,NA
"16","2020-02-10 17:55:42-03","UNICAMP","UEC","189337","S","Plantae","Magnoliopsida",NA,"Myrtaceae","Campomanesia","pubescens","Campomanesia pubescens","(A.DC.) O.Berg","Costa, IR","2015","Lima, DF; Trad, RJ","527","2014","11","14",NA,"Brazil","Minas Gerais","Alvorada de Minas","Rod. MG-010 entre Conceição do Mato Dentro e Sêrro, na beira do barranco.","-43.4075","-18.828056","-43.4075","-18.828056","653","653",NA,"Árvore 2,5 m. Flores brancas, perfumadas.; Cerrado","UEC120121","UEC120121",NA,NA,NA,NA,NA,NA,NA,NA,NA
"17","2020-02-14 09:19:34-03","UNICAMP","UEC","198704","S","Plantae","Magnoliopsida",NA,"Calophyllaceae","Kielmeyera","regalis","Kielmeyera regalis","Saddi","Cometti, JP","2000","Arbo, MM; Mello-Silva, R; Schinini, A; Souza, VC","4304","1990","05","17",NA,"Brazil","Minas Gerais","Alvorada de Minas","Alredores de Itapanhocanga, base de la serra do espinhaco.","-43.45","-18.766667","-43.45","-18.766667",NA,NA,NA,"Subarbusto suberecto 1-1,5m, petalos rosado-fúcsia, filamentos verdosos, anteras amarillas.; Ladera de cerro con afloramientos rocosos cuarciticos.","UEC155187","UEC155187",NA,NA,NA,"06",NA,NA,NA,NA,NA
"18","2019-08-20 10:12:49-03","UNICAMP","UEC","126019","S","Plantae","Magnoliopsida",NA,"Fabaceae","Cleobulia","multiflora","Cleobulia multiflora","Mart. ex Benth.","Queiroz, LP","2010","Flores, AS; Schütz Rodrigues, R","1012","2002","06","26",NA,"Brazil","Minas Gerais","Alvorada de Minas","Em direção a Serro","-43.3652992248535","-18.7360992431641",NA,NA,NA,NA,NA,"Trepadeira em beira de estrada, próximo a mata.","UEC037715","UEC037715",NA,"18475","auto","01",NA,NA,NA,NA,NA
"19","2019-08-16 08:39:07-03","UTFPR","HCF","21158","S","Plantae",NA,NA,"Cyperaceae","Rhynchospora","rugosa","Rhynchospora rugosa","(Vahl) Gale","P. Weber","2013","R. Mello-Silva","2947","2007","11","14",NA,"Brasil","MG","Alvorada de Minas","estrada Itapanhoacanga-cachoeira Campina","-43.443056","-18.7975","43°26'35 W","18°47'51 S","846","846",NA,"em solo arenoso, entre rochas. Brácteas castanhas. Grande lajeado com ilhas de vegetação, arbustos entre rochas e pequena mata ciliar.",NA,NA,NA,NA,NA,NA,NA,NA,NA,NA,NA
"20","2019-12-06 14:39:31-03","MBM","MBM","140284","S","Plantae",NA,NA,"Clusiaceae","Kielmeyera",NA,"Kielmeyera",NA,NA,NA,"Arbo, M.M.; Mello-Silva, R.; Schinini, A.; Souza, V.C.; Mello-Silva, R.; Schinini, A.; Souza, V.C.","4304","1990","05","17","Southern America","Brazil","Minas Gerais","Alvorada de Minas","Alrededores de Itapanhoacanga, base de la Serra do Espinhaço","-43.45","-18.766667","-43.45","-18.766667","860","860",NA,NA,"MBM140284","MBM140284",NA,NA,NA,NA,NA,NA,NA,NA,NA
"21","2019-12-06 14:26:28-03","MBM","MBM","218857","S","Plantae",NA,NA,"Apocynaceae","Mandevilla","hirsuta","Mandevilla hirsuta","(A. Rich.) K. Schum.","Hatschbach, G.",NA,"Hatschbach, G.; Hatschbach, M.; Barboza, E.; Hatschbach, M.; Barboza, E.","67424","1997","11","23","Southern America","Brazil","Minas Gerais","Alvorada de Minas","Rod. MG-010, Rio das Pedras","-43.3652992248535","-18.7360992431641",NA,NA,NA,NA,NA,NA,"MBM218857",NA,NA,"18475","auto",NA,NA,NA,NA,NA,NA
"22","2019-12-06 15:03:33-03","MBM","MBM","140457","S","Plantae",NA,NA,"Malvaceae","Pavonia","viscosa","Pavonia viscosa","St. Hil.","Krapovickas, A.",NA,"Arbo, M.M.; et al.; et al.","4311",NA,NA,NA,"Southern America","Brazil","Minas Gerais","Alvorada de Minas","Alvorada de Minas","-43.3652992248535","-18.7360992431641",NA,NA,NA,NA,NA,NA,"MBM140457","MBM140457",NA,"18475","auto",NA,NA,NA,NA,NA,NA
"23","2019-12-06 14:33:34-03","MBM","MBM","417605","S","Plantae",NA,NA,"Asteraceae","Piptolepis","buxoides","Piptolepis buxoides","(Less.) Sch.Bip.","Loeuille, B.","2011","Loeuille, B.; Mello-Silva, R.; Lovo, J.; Alcantara, S.; Mello-Silva, R.; Lovo, J.; Alcantara, S.","599","2011","11","19","Southern America","Brazil","Minas Gerais","Alvorada de Minas","Itapanhoacanga, Cachoeira de Campinas, 3,2 km da cidade","-43.436611","-18.805278","-43.436611","-18.805278","672","672",NA,NA,"MBM417605","MBM417605",NA,NA,NA,"11",NA,"19",NA,NA,NA
"24","2019-12-06 15:24:25-03","MBM","MBM","160869","S","Plantae",NA,NA,"Velloziaceae","Vellozia","glabra","Vellozia glabra","Mikan","Mello-Silva, R.",NA,"Mello-Silva, R.; et al.; et al.","253",NA,NA,NA,"Southern America","Brazil","Minas Gerais","Alvorada de Minas","7km de Itapanhoacanga","-43.3652992248535","-18.7360992431641",NA,NA,NA,NA,NA,NA,"MBM160869","MBM160869",NA,"18475","auto",NA,NA,NA,NA,NA,NA
"25","2019-12-06 15:23:55-03","MBM","MBM","140430","S","Plantae",NA,NA,"Turneraceae","Turnera","orientalis","Turnera orientalis","(Urban) Arbo","Arbo, M.M.",NA,"Arbo, M.M.","4341",NA,NA,NA,"Southern America","Brazil","Minas Gerais","Alvorada de Minas","Alvorada de Minas","-43.3652992248535","-18.7360992431641",NA,NA,NA,NA,NA,NA,"MBM140430","MBM140430",NA,"18475","auto",NA,NA,NA,NA,NA,NA
"26","2019-12-06 15:02:24-03","MBM","MBM","140364","S","Plantae",NA,NA,"Malpighiaceae","Peixotoa","parviflora","Peixotoa parviflora","A. Juss.","Anderson, C.",NA,"Arbo, M.M.; et al.; et al.","4336",NA,NA,NA,"Southern America","Brazil","Minas Gerais","Alvorada de Minas","Alvorada de Minas","-43.3652992248535","-18.7360992431641",NA,NA,NA,NA,NA,NA,"MBM140364","MBM140364",NA,"18475","auto",NA,NA,NA,NA,NA,NA
"27","2019-12-06 15:20:43-03","MBM","MBM","140319","S","Plantae",NA,NA,"Sapindaceae","Serjania","nigricans","Serjania nigricans","Radlk.","Ferrucci, M.S.",NA,"Arbo, M.M.; et al.; et al.","4310",NA,NA,NA,"Southern America","Brazil","Minas Gerais","Alvorada de Minas","Alvorada de Minas","-43.3652992248535","-18.7360992431641",NA,NA,NA,NA,NA,NA,"MBM140319","MBM140319",NA,"18475","auto",NA,NA,NA,NA,NA,NA
"28","2019-12-06 14:45:35-03","MBM","MBM","140514","S","Plantae",NA,NA,"Euphorbiaceae","Sebastiania","hispida","Sebastiania hispida","(Mart.) Pax","Schinini, A.",NA,"Arbo, M.M.","4310","1990","05","17","Southern America","Brazil","Minas Gerais","Alvorada de Minas","Alvorada de Minas","-43.3652992248535","-18.7360992431641",NA,NA,NA,NA,NA,NA,"MBM140514","MBM140514",NA,"18475","auto",NA,NA,NA,NA,NA,NA
"29","2019-12-06 15:17:30-03","MBM","MBM","348357","S","Plantae",NA,NA,"Ranunculaceae","Clematis","dioica","Clematis dioica","L.","Viana, P.L.","2008","Mota, N.F.O.; et al.; et al.","1334","2008","08","23","Southern America","Brazil","Minas Gerais","Alvorada de Minas","Estrada Conceição do Mato Dentro a Serro, próximo à estrada para Itapanhoacanga","-43.3652992248535","-18.7360992431641",NA,NA,"800","800",NA,"Liana em borda de mata. Planta armazenada em álcool. Borda da estrada","MBM348357",NA,NA,"18475","auto","08",NA,"25",NA,NA,NA
"30","2019-12-06 15:20:31-03","MBM","MBM","217969","S","Plantae",NA,NA,"Sapindaceae","Matayba","mollis","Matayba mollis","Radlk.","Ferrucci, M.S.",NA,"Hatschbach, G.; Hatschbach, M.; Barboza, E.; Hatschbach, M.; Barboza, E.","67454",NA,NA,NA,"Southern America","Brazil","Minas Gerais","Alvorada de Minas","Itapanhoacanga","-43.3652992248535","-18.7360992431641",NA,NA,NA,NA,NA,NA,"MBM217969","MBM217969",NA,"18475","auto",NA,NA,NA,NA,NA,NA
"31","2019-12-06 14:47:40-03","MBM","MBM","219640","S","Plantae",NA,NA,"Fabaceae","Dalbergia","nigra","Dalbergia nigra","(Vel.) Allem. ex Benth.","Carvalho, A.M. de",NA,"Hatschbach, G.; Hatschbach, M.; Barboza, E.; Hatschbach, M.; Barboza, E.","67456",NA,NA,NA,"Southern America","Brazil","Minas Gerais","Alvorada de Minas","Itapanhoacanga","-43.3652992248535","-18.7360992431641",NA,NA,NA,NA,NA,NA,"MBM219640","MBM219640",NA,"18475","auto",NA,NA,NA,NA,NA,NA
"32","2019-12-06 14:39:14-03","MBM","MBM","218767","S","Plantae",NA,NA,"Chrysobalanaceae","Licania","kunthiana","Licania kunthiana","Hook. f.","Prance, G.T.",NA,"Hatschbach, G.; Hatschbach, M.; Barboza, E.; Hatschbach, M.; Barboza, E.","67453","1997","11","24","Southern America","Brazil","Minas Gerais","Alvorada de Minas","Itapanhoacanga","-43.3652992248535","-18.7360992431641",NA,NA,NA,NA,NA,NA,"MBM218767","MBM218767",NA,"18475","auto",NA,NA,NA,NA,NA,NA
"33","2019-12-06 15:21:42-03","MBM","MBM","219964","S","Plantae",NA,NA,"Solanaceae","Brunfelsia","brasiliensis","Brunfelsia brasiliensis","(Spreng.) Smith & Downs","Hatschbach, G.",NA,"Hatschbach, G.; Hatschbach, M.; Barboza, E.; Hatschbach, M.; Barboza, E.","67451",NA,NA,NA,"Southern America","Brazil","Minas Gerais","Alvorada de Minas","Itapanhoacanga","-43.3652992248535","-18.7360992431641",NA,NA,NA,NA,NA,NA,"MBM219964","MBM219964",NA,"18475","auto",NA,NA,NA,NA,NA,NA
"34","2019-12-06 14:24:50-03","MBM","MBM","140224","S","Plantae",NA,NA,"Anacardiaceae","Tapirira","guianensis","Tapirira guianensis","Aubl.","Schinini, A.",NA,"Arbo, M.M.; et al.; et al.","4334","1990","05","17","Southern America","Brazil","Minas Gerais","Alvorada de Minas","Itapanhoacanga","-43.3652992248535","-18.7360992431641",NA,NA,NA,NA,NA,NA,"MBM140224","MBM140224",NA,"18475","auto",NA,NA,NA,NA,NA,NA
"35","2019-12-06 14:32:19-03","MBM","MBM","140559","S","Plantae",NA,NA,"Asteraceae","Lepidaploa","rufogrisea","Lepidaploa rufogrisea","(St. Hil.) H. Rob.","Dematteis, M.",NA,"Arbo, M.M.; et al.; et al.","4318","1990","05","17","Southern America","Brazil","Minas Gerais","Alvorada de Minas","Serra do Espinhaço","-43.3652992248535","-18.7360992431641",NA,NA,NA,NA,NA,NA,"MBM140559","MBM140559",NA,"18475","auto",NA,NA,NA,NA,NA,NA
"36","2019-12-06 15:24:31-03","MBM","MBM","217991","S","Plantae",NA,NA,"Verbenaceae","Aegiphila","sellowiana","Aegiphila sellowiana","Cham.","França, F.",NA,"Hatschbach, G.; Hatschbach, M.; Barboza, E.; Hatschbach, M.; Barboza, E.","27452",NA,NA,NA,"Southern America","Brazil","Minas Gerais","Alvorada de Minas","Itapanhoacanga","-43.3652992248535","-18.7360992431641",NA,NA,NA,NA,NA,NA,"MBM217991","MBM217991",NA,"18475","auto",NA,NA,NA,NA,NA,NA
"37","2019-12-06 14:44:15-03","MBM","MBM","218801","S","Plantae",NA,NA,"Euphorbiaceae","Aparisthmium","cordatum","Aparisthmium cordatum","(A. Juss.) Baill.",NA,NA,"Hatschbach, G.; Hatschbach, M.; Barboza, E.; Hatschbach, M.; Barboza, E.","67455","1997","11","24","Southern America","Brazil","Minas Gerais","Alvorada de Minas","Itapanhoacanga","-43.3652992248535","-18.7360992431641",NA,NA,NA,NA,NA,"Árvore, 4m, fruto avermelhado. Floresta de alto de morro","MBM218801","MBM218801",NA,"18475","auto",NA,NA,NA,NA,NA,NA
"38","2019-12-06 14:28:29-03","MBM","MBM","223004","S","Plantae",NA,NA,"Aristolochiaceae","Aristolochia","labiata","Aristolochia labiata","Willd.","L. Capellari Jr.",NA,"Hatschbach, G.; Hatschbach, M.; Barboza, E.; Hatschbach, M.; Barboza, E.","67423","1997","11","23","Southern America","Brazil","Minas Gerais","Alvorada de Minas","Rio das Pedras, Rod. MG-010","-43.3652992248535","-18.7360992431641",NA,NA,NA,NA,NA,NA,"MBM223004","MBM223004",NA,"18475","auto",NA,NA,NA,NA,NA,NA
"39","2019-12-06 15:02:01-03","MBM","MBM","140362","S","Plantae",NA,NA,"Malpighiaceae","Byrsonima","variabilis","Byrsonima variabilis","A. Juss.","Anderson, W.R.",NA,"Arbo, M.M.; et al.; et al.","4312",NA,NA,NA,"Southern America","Brazil","Minas Gerais","Alvorada de Minas","Alvorada de Minas","-43.3652992248535","-18.7360992431641",NA,NA,NA,NA,NA,NA,"MBM140362","MBM140362",NA,"18475","auto",NA,NA,NA,NA,NA,NA
"40","2019-12-06 15:25:16-03","MBM","MBM","170190","S","Plantae",NA,NA,"Vitaceae","Cissus","erosa","Cissus erosa","L.C. Rich.","Lombardi, J.A.",NA,"Werneck, M.S.","17626","1990","04","30","Southern America","Brazil","Minas Gerais","Alvorada de Minas","Fazenda Ssmaria","-43.3652992248535","-18.7360992431641",NA,NA,NA,NA,NA,NA,"MBM170190","MBM170190",NA,"18475","auto",NA,NA,NA,NA,NA,NA
"41","2019-12-06 14:55:16-03","MBM","MBM","140343","S","Plantae",NA,NA,"Icacinaceae","Emmotum","nitens","Emmotum nitens","(Benth.) Miers","Melo, E.",NA,"Arbo, M.M.; et al.; et al.","4322",NA,NA,NA,"Southern America","Brazil","Minas Gerais","Alvorada de Minas","Serra do Espinhaço","-43.3652992248535","-18.7360992431641",NA,NA,NA,NA,NA,NA,"MBM140343","MBM140343",NA,"18475","auto",NA,NA,NA,NA,NA,NA
"42","2019-10-02 15:02:00-03","UFMG","BHCB","123134","PreservedSpecimen","Plantae","Dicotyledon",NA,"Ranunculaceae","Clematis","dioica","Clematis dioica","L.",NA,"2008","Mota, NFO; Viana, PL; Giorni, VT; Novaes, RML","1334","2008","08","23","Southern America","Brasil","Minas Gerais","Alvorada de Minas","Estrada Conceição do Mato Dentro - Serro, Prox. à estrada para Itapanhoacanga. Borda da estrada que liga Conceição do Mato Dentro a Serro.","-43.683333","-19.55","-43.683333","-19.55","800","800",NA,"Planta armazenada em álcool.; Liana; Em borda de mata.",NA,NA,NA,NA,NA,"08",NA,"25",NA,NA,NA
"43","2019-10-02 15:00:31-03","UFMG","BHCB","108157","PreservedSpecimen","Plantae","Dicotyledon",NA,"Myrtaceae","Myrcia","multipunctata","Myrcia multipunctata","Mazine",NA,"2019","Viana, PL; Silva, LVC","2830","2007","03","20","Southern America","Brasil","Minas Gerais","Alvorada de Minas","Itapanhoacanga","-43.416667","-18.9","-43.416667","-18.9","750","750",NA,"Arvoreta; Transição campo rupestre/floresta estacional","BHCB049976",NA,NA,NA,NA,"04",NA,NA,NA,NA,NA
"44","2019-10-02 15:00:31-03","UFMG","BHCB","108162","PreservedSpecimen","Plantae","Dicotyledon",NA,"Myrtaceae","Myrcia","nitida","Myrcia nitida","Cambess.",NA,"2014","Viana, PL; Silva, LVC","2835","2007","03","20","Southern America","Brasil","Minas Gerais","Alvorada de Minas","Itapanhoacanga","-43.416667","-18.783333","-43.416667","-18.783333","883","883",NA,"Arbusto, frutos negros; Canga couraçada","BHCB032772",NA,NA,NA,NA,NA,NA,NA,NA,NA,NA
"45","2019-10-02 14:52:11-03","UFMG","BHCB","61626","PreservedSpecimen","Plantae","Dicotyledon",NA,"Chrysobalanaceae","Licania","kunthiana","Licania kunthiana","Hook.f.",NA,NA,NA,"s.n.",NA,NA,NA,"Southern America","Brasil","Minas Gerais","Alvorada de Minas",NA,"-43.3652992248535","-18.7360992431641",NA,NA,NA,NA,NA,NA,NA,NA,NA,"18475","auto",NA,NA,NA,NA,NA,NA
"46","2019-10-02 14:48:35-03","UFMG","BHCB","17624","PreservedSpecimen","Plantae","Dicotyledon",NA,"Apocynaceae","Asclepias","curassavica","Asclepias curassavica","L.",NA,NA,"Werneck, MS; et al.","s.n.","1990","04","30","Southern America","Brasil","Minas Gerais","Alvorada de Minas","Fazenda Sesmarias.","-43.3652992248535","-18.7360992431641",NA,NA,NA,NA,NA,NA,NA,NA,NA,"18475","auto",NA,NA,NA,NA,NA,NA
"47","2019-10-02 14:55:11-03","UFMG","BHCB","17621","PreservedSpecimen","Plantae","Dicotyledon",NA,"Lamiaceae","Hyptis","suaveolens","Hyptis suaveolens","Poit.",NA,NA,"Werneck, MS; et al.","s.n.","1990","04","30","Southern America","Brasil","Minas Gerais","Alvorada de Minas","Fazenda Sesmarias.","-43.3652992248535","-18.7360992431641",NA,NA,NA,NA,NA,NA,NA,NA,NA,"18475","auto",NA,NA,NA,NA,NA,NA
"48","2019-10-02 15:05:08-03","UFMG","BHCB","17626","PreservedSpecimen","Plantae","Dicotyledon",NA,"Vitaceae","Cissus","erosa","Cissus erosa","Rich.",NA,NA,"Werneck, MS; et al.","s.n.","1990","04","30","Southern America","Brasil","Minas Gerais","Alvorada de Minas","Fazenda Sesmarias.","-43.3652992248535","-18.7360992431641",NA,NA,NA,NA,NA,NA,NA,NA,NA,"18475","auto",NA,NA,NA,NA,NA,NA
"49","2019-12-16 17:40:45-03","UFMG","BHCB","17625","PreservedSpecimen","Plantae","Dicotyledon",NA,"Acanthaceae","Aphelandra","schottiana","Aphelandra schottiana","Nees Profice",NA,"2003","Werneck, MS","s.n.","1990","04","30","Southern America","Brasil","Minas Gerais","Alvorada de Minas","Fazenda Sesmarias.","-43.3652992248535","-18.7360992431641",NA,NA,NA,NA,NA,"Arbustiva, gamopétala, presença de brácteas, folhas opostas.; Mata úmida.","BHCB052817","BHCB052817",NA,"18475","auto",NA,NA,NA,NA,NA,NA
"50","2019-10-02 14:55:11-03","UFMG","BHCB","17621","PreservedSpecimen","Plantae","Dicotyledon",NA,"Lamiaceae","Hyptis","suaveolens","Hyptis suaveolens","Poit.",NA,NA,"Werneck, MS; et al.","s.n.","1990","04","30","Southern America","Brasil","Minas Gerais","Alvorada de Minas","Fazenda Sesmarias.","-43.3652992248535","-18.7360992431641",NA,NA,NA,NA,NA,NA,NA,NA,NA,"18475","auto",NA,NA,NA,NA,NA,NA
"51","2019-10-02 15:05:08-03","UFMG","BHCB","17626","PreservedSpecimen","Plantae","Dicotyledon",NA,"Vitaceae","Cissus","erosa","Cissus erosa","Rich.",NA,NA,"Werneck, MS; et al.","s.n.","1990","04","30","Southern America","Brasil","Minas Gerais","Alvorada de Minas","Fazenda Sesmarias.","-43.3652992248535","-18.7360992431641",NA,NA,NA,NA,NA,NA,NA,NA,NA,"18475","auto",NA,NA,NA,NA,NA,NA
"52","2019-10-02 14:48:01-03","UFMG","BHCB","17625","PreservedSpecimen","Plantae","Dicotyledon",NA,"Acanthaceae","Aphelandra","jehottiana","Aphelandra jehottiana","Neiss",NA,NA,"Werneck, MS; et al.","s.n.","1990","04","30","Southern America","Brasil","Minas Gerais","Alvorada de Minas","Fazenda Sesmarias.","-43.3652992248535","-18.7360992431641",NA,NA,NA,NA,NA,NA,NA,NA,NA,"18475","auto",NA,NA,NA,NA,NA,NA
"53","2019-10-02 14:48:35-03","UFMG","BHCB","17624","PreservedSpecimen","Plantae","Dicotyledon",NA,"Apocynaceae","Asclepias","curassavica","Asclepias curassavica","L.",NA,NA,"Werneck, MS; et al.","s.n.","1990","04","30","Southern America","Brasil","Minas Gerais","Alvorada de Minas","Fazenda Sesmarias.","-43.3652992248535","-18.7360992431641",NA,NA,NA,NA,NA,NA,NA,NA,NA,"18475","auto",NA,NA,NA,NA,NA,NA
"54","2020-02-18 22:20:42-03","UFMG","BHCB","43279","PreservedSpecimen","Plantae","Dicotyledon",NA,"Solanaceae","Brunfelsia","brasiliensis","Brunfelsia brasiliensis","(Spreng.) L.B.Sm. & Downs",NA,"1998","Hatschbach, G; Hatschbach, M; Barbosa, E","67451","1997","11","24","Southern America","Brasil","Minas Gerais","Alvorada de Minas","Itapanhoacanga","-43.3652992248535","-18.7360992431641",NA,NA,NA,NA,NA,"Arbusto, 1,5m, flor lilás.; Interior da floreta do alto do morro.","BHCB022460",NA,NA,"18475","auto",NA,NA,NA,NA,NA,NA
"55","2019-10-02 15:09:02-03","UFMG","BHCB","102063","PreservedSpecimen","Plantae","Monocotyledon",NA,"Xyridaceae","Xyris","nanuzae","Xyris nanuzae","Wand.",NA,"2018","Viana, PL; Silva, LVC","2312","2006","08","19","Southern America","Brasil","Minas Gerais","Alvorada de Minas","Itapanhoacanga","-43.3652992248535","-18.7360992431641",NA,NA,NA,NA,NA,"erva, flores amarelas; a beira de riacho","BHCB007952",NA,NA,"18475","auto","12",NA,NA,NA,NA,NA
"56","2019-10-02 14:51:11-03","UFMG","BHCB","102029","PreservedSpecimen","Plantae","Dicotyledon",NA,"Asteraceae","Wunderlichia","senae","Wunderlichia senae","Glaz. ex Maguire & G.M.Barroso",NA,"2013","Viana, PL; Silva, LVC","2278","2006","08","19","Southern America","Brasil","Minas Gerais","Alvorada de Minas","Itapanhoacanga","-43.3652992248535","-18.7360992431641",NA,NA,NA,NA,NA,"Arbusto, capítulos de coloração creme.; Campo rupestre quartzítico.","BHCB036872",NA,NA,"18475","auto","10",NA,NA,NA,NA,NA
"57","2019-10-02 15:02:20-03","UFMG","BHCB","102065","PreservedSpecimen","Plantae","Dicotyledon",NA,"Rubiaceae","Declieuxia",NA,"Declieuxia","Kunth",NA,"2012","Viana, PL; Silva, LVC","2314","2006","08","19","Southern America","Brasil","Minas Gerais","Alvorada de Minas","Itapanhoacanga","-43.3652992248535","-18.7360992431641",NA,NA,NA,NA,NA,"Subarbusto em campo rupestre quartzítico.","BHCB003556",NA,NA,"18475","auto",NA,NA,NA,NA,NA,NA
"58","2020-02-18 22:19:31-03","UFMG","BHCB","43267","PreservedSpecimen","Plantae","Dicotyledon",NA,"Apocynaceae","Mandevilla","hirsuta","Mandevilla hirsuta","(R.Rickl.) K.Schum.",NA,"1998","Hatschbach, G; Hatschbach, M; Barbosa, E","67424","1997","11","23","Southern America","Brasil","Minas Gerais","Alvorada de Minas","MG-010, Rio das Pedras","-43.3652992248535","-18.7360992431641",NA,NA,NA,NA,NA,"Volúvel, látex alvo, flor amarela, exterior vermelho; Margens do rio","BHCB045078",NA,NA,"18475","auto",NA,NA,NA,NA,NA,NA
"59","2020-03-09 08:20:22-03","UFPR","UPCB","60379","PreservedSpecimen","Plantae",NA,NA,"Melastomataceae","Miconia","ibaguensis","Miconia ibaguensis","(Bonpl.) Triana","Goldenberg, R.","2008","Monteiro, R.F.","217","2007","11","15",NA,"Brasil","Minas Gerais","Alvorada de Minas","Itapanhoacanga, Cachoeira Campinas, 3,2km de Itapanhoacanga, riacho entre rochas e pequeno campo rupestre em região de mata, agora derrubada.","-43.436667","-18.802778","-43.436667","-18.802778","470","470",NA,"Arvoreta ca. 2m, em fenda de rocha, folhas verdes com tricomas ferrugínoes, frutos vermelho-amarelados a atro..","UPCB0015602","UPCB0015602",NA,NA,NA,"01",NA,"01",NA,NA,NA
"60","2019-10-11 11:15:09-03","UFPR","UPCB","42485","PreservedSpecimen","Plantae",NA,NA,"Chrysobalanaceae","Licania","kunthiana","Licania kunthiana","Hook.f.","Prance, G.T.","1998","Hatschbach, G.","67453","1997","11","24",NA,"Brasil","Minas Gerais","Alvorada de Minas","Itapanhoacanga","-43.3652992248535","-18.7360992431641",NA,NA,NA,NA,NA,"Árvore 5m. Floresta do alto do morro..",NA,NA,NA,"18475","auto","01",NA,"01",NA,NA,NA
"61","2019-02-20 14:06:25-03","INPA","INPA","205569","S","Plantae","Dicotyledon Com-Clade","Malpighiales","Chrysobalanaceae","Licania","kunthiana","Licania kunthiana","Hook.f.","Prance, GT","1998","Hatschbach, GG","67453","1997","11","24","Southern America","Brasil","Minas Gerais","Alvorada de Minas","Itapanhoacanga","-43.3652992248535","-18.7360992431641",NA,NA,NA,NA,NA,NA,"INPA0205569","INPA0205569 INPA0205569_e",NA,"18475","auto",NA,NA,NA,NA,NA,NA
"62","2019-06-27 15:37:53-03","Cenargen","CEN","73795","S","Plantae",NA,NA,"Lythraceae","Cuphea","pseudovaccinium","Cuphea pseudovaccinium","A.St.-Hil.","T. B. Cavalcanti","2012","Renato de Mello-Silva","2940","2007","11","14",NA,"Brasil","MG","ALVORADA DE MINAS","Estrada Itapanhoacanga - Tapera, 7 km de Itapanhoacanga.","-43.466388","-18.807222","-43,466388","-18,807222","1084","1084","Exsicatas","Entre rochas. Folhas discolores, viscosas, verde clara na face abaxial. Hipanto verde. Pétalas rosa.Doação da Universidade de São Paulo - Herbário SPF.","CEN00073795","CEN00073795",NA,NA,NA,"10",NA,NA,"1",NA,NA
"63","2018-10-26 11:56:13-03","Cenargen","CEN","71907","S","Plantae",NA,NA,"Lythraceae","Diplusodon","minasensis","Diplusodon minasensis","Lourteig","T. B. Cavalcanti",NA,"L. Menini Neto","714","2009","05","24",NA,"Brasil","MG","ALVORADA DE MINAS","Estrada para Cachoeira Campina, a 3 Km de Itapanhoacanga.","-43.443333","-18.798333","-43.443333","-18.798333","838","838","Exsicatas","Folhas discolores, estames amarelos. Doação do Jardim Botânico do Rio de Janeiro. RB 483523.","CEN00071907","CEN00071907",NA,NA,NA,NA,NA,NA,"1",NA,NA
"64","2019-11-13 11:21:25-03","USP","SPF","74784","PreservedSpecimen","Plantae",NA,NA,"Leguminosae","Aeschynomene","riedeliana","Aeschynomene riedeliana","Taub.","Vanni, R","1990","Arbo, MM","4309","1990","05","17",NA,"Brasil","Minas Gerais","Alvorada de Minas",NA,"-43.45","-18.766667","-43.45","-18.766667","860","860",NA,NA,"SPF00074784",NA,NA,NA,NA,NA,NA,NA,NA,NA,NA
"65","2020-01-16 17:29:53-03","USP","SPF","195053","PreservedSpecimen","Plantae",NA,NA,"Bignoniaceae","Amphilophium","mansoanum","Amphilophium mansoanum","(DC.) L.G.Lohmann","Lohmann, LG","2016","Forzza, RC","4849","2007","11","14",NA,"Brasil","Minas Gerais","Alvorada de Minas","ItapanhoacangaEstrada Itapanhoacanga - cachoeira Campinas, 3km de Itapanhoacanga","-43.442896","-18.797267","-43.442896","-18.797267",NA,NA,NA,"Liana rasteira, sobre afloramento. Flores com cálice verde; corola alva com fauce amarela.; Grande lajeado com ilhas de vegetação, arbustos entre rochas e pequena mata ciliar.","SPF00195053",NA,NA,NA,NA,"04",NA,NA,NA,NA,NA
"66","2019-11-13 11:29:47-03","USP","SPF","183606","PreservedSpecimen","Plantae",NA,NA,"Rubiaceae","Augusta","longifolia","Augusta longifolia","(Spreng.) Rehder","Mello-Silva, R","2008","Mello-Silva, R","2955","2007","11","15",NA,"Brasil","Minas Gerais","Alvorada de Minas","Itapanhoacanga","-43.436111","-18.805","-43.436111","-18.805","700","700",NA,NA,"SPF00183606",NA,NA,NA,NA,NA,NA,NA,NA,NA,NA
"67","2019-11-13 11:24:24-03","USP","SPF","185809","PreservedSpecimen","Plantae",NA,NA,"Malpighiaceae","Byrsonima","variabilis","Byrsonima variabilis","A.Juss.","Queiroz, EP","2013","Saavedra, MM","530","2007","11","14",NA,"Brasil","Minas Gerais","Alvorada de Minas","Itapanhoacanga, Estrada Itapanhoacanga - Cachoeira Campinas, 3 km de Itapanhoacanga. Grande lajeado com ilhas de vegetação, arbustos entre rochas e pequena mata ciliar.","-43.443056","-18.7975","-43.443056","-18.7975","846","846",NA,"ARbusto ca. 2 m alt., folhas discolores, face abaxial com pêlos ferrugíneos, flores com cálice ferrugíneo, corola alva e amarelada, anteras amarelas, frutos verdes.","SPF00185809","SPF00185809",NA,NA,NA,"09",NA,"12",NA,NA,NA
"68","2019-11-13 11:21:39-03","USP","SPF","183587","PreservedSpecimen","Plantae",NA,NA,"Leguminosae","Calliandra","fasciculata","Calliandra fasciculata","Benth.","Borges, LM","2008","Mello-Silva, R","2950","2007","11","14",NA,"Brasil","Minas Gerais","Alvorada de Minas",NA,"-43.443056","-18.7975","-43.443056","-18.7975","846","846",NA,NA,"SPF00183587",NA,NA,NA,NA,NA,NA,NA,NA,NA,NA
"69","2019-11-13 11:17:27-03","USP","SPF","186784","PreservedSpecimen","Plantae",NA,NA,"Calophyllaceae","Calophyllum","brasiliense","Calophyllum brasiliense","Cambess.","Marinho, L","2014","Forzza, RC","4848","2007","11","14",NA,"Brasil","Minas Gerais","Alvorada de Minas","Itapanhoacanga","-43.443056","-18.7975","-43.443056","-18.7975",NA,NA,NA,NA,"SPF00186784",NA,NA,NA,NA,"08",NA,NA,NA,NA,NA
"70","2019-11-13 11:21:52-03","USP","SPF","183582","PreservedSpecimen","Plantae",NA,NA,"Leguminosae","Chamaecrista","debilis","Chamaecrista debilis","(Vogel) H.S.Irwin & Barneby","Coutinho, IAC","2011","Mello-Silva, R","2952","2007","11","14",NA,"Brasil","Minas Gerais","Alvorada de Minas",NA,"-43.443056","-18.7975","-43.443056","-18.7975","846","846",NA,NA,"SPF00183582",NA,NA,NA,NA,"07",NA,NA,NA,NA,NA
"71","2019-11-13 11:21:59-03","USP","SPF","74790","PreservedSpecimen","Plantae",NA,NA,"Leguminosae","Chamaecrista","ochnacea","Chamaecrista ochnacea mollis","(H.S.Irwin & Barneby) H.S.Irwin & Barneby","Hervencio, P","1997","Arbo, MM","4316","1990","05","17",NA,"Brasil","Minas Gerais","Alvorada de Minas",NA,"-43.45","-18.766667","-43.45","-18.766667","860","860",NA,NA,"SPF00074790",NA,"mollis",NA,NA,"03",NA,NA,NA,NA,NA
"72","2019-11-13 11:21:59-03","USP","SPF","183787","PreservedSpecimen","Plantae",NA,NA,"Leguminosae","Chamaecrista","olesiphylla","Chamaecrista olesiphylla","(Vogel) H.S.Irwin & Barneby","Rando, JG","2008","Forzza, RC","4844","2007","11","14",NA,"Brasil","Minas Gerais","Alvorada de Minas",NA,"-43.443056","-18.7975","-43.443056","-18.7975",NA,NA,NA,NA,"SPF00183787",NA,NA,NA,NA,"04",NA,NA,NA,NA,NA
"73","2019-11-13 11:21:59-03","USP","SPF","194692","PreservedSpecimen","Plantae",NA,NA,"Leguminosae","Chamaecrista","olesiphylla","Chamaecrista olesiphylla","(Vogel) H.S.Irwin & Barneby","Rando, JG","2011","Menini Neto, L","707","2009","05","24",NA,"Brasil","Minas Gerais","Alvorada de Minas","Itapanhoacanga","-43.443333","-18.798333","-43.443333","-18.798333","838","838",NA,NA,"SPF00194692",NA,NA,NA,NA,"01",NA,NA,NA,NA,NA
"74","2019-11-13 11:22:06-03","USP","SPF","76398","PreservedSpecimen","Plantae",NA,NA,"Leguminosae","Cleobulia","multiflora","Cleobulia multiflora","Mart. ex Benth.","Queiroz, LP","1995","Arbo, MM","4337","1990","05","17",NA,"Brasil","Minas Gerais","Alvorada de Minas","Serra do Espinhaço","-43.45","-18.766667","-43.45","-18.766667","800","800",NA,NA,"SPF00076398",NA,NA,NA,NA,"10",NA,NA,NA,NA,NA
"75","2019-11-13 11:25:17-03","USP","SPF","183598","PreservedSpecimen","Plantae",NA,NA,"Melastomataceae","Clidemia","urceolata","Clidemia urceolata","DC.","Valente, B","2018","Mello-Silva, R","2945","2007","11","14",NA,"Brasil","Minas Gerais","Alvorada de Minas",NA,"-43.443056","-18.7975","-43.443056","-18.7975","846","846",NA,NA,"SPF00183598",NA,NA,NA,NA,"03",NA,NA,NA,NA,NA
"76","2019-11-13 11:25:17-03","USP","SPF","77321","PreservedSpecimen","Plantae",NA,NA,"Melastomataceae","Clidemia","urceolata","Clidemia urceolata","DC.","Wurdack, JJ","1991","Arbo, MM","4333","1990","05","17",NA,"Brasil","Minas Gerais","Alvorada de Minas","Serra do Espinhaço","-43.45","-18.766667","-43.45","-18.766667",NA,NA,NA,NA,"SPF00077321",NA,NA,NA,NA,NA,NA,NA,NA,NA,NA
"77","2019-11-13 11:29:54-03","USP","SPF","122796","PreservedSpecimen","Plantae",NA,NA,"Rubiaceae","Coccocypselum","lanceolatum","Coccocypselum lanceolatum","(Ruiz & Pav.) Pers.","Cabral, E","1990","Arbo, MM","4338","1990","05","17",NA,"Brasil","Minas Gerais","Alvorada de Minas",NA,"-43.45","-18.766667","-43.45","-18.766667","800","800",NA,NA,"SPF00122796",NA,NA,NA,NA,NA,NA,NA,NA,NA,NA
"78","2019-11-13 11:18:32-03","USP","SPF","185313","PreservedSpecimen","Plantae",NA,NA,"Cyperaceae","Cryptangium","minarum","Cryptangium minarum","(Nees) Boeckeler","Costa, SM","2016","Mello-Silva, R","2944","2007","11","14",NA,"Brasil","Minas Gerais","Alvorada de Minas",NA,"-43.443056","-18.7975","-43.443056","-18.7975","846","846",NA,NA,"SPF00185313",NA,NA,NA,NA,"07",NA,NA,NA,NA,NA
"79","2019-11-13 11:23:51-03","USP","SPF","183595","PreservedSpecimen","Plantae",NA,NA,"Lythraceae","Cuphea","adenophylla","Cuphea adenophylla","T.B.Cavalc.","Cavalcanti, TB","2015","Mello-Silva, R","2940","2007","11","14",NA,"Brasil","Minas Gerais","Alvorada de Minas","Itapanhoacanga","-43.466389","-18.807222","-43.466389","-18.807222","1084","1084",NA,NA,"SPF00183595",NA,NA,NA,NA,"09",NA,NA,NA,NA,NA
"80","2019-11-13 11:29:29-03","USP","SPF","183614","PreservedSpecimen","Plantae",NA,NA,"Primulaceae","Cybianthus","glaber","Cybianthus glaber","A.DC.","Santos, MF","2008","Mello-Silva, R","2946","2007","11","14",NA,"Brasil","Minas Gerais","Alvorada de Minas",NA,"-43.443056","-18.7975","-43.443056","-18.7975","846","846",NA,NA,"SPF00183614",NA,NA,NA,NA,NA,NA,NA,NA,NA,NA
"81","2019-11-13 11:29:59-03","USP","SPF","193085","PreservedSpecimen","Plantae",NA,NA,"Rubiaceae","Declieuxia",NA,"Declieuxia",NA,NA,NA,"Menini Neto, L","713","2009","05","24",NA,"Brasil","Minas Gerais","Alvorada de Minas","Itapanhoacanga","-43.443333","-18.798333","-43.443333","-18.798333","838","838",NA,NA,"SPF00193085",NA,NA,NA,NA,NA,NA,NA,NA,NA,NA
"82","2019-11-13 11:30:00-03","USP","SPF","74776","PreservedSpecimen","Plantae",NA,NA,"Rubiaceae","Declieuxia","diamantinae","Declieuxia diamantinae","J.H.Kirkbr.","Cabral, E","1990","Arbo, MM","4305","1990","05","17",NA,"Brasil","Minas Gerais","Alvorada de Minas",NA,"-43.45","-18.766667","-43.45","-18.766667","860","860",NA,NA,"SPF00074776",NA,NA,NA,NA,NA,NA,NA,NA,NA,NA
"83","2019-11-13 11:24:03-03","USP","SPF","194696","PreservedSpecimen","Plantae",NA,NA,"Lythraceae","Diplusodon","minasensis","Diplusodon minasensis","Lourteig","Cavalcanti, TB","2015","Menini Neto, L","714","2009","05","24",NA,"Brasil","Minas Gerais","Alvorada de Minas","Itapanhoacanga","-43.443333","-18.798333","-43.443333","-18.798333","838","838",NA,NA,"SPF00194696",NA,NA,NA,NA,"09",NA,NA,NA,NA,NA
"84","2019-11-13 11:26:20-03","USP","SPF","74882","PreservedSpecimen","Plantae",NA,NA,"Metteniusaceae","Emmotum","nitens","Emmotum nitens","(Benth.) Miers","Pirani, JR","1993","Arbo, MM","4322","1990","05","17",NA,"Brasil","Minas Gerais","Alvorada de Minas",NA,"-43.45","-18.766667","-43.45","-18.766667",NA,NA,NA,NA,"SPF00074882",NA,NA,NA,NA,NA,NA,NA,NA,NA,NA
"85","2019-11-13 11:26:42-03","USP","SPF","185578","PreservedSpecimen","Plantae",NA,NA,"Myrtaceae","Eugenia","brunneopubescens","Eugenia brunneopubescens","Mazine","Stadnik, A","2019","Forzza, RC","4841","2007","11","14",NA,"Brasil","Minas Gerais","Alvorada de Minas","Itapanhoacanga","-43.466389","-18.807222","-43.466389","-18.807222","1084","1084",NA,NA,"SPF00185578",NA,NA,NA,NA,"07",NA,NA,NA,NA,NA
"86","2019-11-13 11:24:29-03","USP","SPF","186739","PreservedSpecimen","Plantae",NA,NA,"Malpighiaceae","Heteropterys",NA,"Heteropterys",NA,NA,NA,"Forzza, RC","4845","2007","11","14",NA,"Brasil","Minas Gerais","Alvorada de Minas","Itapanhoacanga, Estrada Itapanhoacanga - Cachoeira Campinas, 3 km de Itapanhoacanga. Grande lajeado com ilhas de vegetação, arbustos entre rochas e pequena mata ciliar.","-43.443056","-18.7975","-43.443056","-18.7975",NA,NA,NA,"Arbusto sobre afloramento rochoso, muito ramificado. Frutos verdes com alas rosadas.","SPF00186739","SPF00186739",NA,NA,NA,NA,NA,NA,NA,NA,NA
"87","2019-11-13 11:24:32-03","USP","SPF","185802","PreservedSpecimen","Plantae",NA,NA,"Malpighiaceae","Heteropterys","pteropetala","Heteropterys pteropetala","A.Juss.","Amorim, AMA","2010","Forzza, RC","4847","2007","11","14",NA,"Brasil","Minas Gerais","Alvorada de Minas","Itapanhoacanga, Estrada Itapanhoacanga - Cachoeira Campinas, 3 km de Itapanhoacanga. Grande lajeado com ilha de vegetação, arbustos entre rochas e pequena mata ciliar.","-43.443056","-18.7975","-43.443056","-18.7975",NA,NA,NA,"Arbusto ca. 1.5 m alt. Folhas discolores. Flores com cálice ferrugíneo; pétalas no botão róseas.","SPF00185802","SPF00185802",NA,NA,NA,NA,NA,NA,NA,NA,NA
"88","2019-11-13 11:24:51-03","USP","SPF","185355","PreservedSpecimen","Plantae",NA,NA,"Malvaceae","Hibiscus","multiformis","Hibiscus multiformis","A.St.-Hil.","Rigueiral, LHG","2017","Forzza, RC","4842","2007","11","14",NA,"Brasil","Minas Gerais","Alvorada de Minas","Itapanhoacanga. Estrada Itapanhoacanga - Tapera, 7 km de Itapanhoacanga. Grande paredão quartzítico próximo à estrada. No alto da serra. Campo rupestre.","-43.466389","-18.807222","-43.466389","-18.807222","1084","1084",NA,NA,"SPF00185355",NA,NA,NA,NA,"02",NA,NA,NA,NA,NA
"89","2019-11-13 11:28:49-03","USP","SPF","186431","PreservedSpecimen","Plantae",NA,NA,"Poaceae","Ichnanthus",NA,"Ichnanthus",NA,NA,NA,"Forzza, RC","4850","2007","11","15",NA,"Brasil","Minas Gerais","Alvorada de Minas",NA,"-43.436111","-18.805","-43.436111","-18.805","700","700",NA,NA,"SPF00186431","SPF00186431",NA,NA,NA,NA,NA,NA,NA,NA,NA
"90","2019-11-13 11:17:29-03","USP","SPF","74775","PreservedSpecimen","Plantae",NA,NA,"Calophyllaceae","Kielmeyera","regalis","Kielmeyera regalis","Saddi","Cometti, JP","2000","Arbo, MM","4304","1990","05","17",NA,"Brasil","Minas Gerais","Alvorada de Minas",NA,"-43.45","-18.766667","-43.45","-18.766667","860","860",NA,NA,"SPF00074775",NA,NA,NA,NA,"06",NA,NA,NA,NA,NA
"91","2019-11-13 11:21:22-03","USP","SPF","212486","PreservedSpecimen","Plantae",NA,NA,"Leguminosae",NA,NA,NA,NA,NA,NA,"Lovo, J; Loeuille, B; Mello-Silva, R; Alcantara, SF","263","2011","11","19",NA,"Brasil","Minas Gerais","Alvorada de Minas","Cachoeira da Campina. 3 km de Itapanhoacanga.","-43.436611","-18.805278","-43.436611","-18.805278","672","672",NA,"Arvoreta 1,8 m alt. Folhas discolores, face abaxial verde mais claro. Flores brancas. Filetes verde claros. Anteras amarelas.; Mata ciliar em pequeno córrego, afluente do Córrego da Cachoeira.","SPF00212486",NA,NA,NA,NA,NA,NA,NA,NA,NA,NA
"92","2020-02-03 14:46:01-03","USP","SPF","76394","PreservedSpecimen","Plantae",NA,NA,"Euphorbiaceae","Mabea","fistulifera","Mabea fistulifera","Mart.","Cordeiro, I","1991","Arbo, MM","4329","1990","05","17",NA,"Brasil","Minas Gerais","Alvorada de Minas","Alrededores de Itapanhoacanga, base de la Serra do Espinhaço. Selva degradada, suelo rojo.","-43.45","-18.766667","-43.45","-18.766667","800","800",NA,"Arbol 6 m, enves foliar ferrugineo a ambos lados de la vena media, inflorescência pendula, flores femininas ferrugineas, estigma verde, masculinas rosadas.","SPF00076394",NA,NA,NA,NA,NA,NA,NA,NA,NA,NA
"93","2019-11-13 11:25:26-03","USP","SPF","183599","PreservedSpecimen","Plantae",NA,NA,"Melastomataceae","Macairea","radula","Macairea radula","(Bonpl.) DC.","Pirani, JR","2008","Mello-Silva, R","2956","2007","11","15",NA,"Brasil","Minas Gerais","Alvorada de Minas","Itapanhoacanga","-43.436111","-18.805","-43.436111","-18.805","700","700",NA,NA,"SPF00183599",NA,NA,NA,NA,NA,NA,NA,NA,NA,NA
"94","2019-11-13 11:15:07-03","USP","SPF","186093","PreservedSpecimen","Plantae",NA,NA,"Apocynaceae","Mandevilla","pycnantha","Mandevilla pycnantha","(Steud.) Woodson","Pirani, JR","2008","Mello-Silva, R","2941","2007","11","14",NA,"Brasil","Minas Gerais","Alvorada de Minas","Itapanhoacanga, Estrada Itapanhoacanga - Tapera, 7 km de Itapanhoacanga. Grande paredão quartizítico próximo à estrada. No alto da serra. Afloramentos rochosos.","-43.466389","-18.807222","-43.466389","-18.807222","1084","1084",NA,"Arbusto ca. 1.5-2 m alt., entre rochas. Folhas discolores, verde-escuro brilhante na face adaxial. Cálice verde. Corola cor de vinho.","SPF00186093",NA,NA,NA,NA,NA,NA,NA,NA,NA,NA
"95","2019-11-13 11:25:33-03","USP","SPF","186148","PreservedSpecimen","Plantae",NA,NA,"Melastomataceae","Miconia","chamissois","Miconia chamissois","Naudin","Pirani, JR","2008","Mello-Silva, R","2951","2007","11","14",NA,"Brasil","Minas Gerais","Alvorada de Minas",NA,"-43.443056","-18.7975","-43.443056","-18.7975","846","846",NA,NA,"SPF00186148",NA,NA,NA,NA,NA,NA,NA,NA,NA,NA
"96","2019-11-13 11:25:36-03","USP","SPF","186165","PreservedSpecimen","Plantae",NA,NA,"Melastomataceae","Miconia","ibaguensis","Miconia ibaguensis","(Bonpl.) Triana","Rezende, AR","2011","Monteiro, RF","217","2007","12","15",NA,"Brasil","Minas Gerais","Alvorada de Minas","Itapanhoacanga","-43.436667","-18.802778","-43.436667","-18.802778","470","470",NA,NA,"SPF00186165",NA,NA,NA,NA,NA,NA,NA,NA,NA,NA
"97","2019-11-13 11:25:36-03","USP","SPF","77320","PreservedSpecimen","Plantae",NA,NA,"Melastomataceae","Miconia","ibaguensis","Miconia ibaguensis","(Bonpl.) Triana","Wurdack, JJ","1991","Arbo, MM","4331","1990","05","17",NA,"Brasil","Minas Gerais","Alvorada de Minas",NA,"-43.45","-18.766667","-43.45","-18.766667","800","800",NA,NA,"SPF00077320",NA,NA,NA,NA,NA,NA,NA,NA,NA,NA
"98","2019-11-13 11:25:47-03","USP","SPF","74783","PreservedSpecimen","Plantae",NA,NA,"Melastomataceae","Microlicia","macrophylla","Microlicia macrophylla","Naudin","Romero, R","1998","Arbo, MM","4308","1990","05","17",NA,"Brasil","Minas Gerais","Alvorada de Minas",NA,"-43.45","-18.766667","-43.45","-18.766667",NA,NA,NA,NA,"SPF00074783",NA,NA,NA,NA,"05",NA,NA,NA,NA,NA
"99","2020-02-03 14:46:06-03","USP","SPF","74881","PreservedSpecimen","Plantae",NA,NA,"Euphorbiaceae","Microstachys","daphnoides","Microstachys daphnoides","(Mart.) Müll.Arg.","Cordeiro, I","2008","Arbo, MM","4321","1990","05","17",NA,"Brasil","Minas Gerais","Alvorada de Minas","Alrededores de Itapanhoacanga, base de la Serra do Espinhaço. Ladera de cerro con afloramientos rocosos cuarciticos.","-46.45","-18.766667","-46.45","-18.766667","860","860",NA,"Arbusto 1.5 m, eje inflorescencia verde, flores femininas rojizas, masculinas verdes.","SPF00074881",NA,NA,NA,NA,"04",NA,NA,NA,NA,NA
"100","2020-02-03 14:46:06-03","USP","SPF","74785","PreservedSpecimen","Plantae",NA,NA,"Euphorbiaceae","Microstachys","daphnoides","Microstachys daphnoides","(Mart.) Müll.Arg.","Cordeiro, I","2008","Arbo, MM","4310","1990","05","17",NA,"Brasil","Minas Gerais","Alvorada de Minas","Arredores de Itapanhoacanga, base de la Serra do Espinhaço. Ladera de cerro con afloramientos rocosos cuarciticos y borde de selva.","-43.45","-18.766667","-43.45","-18.766667","860","860",NA,"Arbusto 1-2 m, hojas viejas rojas, eje rojizo, flores femeninas rojas, masculinas amarillo-verdosas.","SPF00074785",NA,NA,NA,NA,NA,NA,NA,NA,NA,NA
"101","2019-11-13 11:22:55-03","USP","SPF","183793","PreservedSpecimen","Plantae",NA,NA,"Leguminosae","Moldenhawera","emarginata","Moldenhawera emarginata","(Spreng.) L.P.Queiroz & Allkin","Borges, LM","2008","Monteiro, RF","210","2007","11","14",NA,"Brasil","Minas Gerais","Alvorada de Minas",NA,"-43.443056","-18.7975","-43.443056","-18.7975",NA,NA,NA,NA,"SPF00183793",NA,NA,NA,NA,NA,NA,NA,NA,NA,NA
"102","2019-11-13 11:27:10-03","USP","SPF","185599","PreservedSpecimen","Plantae",NA,NA,"Myrtaceae","Myrcia","rosangelae","Myrcia rosangelae","NicLugh.","Stadnik, A; Melo, JDO","2019","Monteiro, RF","216","2007","11","15",NA,"Brasil","Minas Gerais","Alvorada de Minas",NA,"-43.436667","-18.802778","-43.436667","-18.802778","470","470",NA,NA,"SPF00185599",NA,NA,NA,NA,"07",NA,NA,NA,NA,NA
"103","2019-11-13 11:18:19-03","USP","SPF","76277","PreservedSpecimen","Plantae",NA,NA,"Convolvulaceae","Odonellia","eriocephala","Odonellia eriocephala","(Moric.) K.R.Robertson","Simão-Bianchini, R",NA,"Arbo, MM","4332","1990","05","17",NA,"Brasil","Minas Gerais","Alvorada de Minas",NA,"-43.45","-18.766667","-43.45","-18.766667","800","800",NA,NA,"SPF00076277","SPF00076277",NA,NA,NA,NA,NA,NA,NA,NA,NA
"104","2019-11-13 11:27:50-03","USP","SPF","77312","PreservedSpecimen","Plantae",NA,NA,"Oxalidaceae","Oxalis","cytisoides","Oxalis cytisoides","Mart. ex Zucc.","Lourteig, A","1991","Arbo, MM","4330","1990","05","17",NA,"Brasil","Minas Gerais","Alvorada de Minas",NA,"-43.45","-18.766667","-43.45","-18.766667","800","800",NA,NA,"SPF00077312",NA,NA,NA,NA,NA,NA,NA,NA,NA,NA
"105","2019-11-13 11:28:56-03","USP","SPF","167835","PreservedSpecimen","Plantae",NA,NA,"Poaceae","Panicum","subulatum","Panicum subulatum","Spreng.","Viana, PL","2007","Forzza, RC","3730","2004","12","14",NA,"Brasil","Minas Gerais","Alvorada de Minas",NA,"-43.480833","-18.808611","-43.480833","-18.808611","1080","1080",NA,NA,"SPF00167835","SPF00167835",NA,NA,NA,"10",NA,NA,NA,NA,NA
"106","2019-11-13 11:24:58-03","USP","SPF","185351","PreservedSpecimen","Plantae",NA,NA,"Malvaceae","Pavonia","viscosa","Pavonia viscosa","A.St.-Hil.","Fernandes Jr, AJ","2010","Mello-Silva, R","2498","2007","11","14",NA,"Brasil","Minas Gerais","Alvorada de Minas","Itapanhoacanga. Estrada Itapanhoacanga - cachoeira Campinas, 3 km de Itapanhoacanga.","-43.443056","-18.7975","-43.443056","-18.7975","846","846",NA,NA,"SPF00185351",NA,NA,NA,NA,"11",NA,NA,NA,NA,NA
"107","2019-11-13 11:24:58-03","USP","SPF","78637","PreservedSpecimen","Plantae",NA,NA,"Malvaceae","Pavonia","viscosa","Pavonia viscosa","A.St.-Hil.","Krapovickas, A","1990","Arbo, MM","4311","1990","05","17",NA,"Brasil","Minas Gerais","Alvorada de Minas","Alrededores de Itapanhoacanga, base de la Serra do Espinhaço.","-43.45","-18.766667","-43.45","-18.766667","860","860",NA,NA,"SPF00078637",NA,NA,NA,NA,NA,NA,NA,NA,NA,NA
"108","2019-11-13 11:24:37-03","USP","SPF","76405","PreservedSpecimen","Plantae",NA,NA,"Malpighiaceae","Peixotoa","parviflora","Peixotoa parviflora","A.Juss.","Anderson, CE","1990","Arbo, MM","4336","1990","05","17",NA,"Brasil","Minas Gerais","Alvorada de Minas","Alrededores de Itapanhoacanga, base de la Serra do Espinhaço. Selva degradada, suelo rojo.","-43.45","-18.766667","-43.45","-18.766667","800","800",NA,"Arbusto con ramas largas, ascendentes, apoyantes; flores amarillas.","SPF00076405","SPF00076405 SPF00076405_1",NA,NA,NA,NA,NA,NA,NA,NA,NA
"109","2019-11-13 11:16:30-03","USP","SPF","214834","PreservedSpecimen","Plantae",NA,NA,"Asteraceae","Piptolepis","buxoides","Piptolepis buxoides","(Less.) Sch.Bip.","Loeuille, B","2011","Loeuille, B","599","2011","11","19",NA,"Brasil","Minas Gerais","Alvorada de Minas","Itapanhoacanga","-43.436611","-18.805278","-43.436611","-18.805278","672","672",NA,NA,"SPF00214834",NA,NA,NA,NA,"11",NA,"19",NA,NA,NA
"110","2019-11-13 11:17:15-03","USP","SPF","185227","PreservedSpecimen","Plantae",NA,NA,"Burseraceae","Protium","spruceanum","Protium spruceanum","(Benth.) Engl.","Pirani, JR","2008","Mello-Silva, R","2953","2007","11","15",NA,"Brasil","Minas Gerais","Alvorada de Minas","Itapanhoacanga. Cachoeira Campinas, 3.2 km de Itapanhoacanga. Riacho entre rochas e pequeno campo rupestre em região de mata, agora derrubada.","-43.436111","-18.805","-43.436111","-18.805","700","700",NA,"Árvore 3 m alt., na cala do riacho. Pedicelo verde. Perianto verde-claro. Frutos corde-de-vinho.","SPF00185227",NA,NA,NA,NA,NA,NA,NA,NA,NA,NA
"111","2019-11-13 11:17:15-03","USP","SPF","189812","PreservedSpecimen","Plantae",NA,NA,"Burseraceae","Protium","spruceanum","Protium spruceanum","(Benth.) Engl.","Pirani, JR",NA,"Monteiro, RF","211","2007","11","14",NA,"Brasil","Minas Gerais","Alvorada de Minas","Itapanhoacanga, Estrada Itapanhoacanga - Cachoeira Campinas, 3 km de Itapanhoacanga. Grande lajeado com ilhas de vegetação, arbustos entre rochas e pequena mata ciliar.","-43.443056","-18.7975","-43.443056","-18.7975",NA,NA,NA,"Arvoreta ca. 2 m alt. Folhas discolores. Frutos verdes.","SPF00189812",NA,NA,NA,NA,NA,NA,NA,NA,NA,NA
"112","2019-11-13 11:30:21-03","USP","SPF","212485","PreservedSpecimen","Plantae",NA,NA,"Rubiaceae","Psychotria","capitata","Psychotria capitata","Ruiz & Pav.","Borges, RL","2015","Lovo, J; Loeuille, B; Mello-Silva, R; Alcantara, SF","262","2011","11","19",NA,"Brasil","Minas Gerais","Alvorada de Minas","Cachoeira da Campina. 3 km de Itapanhoacanga.","-43.436611","-18.805278","-43.436611","-18.805278","672","672",NA,"Arbusto, 70 cm alt. Flores alvas.; Mata ciliar em pequeno córrego, afluente do Córrego da Cachoeira.","SPF00212485",NA,NA,NA,NA,"10",NA,NA,NA,NA,NA
"113","2019-11-13 11:30:30-03","USP","SPF","74788","PreservedSpecimen","Plantae",NA,NA,"Rubiaceae","Psyllocarpus","laricoides","Psyllocarpus laricoides","Mart. ex Mart. & Zucc.","Cabral, E","1990","Arbo, MM","4314","1990","05","17",NA,"Brasil","Minas Gerais","Alvorada de Minas",NA,"-43.45","-18.766667","-43.45","-18.766667","860","860",NA,NA,"SPF00074788",NA,NA,NA,NA,NA,NA,NA,NA,NA,NA
"114","2019-11-13 11:30:32-03","USP","SPF","74883","PreservedSpecimen","Plantae",NA,NA,"Rubiaceae","Remijia","ferruginea","Remijia ferruginea","(A.St.-Hil.) DC.","Mello-Silva, R","1990","Arbo, MM","4323","1990","05","17",NA,"Brasil","Minas Gerais","Alvorada de Minas",NA,"-43.45","-18.766667","-43.45","-18.766667","860","860",NA,NA,"SPF00074883",NA,NA,NA,NA,NA,NA,NA,NA,NA,NA
"115","2019-11-13 11:18:53-03","USP","SPF","185317","PreservedSpecimen","Plantae",NA,NA,"Cyperaceae","Rhynchospora","rugosa","Rhynchospora rugosa","(Vahl) Gale","Weber, PAP","2013","Mello-Silva, R","2947","2007","11","14",NA,"Brasil","Minas Gerais","Alvorada de Minas","Estrada Itapanhoacanga - Cachoeira Campinas.","-43.443056","-18.7975","-43.443056","-18.7975","846","846",NA,NA,"SPF00185317",NA,NA,NA,NA,NA,NA,NA,NA,NA,NA
"116","2019-11-13 11:29:01-03","USP","SPF","167834","PreservedSpecimen","Plantae",NA,NA,"Poaceae","Rhytachne",NA,"Rhytachne",NA,NA,NA,"Forzza, RC","3729","2004","12","14",NA,"Brasil","Minas Gerais","Alvorada de Minas",NA,"-43.480833","-18.808611","-43.480833","-18.808611","1080","1080",NA,NA,"SPF00167834","SPF00167834",NA,NA,NA,NA,NA,NA,NA,NA,NA
"117","2019-11-13 11:18:54-03","USP","SPF","186430","PreservedSpecimen","Plantae",NA,NA,"Cyperaceae","Scleria",NA,"Scleria",NA,NA,NA,"Forzza, RC","4846","2007","11","14",NA,"Brasil","Minas Gerais","Alvorada de Minas","Itapanhoacanga.","-43.443056","-18.7975","-43.443056","-18.7975",NA,NA,NA,NA,"SPF00186430",NA,NA,NA,NA,NA,NA,NA,NA,NA,NA
"118","2019-11-13 11:32:52-03","USP","SPF","188135","PreservedSpecimen","Plantae",NA,NA,"Verbenaceae","Stachytarpheta",NA,"Stachytarpheta",NA,NA,NA,"Monteiro, RF","209","2007","11","14",NA,"Brasil","Minas Gerais","Alvorada de Minas",NA,"-43.466389","-18.807222","-43.466389","-18.807222","1084","1084",NA,NA,"SPF00188135","SPF00188135",NA,NA,NA,NA,NA,NA,NA,NA,NA
"119","2019-11-13 11:32:55-03","USP","SPF","74787","PreservedSpecimen","Plantae",NA,NA,"Verbenaceae","Stachytarpheta","glabra","Stachytarpheta glabra","Cham.","Anônimo",NA,"Arbo, MM","4313","1990","05","17",NA,"Brasil","Minas Gerais","Alvorada de Minas",NA,"-43.45","-18.766667","-43.45","-18.766667","860","860",NA,NA,"SPF00074787","SPF00074787",NA,NA,NA,NA,NA,NA,NA,NA,NA
"120","2019-11-13 11:23:47-03","USP","SPF","183590","PreservedSpecimen","Plantae",NA,NA,"Loranthaceae","Struthanthus",NA,"Struthanthus",NA,NA,NA,"Mello-Silva, R","2954","2007","11","15",NA,"Brasil","Minas Gerais","Alvorada de Minas",NA,"-43.436111","-18.805","-43.436111","-18.805","700","700",NA,NA,"SPF00183590",NA,NA,NA,NA,NA,NA,NA,NA,NA,NA
"121","2019-11-13 11:23:18-03","USP","SPF","74777","PreservedSpecimen","Plantae",NA,NA,"Leguminosae","Stylosanthes","ruellioides","Stylosanthes ruellioides","Mart. ex Benth.","Siniscalchi, CM","2011","Arbo, MM","4306","1990","05","17",NA,"Brasil","Minas Gerais","Alvorada de Minas",NA,"-43.45","-18.766667","-43.45","-18.766667","860","860",NA,NA,"SPF00074777",NA,NA,NA,NA,"03",NA,NA,NA,NA,NA
"122","2019-11-13 11:14:30-03","USP","SPF","76268","PreservedSpecimen","Plantae",NA,NA,"Anacardiaceae","Tapirira","guianensis","Tapirira guianensis","Aubl.","Schinini, A","1990","Arbo, MM","4334","1990","05","17",NA,"Brasil","Minas Gerais","Alvorada de Minas","Alrededores de Itapanhoacan, base de la Serra do Espinhaço. Selva degradada, suelo rojo.","-43.45","-18.766667","-43.45","-18.766667","800","800",NA,"Arbol 4-5 m.","SPF00076268",NA,NA,NA,NA,NA,NA,NA,NA,NA,NA
"123","2019-11-13 11:28:01-03","USP","SPF","175843","PreservedSpecimen","Plantae",NA,NA,"Passifloraceae","Turnera","capitata","Turnera capitata capitata","Cambess.","Arbo, MM","1990","Arbo, MM","4335","1990","05","17",NA,"Brasil","Minas Gerais","Alvorada de Minas","Alrededores de Itapanhoacanga, base de la Serra do Espinhaço.","-43.45","-18.766667","-43.45","-18.766667","800","800",NA,NA,"SPF00175843",NA,"capitata",NA,NA,NA,NA,NA,NA,NA,NA
"124","2019-11-13 11:28:04-03","USP","SPF","166159","PreservedSpecimen","Plantae",NA,NA,"Passifloraceae","Turnera","orientalis","Turnera orientalis","(Urb.) Arbo","Arbo, MM","1990","Arbo, MM","4341","1990","05","17",NA,"Brasil","Minas Gerais","Alvorada de Minas","Alrededores de Itapanhoacanga, base de la Serra do Espinhaço.","-43.45","-18.766667","-43.45","-18.766667","800","800",NA,NA,"SPF00166159",NA,NA,NA,NA,NA,NA,NA,NA,NA,NA
"125","2019-11-13 11:13:45-03","USP","SPF","100152","PreservedSpecimen","Plantae",NA,NA,"Acanthaceae","Aphelandra","schottiana","Aphelandra schottiana","(Nees) Profice","Fernandes, UG","2018","Werneck, MS","s.n.","1990","04","30",NA,"Brasil","Minas Gerais","Alvorada de Minas",NA,"-43.3652992248535","-18.7360992431641",NA,NA,NA,NA,NA,NA,"SPF00100152","SPF00100152",NA,"18475","auto","10",NA,NA,NA,NA,NA
"126","2019-11-13 11:17:24-03","USP","SPF","191356","PreservedSpecimen","Plantae",NA,NA,"Cactaceae","Rhipsalis","russellii","Rhipsalis russellii","Britton & Rose","Calvente, AM","2005","Calvente, AM","184","2005","12","12",NA,"Brasil","Minas Gerais","Alvorada de Minas",NA,"-43.3652992248535","-18.7360992431641",NA,NA,NA,NA,NA,NA,"SPF00191356",NA,NA,"18475","auto",NA,NA,NA,NA,NA,NA
"127","2019-11-13 11:24:24-03","USP","SPF","74786","PreservedSpecimen","Plantae",NA,NA,"Malpighiaceae","Byrsonima","variabilis","Byrsonima variabilis","A.Juss.","Anderson, WR","1990","Arbo, MM","4312","1990","05","17",NA,"Brasil","Minas Gerais","Alvorada de Minas","Alrededores de Itapanhoacanga, base de la Serra do Espinhaço. Ladera de cerro con afloramientos rocos cuarciticos.","-43.3652992248535","-18.7360992431641",NA,NA,"860","860",NA,"Arbusto 1.5 m, enves foliar cobrizo, petalos blancos virando a rosa.","SPF00074786","SPF00074786 SPF00074786_1",NA,"18475","auto",NA,NA,NA,NA,NA,NA
"128","2019-11-13 11:17:51-03","USP","SPF","143705","PreservedSpecimen","Plantae",NA,NA,"Chrysobalanaceae","Licania","kunthiana","Licania kunthiana","Hook.f.","Prance, GT","1998","Hatschbach, G","67453","1997","11","24",NA,"Brasil","Minas Gerais","Alvorada de Minas","Itapanhoacanga","-43.3652992248535","-18.7360992431641",NA,NA,NA,NA,NA,NA,"SPF00143705",NA,NA,"18475","auto",NA,NA,NA,NA,NA,NA
"129","2019-11-13 11:31:17-03","USP","SPF","179219","PreservedSpecimen","Plantae",NA,NA,"Salicaceae","Casearia","decandra","Casearia decandra","Jacq.","Viana, PL","2006","Viana, PL","2295","2006","09","08",NA,"Brasil","Minas Gerais","Alvorada de Minas","Itapanhoacanga","-43.3652992248535","-18.7360992431641",NA,NA,NA,NA,NA,NA,"SPF00179219",NA,NA,"18475","auto","10",NA,NA,NA,NA,NA
"130","2019-11-13 11:29:59-03","USP","SPF","179228","PreservedSpecimen","Plantae",NA,NA,"Rubiaceae","Declieuxia",NA,"Declieuxia",NA,NA,NA,"Viana, PL","2314","2006","09","08",NA,"Brasil","Minas Gerais","Alvorada de Minas","Itapanhoacanga","-43.3652992248535","-18.7360992431641",NA,NA,NA,NA,NA,NA,"SPF00179228",NA,NA,"18475","auto",NA,NA,NA,NA,NA,NA
"131","2019-10-07 09:24:43-03","UEFS","HUEFS","137076","PreservedSpecimen","Plantae","Angiospermae","Fabales","Leguminosae Subfam. Caesalpinioideae","Chamaecrista","olesiphylla","Chamaecrista olesiphylla","(Vogel) H.S.Irwin & Barneby","L.P.de Queiroz","2011","Forzza, R.C.","4844","2007","11","14",NA,"Brasil","Minas Gerais","Alvorada de Minas","Itapanhoacanga. Estrada Itapanhoacanga - Cachoeira Campinas, 3 km de Itapanhoacanga. Grande lajeado com ilhas de vegetação, arbustos entre rochas e pequena mata ciliar.","-43.443056","-18.7975","43W26'35''","18S47'51''",NA,NA,NA,"Pequena mata Ciliar.","HUEFS0137076","HUEFS0137076",NA,NA,NA,"04",NA,NA,NA,"Rosanae",NA
"132","2019-10-07 09:14:18-03","UEFS","HUEFS","189085","PreservedSpecimen","Plantae","Angiospermae","Gentianales","Rubiaceae","Declieuxia","diamantinae","Declieuxia diamantinae","J.H.Kirkbr.",NA,NA,"Arbo, M.M.","4305","1990","05","17",NA,"Brasil","Minas Gerais","Alvorada de Minas","Alrededores de Itapanhoacanga, base de la Serra do Espinhaco.","-43.45","-18.766667","43W27'","18S46'","860","860",NA,NA,"HUEFS0189085","HUEFS0189085",NA,NA,NA,NA,NA,NA,NA,"Asteranae",NA
"133","2019-10-07 09:24:13-03","UEFS","HUEFS","226570","PreservedSpecimen","Plantae","Angiospermae","Fabales","Leguminosae",NA,NA,NA,NA,NA,NA,"Faria, J.E.Q.","5980","2016","06","08",NA,"Brasil","Minas Gerais","Alvorada de Minas","Distrito de Itapanhoacanga, margem da rodovia entre Serro e Conceição do Mato Dentro","-43.413611","-18.783889","43W24'49''","18S47'2''",NA,NA,NA,"Mata semidecídua antropizada.","HUEFS0226570",NA,NA,NA,NA,NA,NA,NA,NA,"Rosanae",NA
"134","2019-10-07 09:21:18-03","UEFS","HUEFS","81752","PreservedSpecimen","Plantae","Angiospermae","Poales","Eriocaulaceae","Paepalanthus","bifidus","Paepalanthus bifidus","(Schrad.) Kunth","C.O.Andrino","2015","Arbo, M.M.","4326","1990","05","17",NA,"Brasil","Minas Gerais","Alvorada de Minas","Alredores de Itapanhoacam ga. Base de la Serra do Espinhaço.","-43.45","-18.766667","43W27'","18S46'",NA,NA,NA,"Ladera com afloramientos rocosos cuarciticos.","HUEFS0081752","HUEFS0081752",NA,NA,NA,"04",NA,NA,NA,"Lilianae",NA
"135","2019-10-07 09:19:36-03","UEFS","HUEFS","60673","PreservedSpecimen","Plantae","Angiospermae","Alismatales","Araceae","Philodendron","adamantinum","Philodendron adamantinum","Schott",NA,NA,"Arbo, M.M.","4315","1990","05","17",NA,"Brasil","Minas Gerais","Alvorada de Minas","Alredores de Itapanhoacanga, base de 1a Serra do Espinhaço.","-43.45","-18.766667","43W27'0''","18S46'0''",NA,NA,NA,"Ladera de cerro con afloramentos rocosos cuarciticos.","HUEFS0060673","HUEFS0060673",NA,NA,NA,NA,NA,NA,NA,"Lilianae",NA
"136","2019-10-07 09:32:54-03","UEFS","HUEFS","191728","PreservedSpecimen","Plantae","Angiospermae","Malpighiales","Turneraceae","Turnera","capitata","Turnera capitata subsp. capitata","Cambess.",NA,NA,"Arbo, M.M.","4335","1990","05","17",NA,"Brasil","Minas Gerais","Alvorada de Minas","Alrededores de Itapanhoacanga, base de la serra de Espinhaço","-43.45","-18.766667","43W27'","18S46'","800","800",NA,"Selva degradada, suelo rojo.","HUEFS0191728","HUEFS0191728","subsp. capitata",NA,NA,NA,NA,NA,NA,"Rosanae",NA
"137","2019-10-07 09:32:58-03","UEFS","HUEFS","191734","PreservedSpecimen","Plantae","Angiospermae","Malpighiales","Turneraceae","Turnera","orientalis","Turnera orientalis","(Urb.) Arbo",NA,NA,"Arbo, M.M.","4341","1990","05","17",NA,"Brasil","Minas Gerais","Alvorada de Minas","Alrededores de itapanhoacanga, base de la serra do Espinhaço.","-43.45","-18.766667","43W27'","18S46'","800","800",NA,"Borde de selva degradada, suelo rojo.","HUEFS0191734","HUEFS0191734",NA,NA,NA,NA,NA,NA,NA,"Rosanae",NA
"138","2019-10-07 09:30:02-03","UEFS","HUEFS","49760","PreservedSpecimen","Plantae","Angiospermae","Malpighiales","Chrysobalanaceae","Licania","kunthiana","Licania kunthiana","Hook.f.",NA,NA,"Hatschbach, G.","67453","1997","11","24",NA,"Brasil","Minas Gerais","Alvorada de Minas","Itapanhoacanga.","-43.3652992248535","-18.7360992431641",NA,NA,NA,NA,NA,"Floresta do alto do morro.","HUEFS0049760","HUEFS0049760",NA,"18475","auto",NA,NA,NA,NA,"Rosanae",NA
"139","2019-10-07 09:27:42-03","UEFS","HUEFS","49220","PreservedSpecimen","Plantae","Angiospermae","Fabales","Leguminosae Subfam. Papilionoideae","Dalbergia","nigra","Dalbergia nigra","(Vell.) Allemão ex Benth.",NA,NA,"Hatschbach, G.","67456","1997","11","24",NA,"Brasil","Minas Gerais","Alvorada de Minas","Itapanhoacanga.","-43.3652992248535","-18.7360992431641",NA,NA,NA,NA,NA,"Floresta do alto do morro.","HUEFS0049220",NA,NA,"18475","auto",NA,NA,NA,NA,"Rosanae",NA
"140","2019-09-13 11:59:35-03","UFVJM","HDJF","3937","PreservedSpecimen","Plantae","Dicotyledoneae",NA,"Fabaceae",NA,NA,NA,NA,NA,NA,"Faria, JEQ; Pinheiro, AC","5980","2016","06","08","Southern America","Brasil","Minas Gerais","Alvorada de Minas","Distrito de Itapanhoacanga, margem da rodovia entre Serro e Conceição do Mato Dentro","-43.413611","-18.783889","-43.413611","-18.783889","652","652",NA,NA,"HDJF003937","HDJF003937_01",NA,NA,NA,NA,NA,NA,NA,NA,NA
"141","2019-09-13 11:59:35-03","UFVJM","HDJF",NA,"PreservedSpecimen","Plantae","Dicotyledoneae",NA,"Fabaceae",NA,NA,NA,NA,NA,NA,"Faria, JEQ; Pinheiro, AC","5980","2016","06","08","Southern America","Brasil","Minas Gerais","Alvorada de Minas","Distrito de Itapanhoacanga, margem da rodovia entre Serro e Conceição do Mato Dentro","-43.413611","-18.783889","-43.413611","-18.783889","652","652",NA,NA,NA,NA,NA,NA,NA,NA,NA,NA,NA,NA,NA
"142","2019-09-13 11:59:35-03","UFVJM","HDJF",NA,"PreservedSpecimen","Plantae","Dicotyledoneae",NA,"Fabaceae",NA,NA,NA,NA,NA,NA,"Faria, JEQ; Pinheiro, AC","5980","2016","06","08","Southern America","Brasil","Minas Gerais","Alvorada de Minas","Distrito de Itapanhoacanga, margem da rodovia entre Serro e Conceição do Mato Dentro","-43.413611","-18.783889","-43.413611","-18.783889","652","652",NA,NA,NA,NA,NA,NA,NA,NA,NA,NA,NA,NA,NA
"143","2019-09-13 11:59:35-03","UFVJM","HDJF",NA,"PreservedSpecimen","Plantae","Dicotyledoneae",NA,"Fabaceae",NA,NA,NA,NA,NA,NA,"Faria, JEQ; Pinheiro, AC","5980","2016","06","08","Southern America","Brasil","Minas Gerais","Alvorada de Minas","Distrito de Itapanhoacanga, margem da rodovia entre Serro e Conceição do Mato Dentro","-43.413611","-18.783889","-43.413611","-18.783889","652","652",NA,NA,NA,NA,NA,NA,NA,NA,NA,NA,NA,NA,NA
"144","2019-09-13 12:00:38-03","UFVJM","HDJF","2963","PreservedSpecimen","Plantae","Dicotyledoneae",NA,"Verbenaceae","Lippia",NA,"Lippia","L.",NA,NA,"Mendonça, CV; Ribeiro, GJG; Gregório, LE","2000","2011","12","03","Southern America","Brasil","Minas Gerais","Alvorada de Minas","Distrito de Itapanhoacanga. Serra da Candonga. Próximo a Serro.","-43.433333","-18.7975","-43.433333","-18.7975",NA,NA,NA,NA,"HDJF002963",NA,NA,NA,NA,NA,NA,NA,NA,NA,NA
"145","2020-02-20 14:37:12-03","IAC","IAC","44490","S","Plantae",NA,NA,"Convolvulaceae-5.Convolvuloideae","Ipomoea",NA,"Ipomoea",NA,"H. Lorenzi et al.","2004","H. Lorenzi; L.C. Bernacci & E.F. Souto","4833","2004","05","06",NA,"Brasil","Minas Gerais","Alvorada de Minas","a 35Km de Conceição do Mato Dentro rumo a Serro","-43.418889","-18.754722","-43.418889","-18.754722",NA,NA,NA,"S 18o 45#?# 17, W 43o 25#?# 08",NA,NA,NA,NA,NA,"05",NA,"06",NA,NA,NA
"146","2018-12-03 11:21:33-02","CEPLAC","CEPEC","132804","S","Plantae",NA,NA,"Malpighiaceae","Heteropterys","eglandulosa","Heteropterys eglandulosa",NA,"Amorim, A. M.",NA,"R. C. Forzza","4845","2007","11","14",NA,"Brasil","Minas Gerais","ALVORADA DE MINAS","Itapanhoacanga. Estrada Itapanhoacanga-cachoeira Campinas, 3Km de Itapanhoacanga.","-43.443056","-18.7975","43W26'35","18S47'51",NA,NA,NA,NA,NA,NA,NA,NA,NA,NA,NA,NA,NA,NA,"08/03/2013"
"147","2018-12-03 11:20:20-02","CEPLAC","CEPEC","132789","S","Plantae",NA,NA,"Malpighiaceae",NA,NA,NA,NA,"Sem Informação",NA,"R. C. Forzza","4847","2007","11","14",NA,"Brasil","Minas Gerais","ALVORADA DE MINAS","Estrada entre Itapanhoacanga. - cachoeira Campinas, 3Km de Itapanhoacanga.","-43.443056","-18.7975","43W26'35","18S47'51",NA,NA,NA,NA,NA,NA,NA,NA,NA,NA,NA,NA,NA,NA,NA
"148","2018-12-03 11:32:11-02","CEPLAC","CEPEC","132794","S","Plantae",NA,NA,"Rubiaceae","Cordiera",NA,"Cordiera",NA,NA,NA,"R. F. Monteiro","214",NA,NA,NA,NA,"Brasil","Minas Gerais","ALVORADA DE MINAS",NA,"-43.3652992248535","-18.7360992431641",NA,NA,NA,NA,NA,"<ll>dwc_commonname:</ll>",NA,NA,NA,"18475","auto",NA,NA,NA,NA,NA,NA
"149","2018-12-03 11:32:11-02","CEPLAC","CEPEC","133088","S","Plantae",NA,NA,"Rubiaceae","Cordiera",NA,"Cordiera",NA,NA,NA,"R. F. Monteiro","214",NA,NA,NA,NA,"Brasil","Minas Gerais","ALVORADA DE MINAS",NA,"-43.3652992248535","-18.7360992431641",NA,NA,NA,NA,NA,"<ll>dwc_commonname:</ll>",NA,NA,NA,"18475","auto",NA,NA,NA,NA,NA,NA
"150","2018-12-03 11:23:00-02","CEPLAC","CEPEC","130542","S","Plantae",NA,NA,"Melastomataceae","Clidemia","urceolata","Clidemia urceolata",NA,"C. A. Ferreira & A. K. A. Santos",NA,"R. Mello-Silva","2945",NA,NA,NA,NA,"Brasil","Minas Gerais","ALVORADA DE MINAS",NA,"-43.3652992248535","-18.7360992431641",NA,NA,NA,NA,NA,"<ll>dwc_commonname:</ll>",NA,NA,NA,"18475","auto",NA,NA,NA,NA,NA,NA
"151","2018-12-03 11:16:47-02","CEPLAC","CEPEC","84973","S","Plantae",NA,NA,"Fabaceae","Dalbergia","nigra","Dalbergia nigra",NA,"A. M. de Carvalho",NA,"G. Hatschbach","67456","1997","11","24",NA,"Brasil","Minas Gerais","ALVORADA DE MINAS","Itapanhoacanga. Floresta do alto do morro.","-43.3652992248535","-18.7360992431641",NA,NA,NA,NA,NA,NA,NA,NA,NA,"18475","auto",NA,NA,NA,NA,NA,"30/12/1998"
"152","2019-02-27 14:03:01-03","UFSJ","HUFSJ","6248","S","Plantae",NA,NA,"Myrtaceae","Myrcia",NA,"Myrcia",NA,NA,NA,"Monteiro, RF; et al.","216","2007","09","15",NA,"Brasil","Minas Gerais","Alvorada de Minas","Itapanhoacanga, Cachoeira Campinas, 3,2Km de Itapanhoacanga. Riacho entre rochas e pequeno campo rupestre em região de mata, agora derrubada","-43.436667","-18.802778","-43.436667","-18.802778","470","470",NA,"Arvoreta, ca. 2,5m de altura, sobre solo rochoso. Folhas discolores com tricomas ferrugíneos. Botões verdes com tricomas ferrugíneos.","HUFSJ006248",NA,NA,NA,NA,NA,NA,NA,NA,NA,NA
"153","2019-11-07 11:15:27-03","UFMG","BHCB-SL","112476","PreservedSpecimen","Plantae",NA,NA,"Blechnaceae","Blechnum","asplenioides","Blechnum asplenioides","Sw.","Almeida, TE",NA,"Almeida, TE; Souza, DT; Lara, DS; Soares, CB","1266","2007","09","16","América","Brasil","Minas Gerais","Alvorada de Minas",NA,"-43.437056","-18.805056","-43.437056","-18.805056",NA,NA,NA,"Rupícola à beira de córrego",NA,NA,NA,NA,NA,NA,NA,NA,NA,NA,NA
"154","2019-11-07 11:15:31-03","UFMG","BHCB-SL","112475","PreservedSpecimen","Plantae",NA,NA,"Blechnaceae","Blechnum","polypodioides","Blechnum polypodioides","Raddi","Almeida, TE",NA,"Almeida, TE; Souza, DT; Lara, DS; Soares, CB","1265","2007","09","16","América","Brasil","Minas Gerais","Alvorada de Minas",NA,"-43.437056","-18.805056","-43.437056","-18.805056",NA,NA,NA,"Rupícola à beira de córrego",NA,NA,NA,NA,NA,NA,NA,NA,NA,NA,NA
"155","2019-11-07 11:15:53-03","UFMG","BHCB-SL","112479","PreservedSpecimen","Plantae",NA,NA,"Cyatheaceae","Cyathea","delgadii","Cyathea delgadii","Sternb.","Almeida, TE","2007","Almeida, TE; Souza, DT; Lara, DS; Soares, CB","1269","2007","09","16","América","Brasil","Minas Gerais","Alvorada de Minas","Distrito de Itapanhoacanga","-43.437056","-18.805056","-43.437056","-18.805056",NA,NA,NA,"Terrestre no interior de mata de galeria",NA,NA,NA,NA,NA,"09",NA,NA,NA,NA,NA
"156","2019-11-07 11:17:07-03","UFMG","BHCB-SL","112483","PreservedSpecimen","Plantae",NA,NA,"Gleicheniaceae","Dicranopteris","flexuosa","Dicranopteris flexuosa","(Schrad.) Underw.","Almeida, TE","2007","Almeida, TE; Souza, DT; Soares, CB","1273","2007","09","17","América","Brasil","Minas Gerais","Alvorada de Minas",NA,"-43.420139","-18.784","-43.420139","-18.784","74","74",NA,"Terrestre em barranco à beira da estrada",NA,NA,NA,NA,NA,NA,NA,NA,NA,NA,NA
"157","2019-11-07 11:16:27-03","UFMG","BHCB-SL","112478","PreservedSpecimen","Plantae",NA,NA,"Dryopteridaceae","Elaphoglossum","luridum","Elaphoglossum luridum","(Fée) Christ","Melo, LCN","2009","Almeida, TE; Souza, DT; Lara, DS; Soares, CB","1268","2007","09","16","América","Brasil","Minas Gerais","Alvorada de Minas","Distrito de Itapanhoacanga, Córrego Campinas, Cachoeira Campinas. Mata de galeria.","-43.437056","-18.805056","-43.437056","-18.805056",NA,NA,NA,"Rupícola no interior de mata de galeria",NA,NA,NA,NA,NA,"11",NA,NA,NA,NA,NA
"158","2019-11-07 11:16:31-03","UFMG","BHCB-SL","112480","PreservedSpecimen","Plantae",NA,NA,"Dryopteridaceae","Elaphoglossum","pachydermum","Elaphoglossum pachydermum","(Fée) T.Moore","Melo, LCN","2009","Almeida, TE; Souza, DT; Lara, DS; Soares, CB","1270","2007","09","16","América","Brasil","Minas Gerais","Alvorada de Minas","Distrito de Itapanhoacanga., Córrego Campinas. Cachoeira Campinas. Mata de galeria.","-43.437056","-18.805056","-43.437056","-18.805056",NA,NA,NA,"Rupícola no interior de mata de galeria",NA,NA,NA,NA,NA,"10",NA,NA,NA,NA,NA
"159","2019-12-19 16:20:42-03","UFMG","BHCB-SL","112482","PreservedSpecimen","Plantae",NA,NA,"Dryopteridaceae","Elaphoglossum","tectum","Elaphoglossum tectum","(Humb. & Bonpl. ex Willd.) T.Moore","Almeida, TE","2007","Almeida, TE; Souza, DT; Lara, DS; Soares, CB","1272","2007","09","16","América","Brasil","Minas Gerais","Alvorada de Minas","Distrito de Itapanhoacanga","-43.437056","-18.805056","-43.437056","-18.805056",NA,NA,NA,"Rupícola; Em paredão no interior de mata de galeria.","BHCB001197","BHCB001197",NA,NA,NA,"11",NA,NA,NA,NA,NA
"160","2019-11-07 11:17:10-03","UFMG","BHCB-SL","112484","PreservedSpecimen","Plantae",NA,NA,"Gleicheniaceae","Gleichenella","pectinata","Gleichenella pectinata","(Willd.) Ching","Almeida, TE","2007","Almeida, TE; Souza, DT; Soares, CB","1274","2007","09","17","América","Brasil","Minas Gerais","Alvorada de Minas",NA,"-43.420139","-18.784","-43.420139","-18.784",NA,NA,NA,"Terrestre em barranco à beira da estrada",NA,NA,NA,NA,NA,NA,NA,NA,NA,NA,NA
"161","2019-11-07 11:17:22-03","UFMG","BHCB-SL","112481","PreservedSpecimen","Plantae",NA,NA,"Hymenophyllaceae","Hymenophyllum","polyanthos","Hymenophyllum polyanthos","(Sw.) Sw.","Almeida, TE","2007","Almeida, TE; Souza, DT; Lara, DS; Soares, CB","1271","2007","09","16","América","Brasil","Minas Gerais","Alvorada de Minas","Distrito de Itapanhoacanga, Córrego Campinas, Cachoeira Campinas. Mata de Galeria.","-43.437056","-18.805056","-43.437056","-18.805056",NA,NA,NA,"Rupícola em paredão no interior de mata de galeria",NA,NA,NA,NA,NA,"09",NA,NA,NA,NA,NA
"162","2020-03-04 20:43:46-03","UFMG","BHCB-SL","112473","PreservedSpecimen","Plantae",NA,NA,"Thelypteridaceae","Meniscium","arborescens","Meniscium arborescens","Humb. ex Willd.","Fernandes, RS","2014","Almeida, TE; Souza, DT; Lara, DS; Soares, CB","1263","2007","09","16","América","Brasil","Minas Gerais","Alvorada de Minas",NA,"-43.437056","-18.805056","-43.437056","-18.805056","707","707",NA,"Rupícola a beira de córrego",NA,NA,NA,NA,NA,"04",NA,"11",NA,NA,NA
"163","2020-02-11 18:26:32-03","UFMG","BHCB-SL","108167","PreservedSpecimen","Plantae",NA,NA,"Pteridaceae","Pityrogramma","calomelanos","Pityrogramma calomelanos","(L.) Link","Salino, A","2007","Viana, PL","2840","2007","03","20","América","Brasil","Minas Gerais","Alvorada de Minas","Itaponhacanga.","-43.416667","-18.783333","-43.416667","-18.783333","883","883",NA,"Rupícola em beira e riacho.",NA,NA,NA,NA,NA,"06",NA,NA,NA,NA,NA
"164","2019-11-07 11:20:39-03","UFMG","BHCB-SL","112474","PreservedSpecimen","Plantae",NA,NA,"Selaginellaceae","Selaginella","muscosa","Selaginella muscosa","Spring","Heringer, G","2010","Almeida, TE; Souza, DT; Lara, DS; Soares, CB","1264","2007",NA,NA,"América","Brasil","Minas Gerais","Alvorada de Minas","Itapanhoacanga, Córrego Campinas, Cachoeira Campinas","-43.437056","-18.805056","-43.437056","-18.805056",NA,NA,NA,"Rupícola à beira de córrego (mata de galeria). Prensado em álcool. Projeto Riqueza, distribuição geográfica e conservação das pteridófitas de Minas Gerais, Brasil",NA,NA,NA,NA,NA,"11",NA,NA,NA,NA,NA
"165","2019-11-07 11:17:11-03","UFMG","BHCB-SL","112485","PreservedSpecimen","Plantae",NA,NA,"Gleicheniaceae","Sticherus","lanuginosus","Sticherus lanuginosus","(Fée) Nakai","Almeida, TE",NA,"Almeida, TE; Souza, DT; Soares, CB","1275","2007","09","17","América","Brasil","Minas Gerais","Alvorada de Minas",NA,"-43.420139","-18.784","-43.420139","-18.784",NA,NA,NA,"Terrestre em barranco à beira da estrada",NA,NA,NA,NA,NA,NA,NA,NA,NA,NA,NA
"166","2019-11-07 11:17:34-03","UFMG","BHCB-SL","112477","PreservedSpecimen","Plantae",NA,NA,"Hymenophyllaceae","Trichomanes","pilosum","Trichomanes pilosum","Raddi","Almeida, TE","2007","Almeida, TE; Souza, DT; Lara, DS; Soares, CB","1267","2007","09","16","América","Brasil","Minas Gerais","Alvorada de Minas","Distrito de Itapanhoacanga, Córrego Campinas, Cachoeira Campinas. Mata de Galeria.","-43.437056","-18.805056","-43.437056","-18.805056",NA,NA,NA,"Rupícola em fenda de rocha no interior de mata de galeria",NA,NA,NA,NA,NA,"09",NA,NA,NA,NA,NA
"167","2019-10-16 14:14:49-03","UEL","FUEL","51192","PreservedSpecimen","Plantae","Tracheophyta","Sapindales","Burseraceae","Protium","spruceanum","Protium spruceanum","(Benth.) Engl.","Pirani, JR","2008","Mello-Silva, R; Forzza, RC; Saavedra, MM; Monteiro, RF","2953","2007","11","15",NA,"Brasil","Minas Gerais","Alvorada de Minas","Itapanhoacanga, cachoeira Campinas, 3,2 km de Itapanhoacanga, riacho entre rochas e pequeno campo rupestre em região de mata, agora derrubada","-43.436111","-18.805","-43.436111","-18.805","700","700",NA,"Árvore 3m de altura, na calha do riacho. Pedicelo verde. Perianto verde-claro. Frutos cor-de-vinho.",NA,NA,NA,NA,NA,NA,NA,NA,NA,NA,NA
"168","2016-09-19 16:23:42-03","UnB","UB",NA,"S","Plantae","Monocotyledonae",NA,"Araceae","Philodendron","adamantinum","Philodendron adamantinum","Mart. ex Schott","Sakuragui, CM","1997","Arbo, MM; et al.","4315","1990","05","17","Southern America","Brasil","Minas Gerais","Alvorada de Minas","Alrededores de Itapanhoacanga, base de la Serra do Espinhaço","-43.45","-18.766667","-43.45","-18.766667",NA,NA,NA,"Hierba rupícola, espatas verde-amarillentas; Ladera de cerro con afloramentos rocosos cuarciticos","UB0001249","UB0001249",NA,NA,NA,NA,NA,NA,NA,NA,NA
"169","2017-01-18 16:30:53-02","UnB","UB",NA,"S","Plantae","Monocotyledonae",NA,"Velloziaceae","Vellozia","glabra","Vellozia glabra","J.C. Mikan","Mello-Silva, R","1993","Mello-Silva, R; Arbo, MM; Schinini, A; Souza, VC","253","1990","05","17","Southern America","Brasil","Minas Gerais","Alvorada de Minas","A 7km de Itapanhoacanga, nos contrafortes da serra","-43.3652992248535","-18.7360992431641",NA,NA,"860","860",NA,"Grande população de indivíduos isolados, ramificados, até 1,5m alt. Frutos maduros castanhos","UB0028257","UB0028257",NA,"18475","auto","04",NA,NA,NA,NA,NA
"170","2017-06-02 14:26:52-03","UnB","UB",NA,"S","Plantae","Dicotyledoneae",NA,"Fabaceae",NA,NA,NA,NA,NA,NA,"Faria, JEQ; Pinheiro, AC","5980","2016","06","08","Southern America","Brasil","Minas Gerais","Alvorada de Minas","Distrito de Itapanhoacanga, margem da rodovia entre Serro e Conceição do Mato Dentro","-43.413611","-18.783889","-43.413611","-18.783889","652","652",NA,"Árvore ca. 6 m de altura, frutos imaturos verdes; Mata semidecídua antropizada",NA,NA,NA,NA,NA,NA,NA,NA,NA,NA,NA
"171","2017-01-18 16:20:27-02","UnB","UB",NA,"S","Plantae","Dicotyledoneae",NA,"Euphorbiaceae","Aparisthmium","cordatum","Aparisthmium cordatum","Baill.","Cordeiro, J","2009","Hatschbach, G; Hatschbach, M; Barbosa, E","67455","1997","11","24","Southern America","Brasil","Minas Gerais","Alvorada de Minas","Itapanhoacanga","-43.3652992248535","-18.7360992431641",NA,NA,NA,NA,NA,"Árvore, 4m, fruto avermelhado; Floresta do alto de morro",NA,NA,NA,"18475","auto",NA,NA,NA,NA,NA,NA
"172","2019-05-06 11:59:45-03","UFU","HUFU","61821","S","Plantae",NA,NA,"Melastomataceae","Miconia","ibaguensis","Miconia ibaguensis","(Bonpl.) Triana","Romero, R.","2012","Monteiro, R.F.; Forzza, R.; Mello-Silva, R. & Saavedra, M.M.","217","2007","11","15",NA,"Brasil","Minas Gerais","Alvorada de Minas","Itapanhoacanga, Cachoeira campina, 3,2 km de Iatapanhoacanga.","-43.436667","-18.802778","-43.436667","-18.802778",NA,NA,NA,"Arvoreta, ca. 2 m alt. Folhas verdes com tricomas ferrugíneos. Frutos vermelho-amarelados a atro.; Riacho entre rochas e pequeno campo rupestre em região de mata agora derrubada.","HUFU00063266","HUFU00063266",NA,NA,NA,"03",NA,NA,NA,NA,NA
"173","2020-03-02 13:43:27-03","UFSC","FLOR","36785","PreservedSpecimen","Plantae",NA,"Lamiales","Lamiaceae","Aegiphila","sellowiana","Aegiphila sellowiana","Cham.","França, F.",NA,"Hatschbach, G.; Hatschbach, M. & Barbosa, E.","67452","1997","11","24",NA,"Brasil","Minas Gerais","Alvorada de Minas","Itamanhoacanga.","-43.3652992248535","-18.7360992431641",NA,NA,NA,NA,NA,"árvore, flor creme, odorífera, 4m altura. Exemplar recebido por doação do Museu Botânico Municipal de Curitiba.","FLOR0036785",NA,NA,"18475","auto",NA,NA,NA,NA,NA,NA
"174","2020-03-02 13:48:08-03","UFSC","FLOR","29088","PreservedSpecimen","Plantae",NA,"Solanales","Solanaceae","Brunfelsia","brasiliensis","Brunfelsia brasiliensis","(Spreng.) L.B.Sm. & Downs","Hatschbach, G.",NA,"Hatschbach, G.; Hatschbach, M. & Barbosa, E.","67451","1997","11","24",NA,"Brasil","Minas Gerais","Alvorada de Minas","Itapanhoacanga.","-43.3652992248535","-18.7360992431641",NA,NA,NA,NA,NA,"arbusto, flor lilás, 1,5m altura","FLOR0029088",NA,NA,"18475","auto",NA,NA,NA,NA,NA,NA
"175","2019-09-30 11:22:26-03","IF","SPSF","13849","PreservedSpecimen","Plantae","Magnoliophyta","Aquifoliales","Icacinaceae","Emmotum","nitens","Emmotum nitens",NA,NA,NA,"M.M.Mello-Silva","4322","1990","05","17","América do Sul","Brasil","MG","Alvorada de Minas","Serra do Espinhaco","-43.3652992248535","-18.7360992431641",NA,NA,NA,NA,NA,"COLETA: XLS: SPSFAntigo;",NA,NA,NA,"18475","auto",NA,NA,NA,NA,"Magnoliopsida",NA
"176","2017-09-11 17:11:18-03","UnB","HBVIRTFLBRAS",NA,"O","Plantae",NA,NA,"Myrtaceae","Psidium","oblongatum","Psidium oblongatum","O.Berg",NA,NA,"Sellow, F","s.n.",NA,NA,NA,"Southern America","Brazil","Minas Gerais","Alvorada de Minas","in silvis ad Arrayal Tapanhuacanga","-43.3653","-18.7361",NA,NA,NA,NA,NA,"Oreas; HABITAT: Oreas",NA,NA,NA,"18475","auto",NA,NA,NA,NA,NA,NA
"177","2017-09-11 17:11:09-03","UnB","HBVIRTFLBRAS",NA,"O","Plantae",NA,NA,"Myrtaceae","Aulomyrcia","glandulosa","Aulomyrcia glandulosa longifolia","O.Berg",NA,NA,"Sellow, F","s.n.",NA,NA,NA,"Southern America","Brazil","Minas Gerais","Alvorada de Minas","in Morro de Tapanhoacanga","-43.3653","-18.7361",NA,NA,NA,NA,NA,"Original herbarium: Mart.",NA,NA,"longifolia","18475","auto",NA,NA,NA,NA,NA,NA
"178","2017-09-11 17:11:09-03","UnB","HBVIRTFLBRAS",NA,"O","Plantae",NA,NA,"Myrtaceae","Aulomyrcia","glandulosa","Aulomyrcia glandulosa obovata","O.Berg",NA,NA,"Schüch (Barão de Capanema), G","478",NA,NA,NA,"Southern America","Brazil","Minas Gerais","Alvorada de Minas","in Morro de Tapanhoacanga","-43.3653","-18.7361",NA,NA,NA,NA,NA,"Original herbarium: Mart.",NA,NA,"obovata","18475","auto",NA,NA,NA,NA,NA,NA
"179","2017-09-11 17:11:11-03","UnB","HBVIRTFLBRAS",NA,"O","Plantae",NA,NA,"Myrtaceae","Aulomyrcia","torta","Aulomyrcia torta","DC.",NA,NA,"Pohl, JBE","1026",NA,NA,NA,"Southern America","Brazil","Minas Gerais","Alvorada de Minas","ad Tapanhoacanga","-43.3653","-18.7361",NA,NA,NA,NA,NA,"W(fl),M(fr)",NA,"P14P1N0002",NA,"18475","auto",NA,NA,NA,NA,NA,NA
"180","2017-09-11 17:11:14-03","UnB","HBVIRTFLBRAS",NA,"O","Plantae",NA,NA,"Myrtaceae","Eugeniopsis","panniculata","Eugeniopsis panniculata","O.Berg",NA,NA,"Saint-Hilaire, AFCP","s.n.",NA,NA,NA,"Southern America","Brazil","Minas Gerais","Alvorada de Minas","in collibus prope vicum Tapanhoacantga, Oreas","-43.3653","-18.7361",NA,NA,NA,NA,NA,"Original herbarium: Cambessedes; Oreas; HABITAT: Oreas",NA,NA,NA,"18475","auto",NA,NA,NA,NA,NA,NA
"181","2019-09-24 15:03:56-03","CAS","CAS-BOT","297725","PreservedSpecimen","Plantae","Magnoliophyta","Myrtales","Melastomataceae","Miconia","ibaguensis","Miconia ibaguensis","(Bonpl.) Triana",NA,NA,"Arbo, M.M.; Mello-Silva, R.; Schinini, A.; Souza, V. C.","4331","1990","05",NA,"South America","Brazil","Minas Gerais","Alvorada De Minas","Alrededores de Itapanhoacan ga, base de la Serra do Espinhaco.","-43.45","-18.7666666667","-43.4500000000","-18.7666666667","800","800",NA,"Arbolito 2m.",NA,NA,NA,NA,NA,NA,NA,NA,NA,"Magnoliopsida",NA
"182","2020-03-06 14:40:39-03","UFRGS","ICN","126491","S","Plantae","Monocotyledon",NA,"Poaceae","Saccharum","cf. asperum","Saccharum cf. asperum","(Nees) Steud.","Zanin, A",NA,"Zanin, A; Araújo, AC","699","1997","12","10","América do Sul","Brasil","MG","Alvorada de Minas","estrada para Serro, 30 km antes de Serro - 1 km após a entrada para MG 10","-43.3652992248535","-18.7360992431641",NA,NA,NA,NA,NA,NA,NA,NA,NA,"18475","auto",NA,NA,NA,NA,NA,NA
"183","2019-11-21 10:07:46-03","IBt","SP","405424","S","Plantae",NA,NA,"Malpighiaceae","Banisteriopsis",NA,"Banisteriopsis",NA,NA,NA,"Forzza, RC; Mello-Silva, R; Monteiro, RF; Saavedra, MM","4827","2007","11","14",NA,"Brasil","Minas Gerais","Alvorada de Minas","Estrada para Itapanhoacanga, cachoeira Campinas, 3 km de Itapanhoacanga","-43.443056","-18.7975","-43.443056","-18.7975",NA,NA,NA,NA,"SP021444",NA,NA,NA,NA,NA,NA,NA,NA,NA,NA
"184","2019-11-21 10:08:10-03","IBt","SP","471910","S","Plantae",NA,NA,"Malpighiaceae","Byrsonima",NA,"Byrsonima",NA,NA,NA,"Saavedra, MM; Mello-Silva, R; Forzza, RC; Monteiro, RF","530","2007","11","14",NA,"Brasil","Minas Gerais","Alvorada de Minas","Itapanhoacanga. Estrada Itapanhoacanga - Cachoeira Campinas, 3 km de Itapanhoacanga","-43.443056","-18.7975","-43.443056","-18.7975","846","846",NA,NA,NA,NA,NA,NA,NA,NA,NA,NA,NA,NA,NA
"185","2019-11-21 10:08:35-03","IBt","SP","247333","S","Plantae",NA,NA,"Malpighiaceae","Byrsonima","variabilis","Byrsonima variabilis","A.Juss.","Anderson, WR","1990","Arbo, MM; Mello-Silva, R; Schinini, A; Souza, VC","4312","1990","05","17",NA,"Brasil","Minas Gerais","Alvorada de Minas","Alrededores de Itapanhoacanga, base de la Serra do Espinhaço","-43.45","-18.766667","-43.45","-18.766667","860","860",NA,NA,"SP016435",NA,NA,NA,NA,NA,NA,NA,NA,NA,NA
"186","2019-11-21 10:08:54-03","IBt","SP","405425","S","Plantae",NA,NA,"Malpighiaceae","Heteropterys","nervosa","Heteropterys nervosa","A.Juss.","Mamede, MCH","2010","Forzza, RC; Mello-Silva, R; Monteiro, RF; Saavedra, MM","4845","2007","11","14",NA,"Brasil","Minas Gerais","Alvorada de Minas","Estrada para Itapanhoacanga, cachoeira Campinas, 3 km de Itapanhoacanga","-43.443056","-18.7975","-43.443056","-18.7975",NA,NA,NA,NA,"SP018827",NA,NA,NA,NA,"11",NA,NA,NA,NA,NA
"187","2019-11-21 10:04:20-03","IBt","SP","247371","S","Plantae",NA,NA,"Euphorbiaceae","Mabea","fistulifera","Mabea fistulifera","Mart.","Cordeiro, I",NA,"Arbo, MM; Mello-Silva, R; Schinini, A; Souza, VC","4329","1990","05","17",NA,"Brasil","Minas Gerais","Alvorada de Minas","alrededores de Itapanhoacanga, base de la Serra do Espinhaço, selva degradada, suelo rojo","-43.45","-18.766667","-43.45","-18.766667","800","800",NA,NA,NA,NA,NA,NA,NA,NA,NA,NA,NA,NA,NA
"188","2019-11-21 10:04:31-03","IBt","SP","247334","S","Plantae",NA,NA,"Euphorbiaceae","Microstachys","glandulosa","Microstachys glandulosa","(Mart. & Zucc.) Esser & M.J.Silva","Pscheidt, AC","2013","Arbo, MM; Mello-Silva, R; Schinini, A; Souza, VC","4310","1990","05","17",NA,"Brasil","Minas Gerais","Alvorada de Minas","alrededores de Itapanhoacanga, base de la Serra do Espinhaço, ladera de cerro con afloramientos rocosos cuarciticos y borde de selva","-43.45","-18.766667","-43.45","-18.766667","860","860",NA,"Arbusto 1-2m.",NA,NA,NA,NA,NA,"10",NA,NA,NA,NA,NA
"189","2019-11-21 10:09:08-03","IBt","SP","247370","S","Plantae",NA,NA,"Malpighiaceae","Peixotoa","parviflora","Peixotoa parviflora","A.Juss.","Anderson, CE","1990","Arbo, MM; Mello-Silva, R; Schinini, A; Souza, VC","4336","1990","05","17",NA,"Brasil","Minas Gerais","Alvorada de Minas","Arredores de Itapanhoacanga, base de la Serra do Espinhaço","-43.45","-18.766667","-43.45","-18.766667",NA,NA,NA,NA,"SP020446","SP020446",NA,NA,NA,NA,NA,NA,NA,NA,NA
"190","2019-11-21 10:09:26-03","IBt","SP","473558","S","Plantae",NA,NA,"Malvaceae","Pseudobombax",NA,"Pseudobombax",NA,NA,NA,"Menini Neto, L; et al.","702","2009","05","24",NA,"Brasil","Minas Gerais","Alvorada de Minas","Distrito de Itapanhoacanga, estrada para Cachoeira Campina, a 3 km de Itapanhoacanga","-43.443333","-18.798333","-43.443333","-18.798333","838","838",NA,NA,NA,NA,NA,NA,NA,NA,NA,NA,NA,NA,NA
"191","2019-11-21 10:19:58-03","IBt","SP","247170","S","Plantae",NA,NA,"Xyridaceae","Xyris","minarum","Xyris minarum","Seub.",NA,NA,"Arbo, MM; et al.","4319","1990","05","17",NA,"Brasil","Minas Gerais","Alvorada de Minas","Alrededores de Itapanhoacanga, base de la Serra do Espinhaço","-43.45","-18.766667","-43.45","-18.766667","860","860",NA,NA,NA,NA,NA,NA,NA,NA,NA,NA,NA,NA,NA
"192","2019-11-21 10:20:01-03","IBt","SP","247168","S","Plantae",NA,NA,"Xyridaceae","Xyris","seubertii","Xyris seubertii","L.A.Nilsson",NA,NA,"Arbo, MM; et al.","4325","1990","05","17",NA,"Brasil","Minas Gerais","Alvorada de Minas","Alrededores de Itapanhoacanga, base de la Serra do Espinhaço","-43.3652992248535","-18.7360992431641",NA,NA,"860","860",NA,NA,NA,NA,NA,"18475","auto",NA,NA,NA,NA,NA,NA
"193","2019-11-21 10:03:53-03","IBt","SP","340940","S","Plantae",NA,NA,"Euphorbiaceae","Aparisthmium","cordatum","Aparisthmium cordatum","(A.Juss.) Baill.","Cordeiro, I",NA,"Hatschbach, G; et al.","67455","1997","11","24",NA,"Brasil","Minas Gerais","Alvorada de Minas","Itapanhoacanga. Floresta do alto de morro.","-43.3652992248535","-18.7360992431641",NA,NA,NA,NA,NA,"Árvore com 4m de altura, fruto avermelhado.",NA,NA,NA,"18475","auto",NA,NA,NA,NA,NA,NA
