"record_id","modified","institutionCode","collectionCode","catalogNumber","basisOfRecord","kingdom","phylum","class","order","family","genus","specificEpithet","scientificName","scientificNameAuthorship","identifiedBy","yearIdentified","monthIdentified","recordedBy","year","month","country","stateProvince","county","decimalLongitude","decimalLatitude","coordinatePrecision","occurrenceRemarks","geoFlag","individualCount","day","locality","recordNumber","dayIdentified","continentOcean","verbatimLongitude","verbatimLatitude","minimumElevationInMeters","maximumElevationInMeters","preparationType","barcode","imagecode"
"1","2019-06-10 10:10:59-03","FZB-BH","CVJBFZB","2218","S","Plantae","Magnoliophyta","Equisetopsida","Asparagales","Orchidaceae","Isabelia","violacea","Isabelia violacea","(Lindl.) van den Berg & M.W.Chase","Carlos A. Ferreira Jr.","2008","04","Carlos Alberto F. Jr.;","2001","10","Brasil","Minas Gerais","Catas Altas da Noruega","-43.497501373291","-20.6900005340576","11539","254","auto",NA,NA,NA,NA,NA,NA,NA,NA,NA,NA,NA,NA,NA
"2","2019-06-10 10:11:01-03","FZB-BH","CVJBFZB","2219","S","Plantae","Magnoliophyta","Equisetopsida","Asparagales","Orchidaceae","Maxillaria","ochroleuca","Maxillaria ochroleuca","Lodd. ex Lindl.","Carlos A. Ferreira Jr.","2008","04","Carlos Alberto F. Jr.;","2001","10","Brasil","Minas Gerais","Catas Altas da Noruega","-43.497501373291","-20.6900005340576","11539","254","auto","1",NA,NA,NA,NA,NA,NA,NA,NA,NA,NA,NA,NA
"3","2020-01-28 13:10:59-03","MCN-PUC-MINAS","HPUC-MG","ANG406","S","Plantae",NA,NA,NA,"Aristolochiaceae","Aristolochia","labiata","Aristolochia labiata",NA,NA,NA,NA,"Maielo - Silva, L.","2009","12","Brasil","Minas Gerais","Catas Altas da Noruega","-43.497501373291","-20.6900005340576","11539","N° Ibama (CTF) = 4477412","auto",NA,"18","Catas Altas da Noruega",NA,NA,NA,NA,NA,NA,NA,NA,NA,NA
"4","2019-11-06 09:57:24-03","UFOP","OUPR","3720","PreservedSpecimen","Plantae",NA,NA,NA,"Rubiaceae","Borreria",NA,"Borreria",NA,NA,NA,NA,"Coelho, L.E.","1893","02","Brasil","Minas Gerais","Catas Altas da Noruega","-43.497501373291","-20.6900005340576","11539","Herva, flores brancas em capitulos axillares. (Ex Herb. da Escola de Pharmacia de Ouro Preto)","auto",NA,"15",NA,"s.n.",NA,NA,NA,NA,NA,NA,NA,NA,NA
"5","2019-10-02 15:03:31-03","UFMG","BHCB","164717","PreservedSpecimen","Plantae","Dicotyledon",NA,NA,"Solanaceae","Aureliana","velutina","Aureliana velutina","Sendtn.",NA,"2013","09","Silva, LVC; Mascarenhas, G; Jorge, TB","2012","11","Brasil","Minas Gerais","Catas Altas da Noruega","-43.561111","-20.594722",NA,"Arbusto, 3m.",NA,NA,"20","Fazenda malta e Meira","1381","12","Southern America","-43.561111","-20.594722","1200","1200",NA,NA,NA
"6","2019-10-02 15:03:31-03","UFMG","BHCB","166236","PreservedSpecimen","Plantae","Dicotyledon",NA,NA,"Solanaceae","Aureliana","velutina","Aureliana velutina","Sendtn.",NA,"2013","09","Silva, LVC; Mascarenhas, G; Jorge, TB","2012","11","Brasil","Minas Gerais","Catas Altas da Noruega","-43.561111","-20.594722",NA,"Arbusto, 3m.",NA,NA,"20","Fazenda malta e Meira","1382","12","Southern America","-43.561111","-20.594722","1200","1200",NA,NA,NA
"7","2019-10-02 15:04:00-03","UFMG","BHCB","164716","PreservedSpecimen","Plantae","Dicotyledon",NA,NA,"Solanaceae","Solanum",NA,"Solanum","L.",NA,NA,NA,"Silva, LVC; Mascarenhas, G; Jorge, TB","2012","11","Brasil","Minas Gerais","Catas Altas da Noruega","-43.561111","-20.594722",NA,"Arbusto, 3m.",NA,NA,"20","Fazenda malta e Meira","1380",NA,"Southern America","-43.561111","-20.594722","1200","1200",NA,NA,NA
"8","2018-10-26 12:02:42-03","Cenargen","CEN","56692","S","Plantae",NA,NA,NA,"Poaceae","Aristida","brasiliensis","Aristida brasiliensis","Longhi-Wagner","H. M. Longhi-Wagner",NA,NA,"Hilda Maria Longhi Wagner","2005","03","Brasil","MG","CATAS ALTAS DA NORUEGA","-43.513055","-20.070555",NA,"Doação - Herb. UFRGS - Porto Alegre ICN:136995",NA,"1","18","MG. Catas Altas, Serra do Caraça (R.P.P.N.)","9660",NA,NA,"-43.513055","-20.070555","1100","1100","Exsicatas","CEN00056692","CEN00056692"
"9","2019-06-27 15:39:22-03","Cenargen","CEN","80352","S","Plantae",NA,NA,NA,"Myrtaceae","Accara","elegans","Accara elegans","(DC.) Landrum","J. E. Q. Faria Júnior","2010","11","Jair Eustáquio Quintino de Faria Jr.","2010","11","Brasil","MG","CATAS ALTAS DA NORUEGA","-43.473888","-20.105555",NA,"Botges florais imaturos verdes. HERBÁRIO UB - Minas Gerais.",NA,"1","13","RPPN Serra do Caraça, base da trilha para o Pico do Sol.","973",NA,NA,"-43,473888","-20,105555","1360","1360","Exsicatas","CEN00080352","CEN00080352"
"10","2018-10-26 12:00:12-03","Cenargen","CEN","80359","S","Plantae",NA,NA,NA,"Ochnaceae","Sauvagesia","ericoides","Sauvagesia ericoides","(A.St.-Hil.) Sastre","R. G. Chacon",NA,NA,"Jair Eustáquio Quintino de Faria Jr.","2010","11","Brasil","MG","CATAS ALTAS DA NORUEGA","-43.461944","-20.105555",NA,"HERBÁRIO UB - Minas Gerais.",NA,"1","13","RPPN Serra do Caraça, Trilha para o Pico do Sol, metade da trilha, próximo do Portal.","990",NA,NA,"-43,461944","-20,105555","1726","1726","Exsicatas","CEN00080359","CEN00080359"
"11","2019-06-27 15:39:22-03","Cenargen","CEN","80353","S","Plantae",NA,NA,NA,"Myrtaceae","Calyptranthes","grammica","Calyptranthes grammica","(Spreng.) D.Legrand","J. E. Q. Faria Júnior","2010","11","Jair Eustáquio Quintino de Faria Jr.","2010","11","Brasil","MG","CATAS ALTAS DA NORUEGA","-43.473888","-20.105555",NA,"Botges florais avermelhados. HERBÁRIO UB - Minas Gerais.",NA,"1","13","RPPN Serra do Caraça, margem de córrego na trilha para o Pico do Sol.","974",NA,NA,"-43,473888","-20,105555","1360","1360","Exsicatas","CEN00080353","CEN00080353"
"12","2018-10-26 11:55:22-03","Cenargen","CEN","88706","S","Plantae",NA,NA,NA,"Lythraceae","Cuphea","ingrata","Cuphea ingrata","Cham. & Schltdl.","T. B. Cavalcanti",NA,NA,"Taciana Barbosa Cavalcanti","2015","02","Brasil","MG","CATAS ALTAS DA NORUEGA","-43.487222","-20.098888",NA,"Crescendo na borda da mata. Tubo floral creme-esverdeado, dorso com estrias vináceas.",NA,"7","12","Santuário do Caraça, na área do estacionamento.","3971",NA,NA,"-43,487222","-20,098888","1280","1280","Exsicatas","CEN00088706","CEN00088706"
"13","2018-10-26 11:45:32-03","Cenargen","CEN","80358","S","Plantae",NA,NA,NA,"Cyperaceae",NA,NA,NA,NA,NA,NA,NA,"Jair Eustáquio Quintino de Faria Jr.","2010","11","Brasil","MG","CATAS ALTAS DA NORUEGA","-43.462222","-20.105555",NA,"Inflorescências verdes.. HERBÁRIO UB - Minas Gerais.",NA,"1","13","RPPN Serra do Caraça, Trilha para o Pico do Sol, metade da trilha, próximo do Portal.","985",NA,NA,"-43,462222","-20,105555","1699","1699","Exsicatas","CEN00080358","CEN00080358"
"14","2018-10-26 12:07:52-03","Cenargen","CEN","80354","S","Plantae",NA,NA,NA,"Santalaceae","Eubrachion","contiguum","Eubrachion contiguum","(Hook. & Arn.) Engl.","C. S. Caires",NA,NA,"Jair Eustáquio Quintino de Faria Jr.","2010","11","Brasil","MG","CATAS ALTAS DA NORUEGA","-43.473888","-20.105555",NA,"Crescendo sobre Calyptranthes grammica, Ramos verdes. HERBÁRIO UB - Minas Gerais.",NA,"1","13","RPPN Serra do Caraça, margem de córrego na trilha para o Pico do Sol.","975",NA,NA,"-43,473888","-20,105555","1360","1360","Exsicatas","CEN00080354","CEN00080354"
"15","2019-06-27 15:39:28-03","Cenargen","CEN","80351","S","Plantae",NA,NA,NA,"Myrtaceae","Eugenia","neosericea","Eugenia neosericea","Morais & Sobral","J. E. Q. Faria Júnior","2010","11","Jair Eustáquio Quintino de Faria Jr.","2010","11","Brasil","MG","CATAS ALTAS DA NORUEGA","-43.462222","-20.105555",NA,"Botges florais imaturos verdes, axilares, isolados ou formando dicásios. HERBÁRIO UB - Minas Gerais.",NA,"1","13","RPPN Serra da Caraça, trilha para o Pico do Sol, na metade da trilha, próximo ao Portal.","972",NA,NA,"-43,462222","-20,105555","1699","1699","Exsicatas","CEN00080351","CEN00080351"
"16","2018-10-26 11:40:08-03","Cenargen","CEN","80357","S","Plantae",NA,NA,NA,"Apiaceae","Klotzschia","brasiliensis","Klotzschia brasiliensis","Cham.","J. E. Q. Faria Júnior",NA,NA,"Jair Eustáquio Quintino de Faria Jr.","2010","11","Brasil","MG","CATAS ALTAS DA NORUEGA","-43.462222","-20.105555",NA,"Inflorescências verdes.. HERBÁRIO UB - Minas Gerais.",NA,"1","13","RPPN Serra do Caraça, Trilha para o Pico do Sol, metade da trilha, próximo do Portal.","984",NA,NA,"-43,462222","-20,105555","1699","1699","Exsicatas","CEN00080357","CEN00080357"
"17","2018-10-26 11:56:36-03","Cenargen","CEN","88707","S","Plantae",NA,NA,NA,"Lythraceae","Lafoensia",NA,"Lafoensia",NA,NA,NA,NA,"Taciana Barbosa Cavalcanti","2015","02","Brasil","MG","CATAS ALTAS DA NORUEGA","-43.487222","-20.098888",NA,"Tronco liso.",NA,"5","12","Santuário do Caraça. Capelinha.","3972",NA,NA,"-43,487222","-20,098888","1280","1280","Exsicatas","CEN00088707","CEN00088707"
"18","2018-10-26 11:56:36-03","Cenargen","CEN","88705","S","Plantae",NA,NA,NA,"Lythraceae","Lafoensia",NA,"Lafoensia",NA,NA,NA,NA,"Taciana Barbosa Cavalcanti","2015","02","Brasil","MG","CATAS ALTAS DA NORUEGA","-43.498611","-20.095",NA,"Tronco liso, claro. 2-3 frutos isolados.",NA,"6","12","Serra da Caraça. Na subida, próximo à entrada da piscina. Próximo ao rio.","3970",NA,NA,"-43,498611","-20,095","1292","1292","Exsicatas","CEN00088705","CEN00088705"
"19","2018-10-26 12:04:01-03","Cenargen","CEN","56693","S","Plantae",NA,NA,NA,"Poaceae","Ocellochloa","rudis","Ocellochloa rudis","(Nees) Zuloaga & Morrone","J. F. M. Valls",NA,NA,"Hilda Maria Longhi Wagner","2005","03","Brasil","MG","CATAS ALTAS DA NORUEGA","-43.513055","-20.070555",NA,"Doação - Herb. UFRGS - Porto Alegre ICN:137001",NA,"1","18","MG. Catas Altas, Serra do Caraça (R.P.P.N.), no caminho para cachoeira","9666",NA,NA,"-43.513055","-20.070555","1100","1100","Exsicatas","CEN00056693","CEN00056693"
"20","2018-10-26 12:04:28-03","Cenargen","CEN","56690","S","Plantae",NA,NA,NA,"Poaceae","Paspalum","coryphaeum","Paspalum coryphaeum","Trin.",NA,NA,NA,"Hilda Maria Longhi Wagner","2005","03","Brasil","MG","CATAS ALTAS DA NORUEGA","-43.513055","-20.070555",NA,"Doação - Herb. UFRGS - Porto Alegre ICN:136989",NA,"1","18","MG. Catas Altas, Serra do Caraça (R.P.P.N.)","9654",NA,NA,"-43.513055","-20.070555","1100","1100","Exsicatas","CEN00056690","CEN00056690"
"21","2018-10-26 12:05:12-03","Cenargen","CEN","56691","S","Plantae",NA,NA,NA,"Poaceae","Paspalum","zuloagae","Paspalum zuloagae","Davidse & Filg.",NA,NA,NA,"Hilda Maria Longhi Wagner","2005","03","Brasil","MG","CATAS ALTAS DA NORUEGA","-43.513055","-20.070555",NA,"Pendentes, no barranco rochoso. Doação - Herb. UFRGS - Porto Alegre ICN:136990.",NA,"1","18","MG. Catas Altas, Serra do Caraça (R.P.P.N.)","9655",NA,NA,"-43.513055","-20.070555","1100","1100","Exsicatas","CEN00056691","CEN00056691"
"22","2018-10-26 12:02:08-03","Cenargen","CEN","80356","S","Plantae",NA,NA,NA,"Piperaceae","Peperomia","subrubrispica","Peperomia subrubrispica","C.DC.","M. Carvalho-Silva",NA,NA,"Jair Eustáquio Quintino de Faria Jr.","2010","11","Brasil","MG","CATAS ALTAS DA NORUEGA","-43.462222","-20.105555",NA,"Crescendo sobre rochas. Espigas arroxeadas. HERBÁRIO UB - Minas Gerais.",NA,"1","13","RPPN Serra do Caraça, Trilha para o Pico do Sol, metade da trilha, próximo do Portal.","980",NA,NA,"-43,462222","-20,105555","1699","1699","Exsicatas","CEN00080356","CEN00080356"
"23","2019-06-27 15:39:50-03","Cenargen","CEN","80355","S","Plantae",NA,NA,NA,"Ochnaceae","Sauvagesia",NA,"Sauvagesia",NA,NA,NA,NA,"Jair Eustáquio Quintino de Faria Jr.","2010","11","Brasil","MG","CATAS ALTAS DA NORUEGA","-43.473888","-20.105555",NA,"HERBÁRIO UB - Minas Gerais.",NA,"1","13","RPPN Serra do Caraça, margem de córrego na trilha para o Pico do Sol.","978",NA,NA,"-43,473888","-20,105555","1360","1360","Exsicatas","CEN00080355","CEN00080355"
"24","2018-10-26 12:09:17-03","Cenargen","CEN","80360","S","Plantae",NA,NA,NA,"Velloziaceae","Vellozia","minima","Vellozia minima","Pohl","B. M. T. Walter",NA,NA,"Jair Eustáquio Quintino de Faria Jr.","2010","11","Brasil","MG","CATAS ALTAS DA NORUEGA","-43.461944","-20.105555",NA,"Crescendo sobre rochas. HERBÁRIO UB - Minas Gerais.",NA,"1","13","RPPN Serra do Caraça, Trilha para o Pico do Sol, metade da trilha, próximo do Portal.","991",NA,NA,"-43,461944","-20,105555","1726","1726","Exsicatas","CEN00080360","CEN00080360"
"25","2018-10-26 12:00:28-03","Cenargen","CEN","91941","S","Plantae",NA,NA,NA,"Orchidaceae","Cleistes","pusilla","Cleistes pusilla","Pansarin","E. R. Pansarin","2008",NA,"L. Mickeliunas","2004","01","Brasil","MG","CATAS ALTAS DA NORUEGA","-43.497501373291","-20.6900005340576","11539","Doação do Herbário SPFR","auto","1","19","Santuário da Serra do Caraça, na trilha para o Pico do Sol.(Datum Córrego Alegre).","41",NA,NA,NA,NA,NA,NA,"Exsicatas","CEN00091941","CEN00091941"
"26","2018-10-26 12:01:19-03","Cenargen","CEN","93620","S","Plantae",NA,NA,NA,"Orchidaceae","Habenaria","quadriferricola","Habenaria quadriferricola","J.A.N.Bat. & B.M.Carvalho","J. A. N. Batista",NA,NA,"Rubens Custódio Mota","2005","03","Brasil","MG","CATAS ALTAS DA NORUEGA","-43.497501373291","-20.6900005340576","11539","Sépalas verde-clara e pétalas verde-amareladas, Doação do Herbário BHCB (92685) do Departamento de Botânica - ICB - UFMG. Plantas do Brasil.","auto","1","20","Serra da Caraça, caminho do Pico do Sol","2806",NA,NA,NA,NA,"1800","1800","Exsicatas","CEN00093620","CEN00093620"
"27","2019-06-27 15:40:22-03","Cenargen","CEN","93619","S","Plantae",NA,NA,NA,"Orchidaceae","Habenaria","quadriferricola","Habenaria quadriferricola","J.A.N.Bat. & B.M.Carvalho","J. A. N. Batista","2015","05","Rubens Custódio Mota","2005","02","Brasil","MG","CATAS ALTAS DA NORUEGA","-43.497501373291","-20.6900005340576","11539","Campo limpo arenoso parcialmente encharcado no Ico do Inficcionado, brácteas, pedicelo, ovário e sépalas verdes, perianto verde-claro com base branco-esvedeada, calvar verde-claro, Doação do Herbário BHCB (92658) do Departamento d","auto","1","16","Serra do Caraça,","2779",NA,NA,NA,NA,"1900","1900","Exsicatas","CEN00093619","CEN00093619"
"28","2018-10-26 12:01:22-03","Cenargen","CEN","101429","S","Plantae",NA,NA,NA,"Orchidaceae","Habenaria","umbraticola","Habenaria umbraticola","Barb.Rodr.","J. A. N. Batista",NA,NA,"Rubens Custódio Mota","2007","04","Brasil","MG","CATAS ALTAS DA NORUEGA","-43.497501373291","-20.6900005340576","11539","Planta coletada em mata nebular; Pico do Inficcionado. Doação Herbário do Departamento de Botânica - ICB - UFMG. Plantas do Brasil. BHCB 151456.","auto","1","04","Serra do Caraça.","3569",NA,NA,NA,NA,NA,NA,"Exsicatas","CEN00101429","CEN00101429"
"29","2018-10-26 12:01:05-03","Cenargen","CEN","101428","S","Plantae",NA,NA,NA,"Orchidaceae","Habenaria","josephensis","Habenaria josephensis","Barb.Rodr.",NA,NA,NA,"Rubens Custódio Mota","2007","03","Brasil","MG","CATAS ALTAS DA NORUEGA","-43.497501373291","-20.6900005340576","11539","Doação Herbário do Departamento de Botânica - ICB - UFMG. Plantas do Brasil. BHCB 151451.","auto","1","27","Serra do Caraça.","3564",NA,NA,NA,NA,NA,NA,"Exsicatas","CEN00101428","CEN00101428"
"30","2018-10-26 12:01:33-03","Cenargen","CEN","39802","S","Plantae",NA,NA,NA,"Orchidaceae","Prosthechea",NA,"Prosthechea",NA,NA,NA,NA,"Rubens Custódio Mota","1999","12","Brasil","MG","CATAS ALTAS DA NORUEGA","-43.497501373291","-20.6900005340576","11539","flores verdes com manchas marrom; coluna verde; labelo verde com ápice roxo. Doação Plantas do Brasil - BHCB nº 53116.","auto","1","18","Serra do Caraça.","114",NA,NA,NA,NA,NA,NA,"Exsicatas","CEN00039802","CEN00039802"
"31","2018-10-26 12:00:56-03","Cenargen","CEN","103010","S","Plantae",NA,NA,NA,"Orchidaceae","Habenaria","brevidens","Habenaria brevidens","Lindl.","J. A. N. Batista",NA,NA,"B. M. Carvalho","2009","02","Brasil","MG","CATAS ALTAS DA NORUEGA","-43.497501373291","-20.6900005340576","11539","Sépalas verdes, pétalas e labelos verde amarelados , Doação Herbário do Departamento de Botânica - ICB - UFMG - Plantas do Brasil - BHCB 134684","auto","1","18","Serra do Caraça, caminho para Campo de Fora","10",NA,NA,NA,NA,"1495","1495","Exsicatas","CEN00103010","CEN00103010"
"32","2018-10-26 12:00:56-03","Cenargen","CEN","103021","S","Plantae",NA,NA,NA,"Orchidaceae","Habenaria","brevidens","Habenaria brevidens","Lindl.","J. A. N. Batista",NA,NA,"B. M. Carvalho","2010","02","Brasil","MG","CATAS ALTAS DA NORUEGA","-43.497501373291","-20.6900005340576","11539","Doação Herbário do Departamento de Botânica - ICB - UFMG - Plantas do Brasil - BHCB 137607","auto","1","11","Serra do Caraça, caminho para Serra da Bocaína","53",NA,NA,NA,NA,"1269","1269","Exsicatas","CEN00103021","CEN00103021"
"33","2018-10-26 12:00:56-03","Cenargen","CEN","103012","S","Plantae",NA,NA,NA,"Orchidaceae","Habenaria","caldensis","Habenaria caldensis","Kraenzl.","J. A. N. Batista",NA,NA,"B. M. Carvalho","2009","02","Brasil","MG","CATAS ALTAS DA NORUEGA","-43.497501373291","-20.6900005340576","11539","Sépalas verdes, pétalas e labelos brancos,Doação Herbário do Departamento de Botânica - ICB - UFMG - Plantas do Brasil - BHCB 134688","auto","1","18","Serra do Caraça, Campo de Fora","14",NA,NA,NA,NA,"1449","1449","Exsicatas","CEN00103012","CEN00103012"
"34","2018-10-26 12:00:57-03","Cenargen","CEN","103011","S","Plantae",NA,NA,NA,"Orchidaceae","Habenaria","ciliatisepala","Habenaria ciliatisepala","J.A.N.Bat. & Bianch.","J. A. N. Batista",NA,NA,"B. M. Carvalho","2009","02","Brasil","MG","CATAS ALTAS DA NORUEGA","-43.497501373291","-20.6900005340576","11539","Sépalas verdes, pétalas e labelos verde alaranjado,Doação Herbário do Departamento de Botânica - ICB - UFMG - Plantas do Brasil - BHCB 134685","auto","1","18","Serra do Caraça, Campo de Fora","11",NA,NA,NA,NA,"1444","1444","Exsicatas","CEN00103011","CEN00103011"
"35","2018-10-26 12:01:04-03","Cenargen","CEN","103009","S","Plantae",NA,NA,NA,"Orchidaceae","Habenaria","imbricata","Habenaria imbricata","Lindl.","J. A. N. Batista",NA,NA,"B. M. Carvalho","2009","02","Brasil","MG","CATAS ALTAS DA NORUEGA","-43.497501373291","-20.6900005340576","11539","Doação Herbário do Departamento de Botânica - ICB - UFMG - Plantas do Brasil - BHCB 134683","auto","1","18","Serra do Caraça, Campo de Fora","9",NA,NA,NA,NA,"1449","1449","Exsicatas","CEN00103009","CEN00103009"
"36","2018-10-26 12:00:21-03","Cenargen","CEN","103013","S","Plantae",NA,NA,NA,"Orchidaceae","Acianthera","teres","Acianthera teres","(Lindl.) Borba","J. A. N. Batista",NA,NA,"B. M. Carvalho","2009","02","Brasil","MG","CATAS ALTAS DA NORUEGA","-43.497501373291","-20.6900005340576","11539","Doação Herbário do Departamento de Botânica - ICB - UFMG - Plantas do Brasil - BHCB 134693","auto","1","18","Serra do Caraça, Campo de Fora","19",NA,NA,NA,NA,"1466","1466","Exsicatas","CEN00103013","CEN00103013"
"37","2018-10-26 12:00:57-03","Cenargen","CEN","103020","S","Plantae",NA,NA,NA,"Orchidaceae","Habenaria","cf. rupicola","Habenaria cf. rupicola","Barb.Rodr.","B. M. Carvalho &J. A. N. Batista",NA,NA,"B. M. Carvalho","2010","02","Brasil","MG","CATAS ALTAS DA NORUEGA","-43.497501373291","-20.6900005340576","11539","Doação Herbário do Departamento de Botânica - ICB - UFMG - Plantas do Brasil - BHCB 137699","auto","1","10","Serra do Caraça, próximo a entrada do Santuário da Caraça","45",NA,NA,NA,NA,"1146","1146","Exsicatas","CEN00103020","CEN00103020"
"38","2019-06-27 15:36:23-03","Cenargen","CEN","94364","S","Plantae",NA,NA,NA,"Fabaceae Mimosoideae","Mimosa","microcarpa","Mimosa microcarpa","Benth.","M. Simon","2016","05","Rubens Custódio Mota","2004","11","Brasil","MG","CATAS ALTAS DA NORUEGA","-43.497501373291","-20.6900005340576","11539","Inflorescência róseas. Doação do Herbário BHCB (92575) do Departamento de Botânica - ICB - UFMG. Plantas do Brasil.","auto","1","15","Serra do Caraça, próximo ao Bosque do Padre Leite.","2696",NA,NA,NA,NA,NA,NA,"Exsicatas","CEN00094364","CEN00094364"
"39","2018-10-26 12:00:57-03","Cenargen","CEN","103008","S","Plantae",NA,NA,NA,"Orchidaceae","Habenaria","cf. rupicola","Habenaria cf. rupicola","Barb.Rodr.","J. A. N. Batista",NA,NA,"B. M. Carvalho","2009","02","Brasil","MG","CATAS ALTAS DA NORUEGA","-43.497501373291","-20.6900005340576","11539","Doação Herbário do Departamento de Botânica - ICB - UFMG - Plantas do Brasil - BHCB 134681","auto","1","18","Serra do Caraça, próximo entrada do Santuário do Caraça","7",NA,NA,NA,NA,"1146","1146","Exsicatas","CEN00103008","CEN00103008"
"40","2018-10-26 12:01:22-03","Cenargen","CEN","103014","S","Plantae",NA,NA,NA,"Orchidaceae","Koellensteinia","tricolor","Koellensteinia tricolor","(Lindl.) Rchb.f.","J. A. N. Batista",NA,NA,"B. M. Carvalho","2009","02","Brasil","MG","CATAS ALTAS DA NORUEGA","-43.497501373291","-20.6900005340576","11539","Sépalas e pétalas brancas, lábelo com máculas avermelhadas,Doação Herbário do Departamento de Botânica - ICB - UFMG - Plantas do Brasil - BHCB 134700","auto","1","19","Serra do Caraça, próximo entrada do Santuário do Caraça","26",NA,NA,NA,NA,"792","792","Exsicatas","CEN00103014","CEN00103014"
"41","2018-10-26 12:01:04-03","Cenargen","CEN","103018","S","Plantae",NA,NA,NA,"Orchidaceae","Habenaria","itaculumia","Habenaria itaculumia","Garay","J. A. N. Batista",NA,NA,"B. M. Carvalho","2009","03","Brasil","MG","CATAS ALTAS DA NORUEGA","-43.497501373291","-20.6900005340576","11539","Doação Herbário do Departamento de Botânica - ICB - UFMG - Plantas do Brasil - BHCB 137595","auto","1","22","Serra do Caraça, subida para o Pico do Sol, entre capim turfoso","41",NA,NA,NA,NA,"1831","1831","Exsicatas","CEN00103018","CEN00103018"
"42","2018-10-26 12:01:19-03","Cenargen","CEN","93622","S","Plantae",NA,NA,NA,"Orchidaceae","Habenaria","quadriferricola","Habenaria quadriferricola","J.A.N.Bat. & B.M.Carvalho","J. A. N. Batista",NA,NA,"B. M. Carvalho","2009","03","Brasil","MG","CATAS ALTAS DA NORUEGA","-43.497501373291","-20.6900005340576","11539","Doação Herbário do Departamento de Botânica - ICB - UFMG - Plantas do Brasil - BHCB 134708","auto","1","21","Serra do Caraça, trilha para o Pico do Sol","34",NA,NA,NA,NA,NA,NA,"Exsicatas","CEN00093622","CEN00093622"
"43","2018-10-26 12:01:20-03","Cenargen","CEN","103017","S","Plantae",NA,NA,NA,"Orchidaceae","Habenaria","secundiflora","Habenaria secundiflora","Barb.Rodr.","J. A. N. Batista",NA,NA,"B. M. Carvalho","2009","03","Brasil","MG","CATAS ALTAS DA NORUEGA","-43.497501373291","-20.6900005340576","11539","Doação Herbário do Departamento de Botânica - ICB - UFMG - Plantas do Brasil - BHCB 134707","auto","1","21","Serra do Caraça, trilha para o Pico do Sol, próximo a cachoeira Cascatinha","33",NA,NA,NA,NA,"1244","1244","Exsicatas","CEN00103017","CEN00103017"
"44","2019-01-25 15:46:32-02","IAC","IAC","42719","S","Plantae",NA,NA,NA,"Salicaceae-1.Samydoideae","Casearia","arborea","Casearia arborea","(Rich.) Urb.","R.B. Torres","2007","10","R.C. Mota","2000","12","Brasil","Minas Gerais","Catas Altas da Noruega","-43.4975","-20.69",NA,NA,NA,NA,"17","Serra do Caraça","1176","17",NA,"-43.4975","-20.6900",NA,NA,NA,NA,NA
"45","2019-06-24 08:13:18-03","IAC","IAC","47148","S","Plantae",NA,NA,NA,"Passifloraceae-3.Passifloroideae","Passiflora","alata","Passiflora alata","Curtis","L.C. Bernacci","2006","01","E.S.S. Medeiros; R. Marquete; N. Marquete; M.C. Valente & J.C. Silva","2005","06","Brasil","Minas Gerais","Catas Altas da Noruega","-43.4975","-20.69",NA,"Coordenadas: 19°05`47``S, 43°24`43``W",NA,NA,"21","Estrada para a Mina Córrego do Sítio, na beira do rio após a ponte de madeira, na direção da Estação de Tratamento de água (ETA) de São Bento","443","30",NA,"-43.4975","-20.6900",NA,NA,NA,NA,NA
"46","2019-12-20 18:46:51-03","UFSJ","HUFSJ","637","S","Plantae",NA,NA,NA,"Solanaceae","Solanum","lycocarpum","Solanum lycocarpum","A.St.-Hil.",NA,NA,NA,"Rezende, EFC",NA,NA,"Brasil","Minas Gerais","Catas Altas da Noruega","-43.497501373291","-20.6900005340576","11539","Arvoreta de aproximadamente um metro de altura, cujos galhos e pecíolos das folhas apresentam espinhos. As folhas são meio foscas e aveludadas. As flores são pequenas arroxeadas e hermafroditas. Apresenta frutos grandes","auto",NA,NA,"Fazenda São Miguel","s.n.",NA,NA,NA,NA,NA,NA,NA,"HUFSJ000637",NA
"47","2019-12-20 18:46:49-03","UFSJ","HUFSJ","597","S","Plantae",NA,NA,NA,"Rosaceae","Rubus","rosifolius","Rubus rosifolius","Sm.",NA,NA,NA,"Rezende, EFC",NA,NA,"Brasil","Minas Gerais","Catas Altas da Noruega","-43.497501373291","-20.6900005340576","11539","Arbusto com cerca de 50cm de altura, recoberta por acúleos. Suas folhas apresentam coloração verde claro e suas flores são oequenas e brancas. São plantas hermafroditas. Quando maduro, seu fruto apresenta-se com coloração avermelhada","auto",NA,NA,"Fazenda São Miguel","s.n.",NA,NA,NA,NA,NA,NA,NA,"HUFSJ000597",NA
"48","2019-11-21 10:08:28-03","IBt","SP","247342","S","Plantae",NA,NA,NA,"Malpighiaceae","Byrsonima","morii","Byrsonima morii","W.R.Anderson","Mamede, MCH","2003","11","Arbo, MM; Mello-Silva, R; Schinini, A; Souza, VC","1990","05","Brasil","Minas Gerais","Catas Altas da Noruega","-43.4","-20.066667",NA,NA,NA,NA,"13","45 km N de Mariana, caminho para Santa Bárbara","4027","17",NA,"-43.4","-20.066667",NA,NA,NA,"SP015544",NA
"49","2019-11-21 10:18:14-03","IBt","SP","397131","S","Plantae",NA,NA,NA,"Rubiaceae","Psychotria",NA,"Psychotria",NA,NA,NA,NA,"Stehmann, JR; et al.","2004","01","Brasil","Minas Gerais","Catas Altas da Noruega","-43.497501373291","-20.6900005340576","11539",NA,"auto",NA,"23","Fazenda do Engenho","3513",NA,NA,NA,NA,NA,NA,NA,NA,NA
"50","2019-11-21 10:05:30-03","IBt","SP","236806","S","Plantae",NA,NA,NA,"Fabaceae","Dalbergia","nigra","Dalbergia nigra","(Vell.) Allemão ex Benth.",NA,NA,NA,"Carvalho, AM","1986","01","Brasil","Minas Gerais","Catas Altas da Noruega","-43.497501373291","-20.6900005340576","11539",NA,"auto",NA,"26","Margem do rio catas Pretas, a ca 4-5km a SW da cidade. Mata ciliar, zona de mineração","2136",NA,NA,NA,NA,NA,NA,NA,NA,NA
"51","2019-11-21 10:09:30-03","IBt","SP","396591","S","Plantae",NA,NA,NA,"Melastomataceae",NA,NA,NA,NA,NA,NA,NA,"Mota, RC","2004","11","Brasil","Minas Gerais","Catas Altas da Noruega","-43.497501373291","-20.6900005340576","11539",NA,"auto",NA,"15","Serra do Caraça","2680",NA,NA,NA,NA,NA,NA,NA,NA,NA
"52","2019-11-21 10:08:28-03","IBt","SP","363701","S","Plantae",NA,NA,NA,"Malpighiaceae","Byrsonima","onishiana","Byrsonima onishiana","W.R.Anderson","Elias, SI","2004","05","Mota, RC","2000","12","Brasil","Minas Gerais","Catas Altas da Noruega","-43.497501373291","-20.6900005340576","11539",NA,"auto",NA,"14","Serra do Caraça","1011","25",NA,NA,NA,NA,NA,NA,"SP015603","SP015603"
"53","2019-11-21 10:17:44-03","IBt","SP","397138","S","Plantae",NA,NA,NA,"Rubiaceae","Cordiera","elliptica","Cordiera elliptica","(Cham.) Kuntze","Zappi, D","2012","10","Mota, RC","2000","04","Brasil","Minas Gerais","Catas Altas da Noruega","-43.497501373291","-20.6900005340576","11539",NA,"auto",NA,"15","Serra do Caraça","212",NA,NA,NA,NA,NA,NA,NA,NA,NA
"54","2019-11-21 10:18:35-03","IBt","SP","396598","S","Plantae",NA,NA,NA,"Rubiaceae","Rudgea","gardenioides","Rudgea gardenioides","(Cham.) Müll.Arg.",NA,NA,NA,"Mota, RC","2004","11","Brasil","Minas Gerais","Catas Altas da Noruega","-43.497501373291","-20.6900005340576","11539",NA,"auto",NA,"15","Serra do Caraça","2674",NA,NA,NA,NA,NA,NA,NA,NA,NA
"55","2019-11-21 10:08:46-03","IBt","SP","346319","S","Plantae",NA,NA,NA,"Malpighiaceae","Heteropterys","byrsonimifolia","Heteropterys byrsonimifolia","A.Juss.","Mamede, MCH","2004","01","Mota, RC","1999","10","Brasil","Minas Gerais","Catas Altas da Noruega","-43.497501373291","-20.6900005340576","11539",NA,"auto",NA,"02","Serra do Caraça, Borda de mata, perto da Cascatinha","78",NA,NA,NA,NA,NA,NA,NA,"SP017877",NA
"56","2019-11-21 10:18:32-03","IBt","SP","396589","S","Plantae",NA,NA,NA,"Rubiaceae","Psychotria","vellosiana","Psychotria vellosiana","Benth.","Zappi, D","2012","10","Mota, RC","2005","01","Brasil","Minas Gerais","Catas Altas da Noruega","-43.497501373291","-20.6900005340576","11539",NA,"auto",NA,"05","Serra do Caraça, planta coletada em borda de mata nebular no Pico do Inficcionado","2652",NA,NA,NA,NA,NA,NA,NA,NA,NA
"57","2019-11-21 10:18:35-03","IBt","SP","396590","S","Plantae",NA,NA,NA,"Rubiaceae","Rudgea","gardenioides","Rudgea gardenioides","(Cham.) Müll.Arg.",NA,NA,NA,"Mota, RC; Faria, FS; Viana, PL","2005","04","Brasil","Minas Gerais","Catas Altas da Noruega","-43.497501373291","-20.6900005340576","11539",NA,"auto",NA,"18","Serra do Caraça, planta coletada em mata ciliar entre pedras, próximo á Fazenda Engenho","2888",NA,NA,NA,NA,NA,NA,NA,NA,NA
"58","2019-11-21 10:18:31-03","IBt","SP","333367","S","Plantae",NA,NA,NA,"Rubiaceae","Psychotria","vellosiana","Psychotria vellosiana","Benth.","Taylor, CM","2007",NA,"Kawasaki, ML; Rapini, A","1998","12","Brasil","Minas Gerais","Catas Altas da Noruega","-43.497501373291","-20.6900005340576","11539",NA,"auto",NA,"01","Serra do Caraça, Trilha do Pico da Carapuça","1069",NA,NA,NA,NA,NA,NA,NA,NA,NA
"59","2019-11-21 10:18:01-03","IBt","SP","333393","S","Plantae",NA,NA,NA,"Rubiaceae","Hindsia","longiflora","Hindsia longiflora","(Cham.) Benth. ex Lindl.","Oliveira, JA","2012","09","Kawasaki, ML; Rapini, A","1998","12","Brasil","Minas Gerais","Catas Altas da Noruega","-43.497501373291","-20.6900005340576","11539",NA,"auto",NA,"03","Serra do Caraça, Trilha para Cascatona-Oratório","1077",NA,NA,NA,NA,NA,NA,NA,NA,NA
"60","2019-11-21 10:17:40-03","IBt","SP","392456","S","Plantae",NA,NA,NA,"Rubiaceae","Coccocypselum","erythrocephalum","Coccocypselum erythrocephalum","Cham. & Schltdl.","Zappi, DC","2016",NA,"Mello-Silva, R; Borges, LM","2006","04","Brasil","Minas Gerais","Catas Altas da Noruega","-43.497501373291","-20.6900005340576","11539",NA,"auto",NA,"20","Serra do Caraça, Trilha para o Pico do Sol, em platô após terceira subida muito íngreme após a trilha do interior da mata no alto da Cascatinha","2886",NA,NA,NA,NA,"1900","1900",NA,NA,NA
