"record_id","modified","institutionCode","collectionCode","catalogNumber","basisOfRecord","kingdom","recordedBy","year","month","day","country","stateProvince","county","decimalLongitude","decimalLatitude","coordinatePrecision","barcode","geoFlag","phylum","family","genus","specificEpithet","scientificName","scientificNameAuthorship","identifiedBy","recordNumber","imagecode","yearIdentified","monthIdentified","dayIdentified","locality","verbatimLongitude","verbatimLatitude","occurrenceRemarks","infraspecificEpithet","continentOcean","order"
"1","2020-02-03 10:28:57-03","UNESP-IBB","BOTU","16918","PreservedSpecimen","Plantae","Gemtchújnicov, I.D.","1972","01","31","Brasil","Minas Gerais","Frei Inocêncio","-41.9220008850098","-18.5450000762939","22276","BOTU016918","auto",NA,NA,NA,NA,NA,NA,NA,NA,NA,NA,NA,NA,NA,NA,NA,NA,NA,NA,NA
"2","2019-12-04 15:25:11-03","PUCPR","HUCP","16548","S","Plantae","Hatschbach, GG","1984","04","11","Brasil","Minas Gerais","Frei Inocêncio","-41.9220008850098","-18.5450000762939","22276","HUCP00011296","auto","Eudicotiledonea","Fabaceae","Centrolobium","microchaete","Centrolobium microchaete","(Mart. ex Benth.) Lima, H.C.","Lima, H","47821","HUCP00011296",NA,NA,NA,NA,NA,NA,NA,NA,NA,NA
"3","2020-03-10 08:29:14-03","UFV","VIC","37765","PreservedSpecimen","Plantae","Batista, M.L.; Vieira, D.M.","2012","02","25","Brasil","Minas Gerais","Frei Inocêncio","-41.951111","-18.571389",NA,"VIC037765",NA,NA,"Mimosoideae","Anadenanthera","peregrina","Anadenanthera peregrina","(L.) Speg.","Batista, M.L.","s.n.",NA,"2012","02","25","Estrada de terra às margens do Rio Suaçuí Grande.","-41.951111","-18.571389","Árvore, c.a. de 9,5 metros de altura, com frutos e acúleos no tronco.",NA,NA,NA
"4","2020-03-10 08:29:22-03","UFV","VIC","37761","PreservedSpecimen","Plantae","Batista, M.L.; Vieira, D.M.","2012","02","25","Brasil","Minas Gerais","Frei Inocêncio","-41.951944","-18.570556",NA,"VIC037761",NA,NA,"Mimosoideae","Inga","vera","Inga vera affinis","(DC.) T.D. Penn.","Batista, M.L.","s.n.",NA,"2012","05","19","Estrada de terra às margens do Rio Suaçuí Grande.","-41.951944","-18.570556","Árvore, c.a. de 6,0 metros de altura, com flores.","affinis",NA,NA
"5","2020-03-10 08:26:42-03","UFV","VIC","6637","PreservedSpecimen","Plantae","Coons, M.P.","1978","08","22","Brasil","Minas Gerais","Frei Inocêncio","-41.9220008850098","-18.5450000762939","22276","VIC006637","auto",NA,"Amaranthaceae","Amaranthus","viridis","Amaranthus viridis","L.","Coons, M.P.","954","VIC006637","1978","12","10","Ao lado de rua.",NA,NA,NA,NA,NA,NA
"6","2020-03-10 08:26:39-03","UFV","VIC","6135","PreservedSpecimen","Plantae","Coons, M.P.","1978","08","22","Brasil","Minas Gerais","Frei Inocêncio","-41.9220008850098","-18.5450000762939","22276","VIC006135","auto",NA,"Amaranthaceae","Amaranthus","dubius","Amaranthus dubius","Mart. ex Thell.",NA,"78-953B","VIC006135",NA,NA,NA,"Ao lado de rua, Comum na cidade.",NA,NA,NA,NA,NA,NA
"7","2019-11-21 14:48:06-03","UFJF","CESJ","39577","PreservedSpecimen","Plantae","R.C.Motta","2001","12","12","Brasil","Minas Gerais","Frei Inocêncio","-41.9220008850098","-18.5450000762939","22276","CESJ039577","auto","Angiosperma","Verbenaceae","Lippia","origanoides","Lippia origanoides","Kunth","F.R.G. Salimena","1333",NA,"2012","03",NA,"Serra do Paiol",NA,NA,"Planta coletada em fresta de paredão rochoso; arbusto; flores amarelas.",NA,"América do Sul",NA
"8","2019-11-21 14:36:10-03","UFJF","CESJ","38330","PreservedSpecimen","Plantae","G. Hatschbach","1984","04","11","Brasil","Minas Gerais","Frei Inocêncio","-41.9220008850098","-18.5450000762939","22276","CESJ038330","auto","Angiosperma","Fabaceae","Centrolobium","microchaete","Centrolobium microchaete","(Mart. ex Benth.) H.C.Lima","H. Lima","47821",NA,NA,NA,NA,NA,NA,NA,"Árvore, 8m, flor amarela. pequena mata remanescente.",NA,"América do Sul",NA
"9","2019-11-21 14:48:06-03","UFJF","CESJ","44120","PreservedSpecimen","Plantae","R.C. Mota","2001","12","12","Brasil","Minas Gerais","Frei Inocêncio","-41.9220008850098","-18.5450000762939","22276","CESJ044120","auto","Angiosperma","Verbenaceae","Lippia","origanoides","Lippia origanoides","Kunth",NA,"1333",NA,NA,NA,NA,"Serra do Paiol",NA,NA,"Planta coletada em fresta de paredão rochoso, arbusto, flores amarelas.",NA,"América do Sul",NA
"10","2019-11-21 14:41:58-03","UFJF","CESJ","39578","PreservedSpecimen","Plantae","R.C. Mota","2001","12","12","Brasil","Minas Gerais","Frei Inocêncio","-47.8498","-18.520278",NA,"CESJ039578",NA,"Angiosperma","Plantaginaceae",NA,NA,NA,NA,NA,"1396",NA,NA,NA,NA,"Serra do Paiol","-47.8498","-18.520278","Planta coletada em fresta de paredão rochoso; erva; flores azuis.",NA,"América do Sul",NA
"11","2019-10-14 11:09:31-03","UCS","HUCS","19510","PreservedSpecimen","Plantae","Hatschbach, G.","1984","04","11","Brasil","Minas Gerais","Frei Inocêncio","-41.9220008850098","-18.5450000762939","22276",NA,"auto","Angiospermae","Fabaceae","Centrolobium","microchaete","Centrolobium microchaete","(Mart. ex Benth.) H.C. Lima","Lima, H. .C.","47821",NA,NA,NA,NA,"Arredores",NA,NA,"Herbario MBM; Pequena mata remanescente",NA,NA,"Fabales"
"12","2019-12-06 15:24:43-03","MBM","MBM","15404","S","Plantae","Duarte, L.; Castellanos, A.; Castellanos, A.","1964","08","08","Brazil","Minas Gerais","Frei Inocêncio","-41.9220008850098","-18.5450000762939","22276","MBM015404","auto",NA,"Verbenaceae","Lantana","camara","Lantana camara","L.",NA,"265","MBM015404",NA,NA,NA,"Campanário",NA,NA,NA,NA,"Southern America",NA
"13","2019-12-06 14:36:28-03","MBM","MBM","90090","S","Plantae","Hatschbach, G.","1984","04","11","Brazil","Minas Gerais","Frei Inocêncio","-41.9220008850098","-18.5450000762939","22276","MBM090090","auto",NA,"Boraginaceae","Cordia","rufescens","Cordia rufescens","DC.","Hatschbach, G.","47822","MBM090090",NA,NA,NA,"Frei Inocêncio, arredores",NA,NA,NA,NA,"Southern America",NA
"14","2019-12-06 14:46:47-03","MBM","MBM","90052","S","Plantae","Hatschbach, G.","1984","04","11","Brazil","Minas Gerais","Frei Inocêncio","-41.9220008850098","-18.5450000762939","22276","MBM090052","auto",NA,"Fabaceae","Centrolobium","microchaete","Centrolobium microchaete","(Mart. ex Benth.) Lima ex G.P. Lewis","Lima, H.","47821","MBM090052",NA,NA,NA,"Frei Inocêncio, arredores",NA,NA,NA,NA,"Southern America",NA
"15","2019-10-02 14:51:16-03","UFMG","BHCB","68269","PreservedSpecimen","Plantae","Mota, RC da","2001","12","12","Brasil","Minas Gerais","Frei Inocêncio","-47.990689","-18.699525",NA,"BHCB029815",NA,"Dicotyledon","Bignoniaceae","Adenocalymma","aurantiacum","Adenocalymma aurantiacum","Udulutsch & Assis",NA,"1394",NA,"2015","09","17","Rio Suaçuí Grande.","-47.990689","-18.699525","Arbusto escandente; frutos imaturos; Borda de mata secundária",NA,"Southern America",NA
"16","2019-10-02 15:01:36-03","UFMG","BHCB","68271","PreservedSpecimen","Plantae","Mota, RC da","2001","12","12","Brasil","Minas Gerais","Frei Inocêncio","-47.8498","-18.520411",NA,"BHCB021028",NA,"Dicotyledon","Plantaginaceae","Achetaria","crenata","Achetaria crenata","(Ronse & Philcox) V.C.Souza",NA,"1396",NA,"2015","01","06","Serra do Paiol.","-47.8498","-18.520411","Erva; flores azuis; Planta coletada em fresta de paredão rochoso",NA,"Southern America",NA
"17","2019-10-02 15:02:05-03","UFMG","BHCB","68273","PreservedSpecimen","Plantae","Mota, RC da","2001","12","12","Brasil","Minas Gerais","Frei Inocêncio",NA,"-18.599611",NA,NA,NA,"Dicotyledon","Rubiaceae","Alseis",NA,"Alseis",NA,NA,"1398",NA,NA,NA,NA,"Rio Suaçuí Grande.",NA,"-18.599611","Planta coletada em mata de galeria; árvore; frutos imaturos.",NA,"Southern America",NA
"18","2019-10-02 15:02:51-03","UFMG","BHCB","68230","PreservedSpecimen","Plantae","Mota, RC da","2001","12","12","Brasil","Minas Gerais","Frei Inocêncio",NA,"-18.599611",NA,NA,NA,"Dicotyledon","Rutaceae","Almeidea","rubra","Almeidea rubra","A.St.-Hil.",NA,"1356",NA,NA,NA,NA,"Rio Suaçuí Grande.",NA,"-18.599611","Planta coletada em mata de galeria; subarbóreo; frutos imaturos.",NA,"Southern America",NA
"19","2019-10-02 15:05:57-03","UFMG","BHCB","68194","PreservedSpecimen","Plantae","Mota, RC da","2001","12","12","Brasil","Minas Gerais","Frei Inocêncio","-47.851944","-18.599611",NA,"BHCB050138",NA,"Monocotyledon","Arecaceae","Bactris","horridispatha","Bactris horridispatha","Noblick",NA,"1320","BHCB050138 BHCB050138_1",NA,NA,NA,"Rio Suaçuí Grande.","-47.851944","-18.599611","Arbusto; frutos imaturos.; Planta coletada em mata de galeria",NA,"Southern America",NA
"20","2019-10-02 15:03:33-03","UFMG","BHCB","68279","PreservedSpecimen","Plantae","Mota, RC da","2001","12","12","Brasil","Minas Gerais","Frei Inocêncio","-47.849722","-18.520411",NA,"BHCB038245",NA,"Dicotyledon","Solanaceae","Brunfelsia","brasiliensis","Brunfelsia brasiliensis","(Spreng.) L.B.Sm. & Downs",NA,"1404",NA,"2016","01","01","Serra do Paiol.","-47.849722","-18.520411","Arbusto; flores roxas.; Planta coletada na base de paredão.",NA,"Southern America",NA
"21","2019-10-02 15:07:06-03","UFMG","BHCB","68223","PreservedSpecimen","Plantae","Mota, RC da","2001","12","12","Brasil","Minas Gerais","Frei Inocêncio",NA,"-18.699525",NA,NA,NA,"Monocotyledon","Marantaceae","Calathea",NA,"Calathea",NA,NA,"1349",NA,NA,NA,NA,"Rio Suaçuí Grande.",NA,"-18.699525","Planta coletada em mata secundária; erva; flores amarelas.",NA,"Southern America",NA
"22","2020-01-09 18:28:41-03","UFMG","BHCB","68225","PreservedSpecimen","Plantae","Mota, RC da","2001","12","12","Brasil","Minas Gerais","Frei Inocêncio","-47.990689","-18.699525",NA,"BHCB049829",NA,"Dicotyledon","Achariaceae","Carpotroche","brasiliensis","Carpotroche brasiliensis","(Raddi) Endl.",NA,"1351","BHCB049829",NA,NA,NA,"Rio Suaçuí Grande., Redondezas do rio.","-47.990689","-18.699525","Árvore; frutos imaturos.; Mata secundária.",NA,"Southern America",NA
"23","2019-10-02 14:52:31-03","UFMG","BHCB","68204","PreservedSpecimen","Plantae","Mota, RC da","2001","12","12","Brasil","Minas Gerais","Frei Inocêncio",NA,"-18.699525",NA,"BHCB011349",NA,"Dicotyledon","Cucurbitaceae","Cayaponia","tayuya","Cayaponia tayuya","(Vell.) Cogn.",NA,"1330",NA,"2013","11","14","Rio Suaçuí Grande.",NA,"-18.699525","Erva escandente; flores verde-amareladas.; Planta coletada em mata secundária.",NA,"Southern America",NA
"24","2019-10-02 15:04:50-03","UFMG","BHCB","68220","PreservedSpecimen","Plantae","Mota, RC da","2001","12","12","Brasil","Minas Gerais","Frei Inocêncio",NA,"-18.599611",NA,NA,NA,"Dicotyledon","Urticaceae","Cecropia","pachystachya","Cecropia pachystachya","Trécul",NA,"1346",NA,NA,NA,NA,"Rio Suaçuí Grande.",NA,"-18.599611","Planta coletada em borda de mata ciliar; árvore; infrutescências imaturas.",NA,"Southern America",NA
"25","2019-10-02 15:01:48-03","UFMG","BHCB","68210","PreservedSpecimen","Plantae","Mota, RC da","2001","12","12","Brasil","Minas Gerais","Frei Inocêncio",NA,"-18.599611",NA,NA,NA,"Dicotyledon","Polygonaceae","Coccoloba",NA,"Coccoloba","P. Browne",NA,"1336",NA,NA,NA,NA,"Rio Suaçuí Grande.",NA,"-18.599611","Planta coletada em mata de galeria; arbusto; frutos imaturos.",NA,"Southern America",NA
"26","2019-10-02 14:53:06-03","UFMG","BHCB","68267","PreservedSpecimen","Plantae","Mota, RC da","2001","12","12","Brasil","Minas Gerais","Frei Inocêncio","-47.851944","-18.599461",NA,"BHCB010168",NA,"Dicotyledon","Euphorbiaceae","Croton","gracilipes","Croton gracilipes","Baill.",NA,"1392",NA,"2013","09",NA,"Serra do Paiol.","-47.851944","-18.599461","Arbusto.; Planta coletada em mata de galeria;",NA,"Southern America",NA
"27","2019-10-02 15:06:24-03","UFMG","BHCB","68268","PreservedSpecimen","Plantae","Mota, RC da","2001","12","12","Brasil","Minas Gerais","Frei Inocêncio",NA,"-18.699525",NA,NA,NA,"Monocotyledon","Cyperaceae","Cyperus",NA,"Cyperus",NA,NA,"1393",NA,NA,NA,NA,"Rio Suaçuí Grande.",NA,"-18.699525","Planta coletada em área brejosa; erva.",NA,"Southern America",NA
"28","2019-10-02 14:53:11-03","UFMG","BHCB","68246","PreservedSpecimen","Plantae","Mota, RC da","2001","12","12","Brasil","Minas Gerais","Frei Inocêncio",NA,"-18.699525",NA,"BHCB007783",NA,"Dicotyledon","Euphorbiaceae","Dalechampia",NA,"Dalechampia",NA,NA,"1371",NA,NA,NA,NA,"Rio Suaçuí Grande.",NA,"-18.699525","Planta coletada em borda de mata secundária; arbusto escandente, brácteas brancas.",NA,"Southern America",NA
"29","2019-10-02 15:06:17-03","UFMG","BHCB","68242","PreservedSpecimen","Plantae","Mota, RC da","2001","12","12","Brasil","Minas Gerais","Frei Inocêncio",NA,"-18.599611",NA,NA,NA,"Monocotyledon","Commelinaceae","Dichorisandra",NA,"Dichorisandra",NA,NA,"1367",NA,NA,NA,NA,"Rio Suaçuí Grande.",NA,"-18.599611","Planta coletada em mata de galeria; erva; flores azuis.",NA,"Southern America",NA
"30","2019-10-02 15:06:17-03","UFMG","BHCB","68241","PreservedSpecimen","Plantae","Mota, RC da","2001","12","12","Brasil","Minas Gerais","Frei Inocêncio",NA,"-18.699525",NA,"BHCB5388",NA,"Monocotyledon","Commelinaceae","Dichorisandra","tejucensis","Dichorisandra tejucensis","Martens ex Schult.",NA,"1366",NA,"2013","03","01","Rio Suaçuí Grande.",NA,"-18.699525","Planta coletada em mata secundária; erva; flores azuis.",NA,"Southern America",NA
"31","2019-10-02 14:59:40-03","UFMG","BHCB","68237","PreservedSpecimen","Plantae","Mota, RC da","2001","12","12","Brasil","Minas Gerais","Frei Inocêncio",NA,"-18.699525",NA,NA,NA,"Dicotyledon","Moraceae","Dorstenia","bonijesu","Dorstenia bonijesu","Carauta & C.Valente",NA,"1362",NA,NA,NA,NA,"Rio Suaçuí Grande.",NA,"-18.699525","Planta coletada em mata secundária; erva.",NA,"Southern America",NA
"32","2019-10-02 14:59:40-03","UFMG","BHCB","68236","PreservedSpecimen","Plantae","Mota, RC da","2001","12","12","Brasil","Minas Gerais","Frei Inocêncio",NA,"-18.699525",NA,NA,NA,"Dicotyledon","Moraceae","Dorstenia","cayapia","Dorstenia cayapia","Vell.",NA,"1361",NA,NA,NA,NA,"Rio Suaçuí Grande.",NA,"-18.699525","Planta coletada em mata secundária; erva.",NA,"Southern America",NA
"33","2019-10-02 15:02:52-03","UFMG","BHCB","68203","PreservedSpecimen","Plantae","Mota, RC da","2001","12","12","Brasil","Minas Gerais","Frei Inocêncio",NA,"-18.699525",NA,NA,NA,"Dicotyledon","Rutaceae","Esenbeckia",NA,"Esenbeckia",NA,NA,"1329",NA,NA,NA,NA,"Rio Suaçuí Grande.",NA,"-18.699525","Planta coletada em mata secundária; árvore.",NA,"Southern America",NA
"34","2019-12-23 17:49:09-03","UFMG","BHCB","68227","PreservedSpecimen","Plantae","Mota, RC da","2001","12","12","Brasil","Minas Gerais","Frei Inocêncio",NA,"-18.520411",NA,NA,NA,"Dicotyledon","Fabaceae",NA,NA,NA,"Lindl.",NA,"1353",NA,NA,NA,NA,"Serra do Paiol.",NA,"-18.520411","Planta coletada paredão rochoso; erva escandente; flores vermelhas.",NA,"Southern America",NA
"35","2019-10-02 15:06:29-03","UFMG","BHCB","68199","PreservedSpecimen","Plantae","Mota, RC da","2001","12","12","Brasil","Minas Gerais","Frei Inocêncio","-47.990689","-18.699525",NA,NA,NA,"Monocotyledon","Cyperaceae","Fimbristylis",NA,"Fimbristylis",NA,NA,"1325",NA,NA,NA,NA,"Rio Suaçuí Grande.","-47.990689","-18.699525","Plantas do Brasil.; Herbáceo.; Margem de brejo.",NA,"Southern America",NA
"36","2019-10-02 15:02:27-03","UFMG","BHCB","68272","PreservedSpecimen","Plantae","Mota, RC da","2001","12","12","Brasil","Minas Gerais","Frei Inocêncio",NA,"-18.599611",NA,NA,NA,"Dicotyledon","Rubiaceae","Guettarda",NA,"Guettarda",NA,NA,"1397",NA,NA,NA,NA,"Rio Suaçuí Grande.",NA,"-18.599611","Planta coletada em mata de galeria; árvore; frutos imaturos.",NA,"Southern America",NA
"37","2019-10-02 15:01:01-03","UFMG","BHCB","68202","PreservedSpecimen","Plantae","Mota, RC da","2001","12","12","Brasil","Minas Gerais","Frei Inocêncio",NA,"-18.699525",NA,NA,NA,"Dicotyledon","Olacaceae","Heisteria","perianthomega","Heisteria perianthomega","(Vell.) Sleumer",NA,"1328",NA,NA,NA,NA,"Rio Suaçuí Grande.",NA,"-18.699525","Planta coletada em mata secundária; arbusto escandente; brácteas vermelhas.",NA,"Southern America",NA
"38","2019-10-02 14:52:24-03","UFMG","BHCB","68208","PreservedSpecimen","Plantae","Mota, RC da","2001","12","12","Brasil","Minas Gerais","Frei Inocêncio","-47.8498","-18.520411",NA,NA,NA,"Dicotyledon","Convolvulaceae","Ipomoea","indivisa","Ipomoea indivisa","(Vell.) Hallier f.",NA,"1334",NA,NA,NA,NA,"Serra do Paiol.","-47.8498","-18.520411","Plantas do Brasil. Coletada em fresta de paredão rochoso. Erva escandente. Flores vermelhas; Planta coletada em fresta de paredão rochoso; erva escandente; flores vermelhas.",NA,"Southern America",NA
"39","2019-12-16 17:40:50-03","UFMG","BHCB","68263","PreservedSpecimen","Plantae","Mota, RC da","2001","12","12","Brasil","Minas Gerais","Frei Inocêncio","-47.990689","-18.699525",NA,"BHCB053113",NA,"Dicotyledon","Acanthaceae","Justicia","scheidweileri","Justicia scheidweileri","V. A. W. Graham",NA,"1388","BHCB053113",NA,NA,NA,"Rio Suaçuí Grande., Redondezas do Rio Suaçuí Grande.","-47.990689","-18.699525","Erva, brácteas vináceas.; Mata secundária.",NA,"Southern America",NA
"40","2019-10-02 15:04:56-03","UFMG","BHCB","68207","PreservedSpecimen","Plantae","Mota, RC da","2001","12","12","Brasil","Minas Gerais","Frei Inocêncio",NA,"-18.520411",NA,NA,NA,"Dicotyledon","Verbenaceae","Lippia",NA,"Lippia",NA,NA,"1333",NA,NA,NA,NA,"Serra do Paiol.",NA,"-18.520411","Planta coletada em fresta de paredão rochoso; arbusto; flores amarelas.",NA,"Southern America",NA
"41","2019-10-02 14:53:16-03","UFMG","BHCB","68215","PreservedSpecimen","Plantae","Mota, RC da","2001","12","12","Brasil","Minas Gerais","Frei Inocêncio",NA,"-18.520411",NA,NA,NA,"Dicotyledon","Euphorbiaceae","Manihot","anomala","Manihot anomala","Pohl",NA,"1341",NA,NA,NA,NA,"Serra do Paiol.",NA,"-18.520411","Planta coletada em fresta de paredão rochoso; arbusto; frutos imaturos.",NA,"Southern America",NA
"42","2019-10-02 15:07:09-03","UFMG","BHCB","68238","PreservedSpecimen","Plantae","Mota, RC da","2001","12","12","Brasil","Minas Gerais","Frei Inocêncio",NA,"-18.699525",NA,NA,NA,"Monocotyledon","Marantaceae","Maranta",NA,"Maranta",NA,NA,"1363",NA,NA,NA,NA,"Rio Suaçuí Grande.",NA,"-18.699525","Planta coletada em mata secundária; erva; flores brancas com máculas vináceas.",NA,"Southern America",NA
"43","2019-10-02 15:08:28-03","UFMG","BHCB","68201","PreservedSpecimen","Plantae","Mota, RC da","2001","12","12","Brasil","Minas Gerais","Frei Inocêncio","-47.990689","-18.699525",NA,"BHCB039337",NA,"Monocotyledon","Poaceae","Olyra","ciliatifolia","Olyra ciliatifolia","Raddi",NA,"1327",NA,"2003","12",NA,"Rio Suaçuí Grande.","-47.990689","-18.699525","Erva.; Planta coletada em mata secundária",NA,"Southern America",NA
"44","2019-10-02 15:08:28-03","UFMG","BHCB","68200","PreservedSpecimen","Plantae","Mota, RC da","2001","12","12","Brasil","Minas Gerais","Frei Inocêncio","-47.990689","-18.699525",NA,"BHCB039322",NA,"Monocotyledon","Poaceae","Olyra","latifolia","Olyra latifolia","L.",NA,"1326",NA,"2001",NA,NA,"Rio Suaçuí Grande.","-47.990689","-18.699525","Erva.; Planta coletada em mata secundária",NA,"Southern America",NA
"45","2019-10-02 15:01:10-03","UFMG","BHCB","68217","PreservedSpecimen","Plantae","Mota, RC da","2001","12","12","Brasil","Minas Gerais","Frei Inocêncio","-59.446667","-18.699525",NA,"BHCB022808",NA,"Dicotyledon","Oxalidaceae","Oxalis",NA,"Oxalis",NA,NA,"1343",NA,NA,NA,NA,"Rio Suaçuí Grande.","-59.446667","-18.699525","Erva; flores amarelas; Planta coletada em mata secundária",NA,"Southern America",NA
"46","2019-10-02 15:01:10-03","UFMG","BHCB","68218","PreservedSpecimen","Plantae","Mota, RC da","2001","12","12","Brasil","Minas Gerais","Frei Inocêncio","-47.990689","-18.699525",NA,"BHCB022821",NA,"Dicotyledon","Oxalidaceae","Oxalis",NA,"Oxalis",NA,NA,"1344",NA,NA,NA,NA,"Rio Suaçuí Grande.","-47.990689","-18.699525","Erva; flores amarelas; Planta coletada em mata secundária",NA,"Southern America",NA
"47","2019-10-02 15:01:10-03","UFMG","BHCB","68219","PreservedSpecimen","Plantae","Mota, RC da","2001","12","12","Brasil","Minas Gerais","Frei Inocêncio",NA,"-18.599611",NA,NA,NA,"Dicotyledon","Oxalidaceae","Oxalis","cytisoides","Oxalis cytisoides","Mart. ex Zucc.",NA,"1345",NA,NA,NA,NA,"Serra do Paiol.",NA,"-18.599611","Planta coletada em mata ciliar; erva; flores róseas.",NA,"Southern America",NA
"48","2019-10-02 14:56:27-03","UFMG","BHCB","68240","PreservedSpecimen","Plantae","Mota, RC da","2001","12","12","Brasil","Minas Gerais","Frei Inocêncio",NA,"-18.520411",NA,NA,NA,"Dicotyledon","Malvaceae","Pavonia",NA,"Pavonia",NA,NA,"1365",NA,NA,NA,NA,"Serra do Paiol.",NA,"-18.520411","Planta coletada em fresta de paredão rochoso; subarbusto; flores róseas.",NA,"Southern America",NA
"49","2019-10-02 14:51:48-03","UFMG","BHCB","68281","PreservedSpecimen","Plantae","Mota, RC da","2001","12","12","Brasil","Minas Gerais","Frei Inocêncio",NA,"-18.520411",NA,NA,NA,"Dicotyledon","Cactaceae","Pilosocereus","aurisetus","Pilosocereus aurisetus","(Werderm.) Byles & G.D.Rowley",NA,"1406",NA,NA,NA,NA,"Serra do Paiol.",NA,"-18.520411","Planta coletada em fresta de paredão; arbusto; flores cremes.",NA,"Southern America",NA
"50","2019-10-02 15:01:31-03","UFMG","BHCB","68195","PreservedSpecimen","Plantae","Mota, RC da","2001","12","12","Brasil","Minas Gerais","Frei Inocêncio",NA,"-18.599611",NA,NA,NA,"Dicotyledon","Piperaceae","Piper",NA,"Piper","L.",NA,"1321",NA,NA,NA,NA,"Serra do Paiol.",NA,"-18.599611","Planta coletada em mata de galeria; arbusto.",NA,"Southern America",NA
"51","2019-12-16 17:40:50-03","UFMG","BHCB","68264","PreservedSpecimen","Plantae","Mota, RC da","2001","12","12","Brasil","Minas Gerais","Frei Inocêncio","-47.851944","-18.599611",NA,"BHCB053216",NA,"Dicotyledon","Acanthaceae","Ruellia",NA,"Ruellia","L.",NA,"1389","BHCB053216",NA,NA,NA,"Rio Suaçuí Grande.","-47.851944","-18.599611","Erva, flores vermelhas.; Mata de galeria.",NA,"Southern America",NA
"52","2019-10-02 15:07:09-03","UFMG","BHCB","68239","PreservedSpecimen","Plantae","Mota, RC da","2001","12","12","Brasil","Minas Gerais","Frei Inocêncio",NA,"-18.699525",NA,NA,NA,"Monocotyledon","Marantaceae","Saranthe",NA,"Saranthe",NA,NA,"1364",NA,NA,NA,NA,"Rio Suaçuí Grande.",NA,"-18.699525","Planta coletada em mata secundária; erva; flores amarelas.",NA,"Southern America",NA
"53","2019-10-02 14:54:56-03","UFMG","BHCB","68224","PreservedSpecimen","Plantae","Mota, RC da","2001","12","12","Brasil","Minas Gerais","Frei Inocêncio",NA,"-18.520411",NA,NA,NA,"Dicotyledon","Gesneriaceae","Sinningia","brasiliensis","Sinningia brasiliensis","(Regel & Schmidt) Wiehler & Chautems",NA,"1350",NA,NA,NA,NA,"Serra do Paiol.",NA,"-18.520411","Planta coletada em fresta de paredão rochoso; subarbusto; flores verdes com máculas vináceas.",NA,"Southern America",NA
"54","2019-10-02 15:04:18-03","UFMG","BHCB","68278","PreservedSpecimen","Plantae","Mota, RC da","2001","12","12","Brasil","Minas Gerais","Frei Inocêncio","-47.990689","-18.699525",NA,"BHCB046788",NA,"Dicotyledon","Solanaceae","Solanum","hexandrum","Solanum hexandrum","Vell.",NA,"1403",NA,NA,NA,NA,"Rio Suaçuí Grande","-47.990689","-18.699525","S. hexandrum, pode ser híbrido com S. polytrichum.; Flores roxas e estames amarelos.; Planta coletada em mata secundária; subarbustivo;",NA,"Southern America",NA
"55","2019-10-02 15:05:01-03","UFMG","BHCB","68206","PreservedSpecimen","Plantae","Mota, RC da","2001","12","12","Brasil","Minas Gerais","Frei Inocêncio",NA,"-18.587111",NA,NA,NA,"Dicotyledon","Verbenaceae","Stachytarpheta",NA,"Stachytarpheta",NA,NA,"1332",NA,NA,NA,NA,"Serra do Paiol.",NA,"-18.587111","Planta coletada em mata de galeria; erva; flores azul-esverdeadas.",NA,"Southern America",NA
"56","2019-10-02 15:08:40-03","UFMG","BHCB","68235","PreservedSpecimen","Plantae","Mota, RC da","2001","12","12","Brasil","Minas Gerais","Frei Inocêncio",NA,"-18.699525",NA,"BHCB045954",NA,"Monocotyledon","Poaceae","Streptochaeta","spicata","Streptochaeta spicata","Schrad. ex Nees",NA,"1360",NA,"2018",NA,NA,"Rio Suaçuí Grande.",NA,"-18.699525","erva; Planta coletada em mata secundária",NA,"Southern America",NA
"57","2019-10-02 14:51:41-03","UFMG","BHCB","68243","PreservedSpecimen","Plantae","Mota, RC da","2001","12","12","Brasil","Minas Gerais","Frei Inocêncio","-47.990689","-18.699525",NA,"BHCB051192",NA,"Dicotyledon","Boraginaceae","Tournefortia","paniculata","Tournefortia paniculata","Cham.",NA,"1368",NA,"2003","06","10","Redondezas do Rio Suaçuí Grande.","-47.990689","-18.699525","Arbusto escandente.; Borda de mata secundária.",NA,"Southern America",NA
"58","2019-10-02 14:59:33-03","UFMG","BHCB","68197","PreservedSpecimen","Plantae","Mota, RC da","2001","12","12","Brasil","Minas Gerais","Frei Inocêncio",NA,"-18.699525",NA,NA,NA,"Dicotyledon","Meliaceae","Trichilia","hirta","Trichilia hirta","L.",NA,"1323",NA,NA,NA,NA,"Rio Suaçuí Grande.",NA,"-18.699525","Planta coletada em mata secundária; árvore.",NA,"Southern America",NA
"59","2019-10-02 15:08:55-03","UFMG","BHCB","68221","PreservedSpecimen","Plantae","Mota, RC da","2001","12","12","Brasil","Minas Gerais","Frei Inocêncio",NA,"-18.520411",NA,NA,NA,"Monocotyledon","Velloziaceae","Vellozia","plicata","Vellozia plicata","(Mart.) L.B.Sm. & Ayensu",NA,"1347",NA,NA,NA,NA,"Serra do Paiol.",NA,"-18.520411","Planta coletada em paredão rochoso; arbusto; frutos dispersando sementes.",NA,"Southern America",NA
"60","2020-02-18 22:19:57-03","UFMG","BHCB","71129","PreservedSpecimen","Plantae","Hatschbach, G","1984","04","11","Brasil","Minas Gerais","Frei Inocêncio","-41.9220008850098","-18.5450000762939","22276",NA,"auto","Dicotyledon","Fabaceae","Centrolobium","microchaete","Centrolobium microchaete","(Mart. ex Benth.) H.C.Lima",NA,"47821",NA,NA,NA,NA,NA,NA,NA,"Árvore, 8m, flor amarela. Pequena mata remanescente.",NA,"Southern America",NA
"61","2019-10-02 15:05:57-03","UFMG","BHCB","68222","PreservedSpecimen","Plantae","Mota, RC da","2001","12","12","Brasil","Minas Gerais","Frei Inocêncio","-41.9220008850098","-18.5450000762939","22276",NA,"auto","Monocotyledon","Araceae","Xanthosoma","maximilianii","Xanthosoma maximilianii","Schott",NA,"1348",NA,NA,NA,NA,"Rio Suaçuí Grande.",NA,NA,"Planta coletada em borda de brejo; erva; brácteas cremes.",NA,"Southern America",NA
"62","2019-11-13 11:21:46-03","USP","SPF","153295","PreservedSpecimen","Plantae","Hatschbach, G","1984","04","11","Brasil","Minas Gerais","Frei Inocêncio","-41.9220008850098","-18.5450000762939","22276","SPF00153295","auto",NA,"Leguminosae","Centrolobium","microchaete","Centrolobium microchaete","(Mart. ex Benth.) H.C.Lima","Lima, HC","47821",NA,NA,NA,NA,NA,NA,NA,NA,NA,NA,NA
"63","2018-12-03 11:16:30-02","CEPLAC","CEPEC","99139","S","Plantae","G. Hatschbach","1984","04","11","Brasil","Minas Gerais","frei inocêncio","-41.9220008850098","-18.5450000762939","22276",NA,"auto",NA,"Fabaceae","Centrolobium","microchaete","Centrolobium microchaete",NA,"H. C. de Lima","47821",NA,NA,NA,NA,"Arredores da cidade.",NA,NA,NA,NA,NA,NA
"64","2019-11-07 11:19:21-03","UFMG","BHCB-SL","68255","PreservedSpecimen","Plantae","Mota, RC","2001","12","12","Brasil","Minas Gerais","Frei Inocêncio","-47.990689","-18.699525",NA,NA,NA,NA,"Pteridaceae","Adiantum","deflectens","Adiantum deflectens","Mart.","Salino, A","1380",NA,"2001",NA,NA,"Rio Suaçuí Grande.","-47.990689","-18.699525","Erva coletada em mata secundária.",NA,"América",NA
"65","2019-11-07 11:13:42-03","UFMG","BHCB-SL","68247","PreservedSpecimen","Plantae","Mota, RC","2001","12","12","Brasil","Minas Gerais","Frei Inocêncio","-47.8498","-18.520411",NA,NA,NA,NA,"Anemiaceae","Anemia",NA,"Anemia","Sw.",NA,"1372",NA,NA,NA,NA,"Serra do Paiol.","-47.8498","-18.520411",NA,NA,"América",NA
"66","2019-11-07 11:13:45-03","UFMG","BHCB-SL","68248","PreservedSpecimen","Plantae","Mota, RC","2001","12","12","Brasil","Minas Gerais","Frei Inocêncio","-47.990689","-18.699525",NA,NA,NA,NA,"Anemiaceae","Anemia","collina","Anemia collina","Raddi","Salino, A","1373",NA,NA,NA,NA,"Rio Suaçuí Grande.","-47.990689","-18.699525",NA,NA,"América",NA
"67","2019-11-07 11:19:35-03","UFMG","BHCB-SL","68260","PreservedSpecimen","Plantae","Mota, RC","2001","12","12","Brasil","Minas Gerais","Frei Inocêncio","-47.990689","-18.699525",NA,NA,NA,NA,"Pteridaceae","Adiantum","tetragonum","Adiantum tetragonum","Schrad.","Salino, A","1385",NA,"2004","09",NA,"Rio Suaçuí Grande.","-47.990689","-18.699525","Planta coletada em mata secundária; erva.",NA,"América",NA
"68","2019-11-07 11:19:14-03","UFMG","BHCB-SL","68253","PreservedSpecimen","Plantae","Mota, RC","2001","12","12","Brasil","Minas Gerais","Frei Inocêncio","-47.990689","-18.699525",NA,NA,NA,NA,"Pteridaceae","Acrostichum","danaeifolium","Acrostichum danaeifolium","Langsd. & Fisch.","Salino, A","1378",NA,NA,NA,NA,"Rio Suaçuí Grande.","-47.990689","-18.699525","Planta coletada em área brejosa; erva.",NA,"América",NA
"69","2019-11-07 11:13:58-03","UFMG","BHCB-SL","68252","PreservedSpecimen","Plantae","Mota, RC","2001","12","12","Brasil","Minas Gerais","Frei Inocêncio",NA,"-18.699525",NA,NA,NA,NA,"Anemiaceae","Anemia","rotundifolia","Anemia rotundifolia","Schrad.","Jascone, CE","1377",NA,"2005","06",NA,"Rio Suaçuí Grande.",NA,"-18.699525",NA,NA,"América",NA
"70","2019-11-07 11:13:49-03","UFMG","BHCB-SL","68250","PreservedSpecimen","Plantae","Mota, RC","2001","12","12","Brasil","Minas Gerais","Frei Inocêncio","-4.851944","-18.599611",NA,NA,NA,NA,"Anemiaceae","Anemia","luetzelburgii","Anemia luetzelburgii","Rosenst.","Salino, A","1375",NA,NA,NA,NA,"Rio Suaçuí Grande.","-4.851944","-18.599611","Planta coletada em mata secundária; erva",NA,"América",NA
"71","2019-11-07 11:21:24-03","UFMG","BHCB-SL","68249","PreservedSpecimen","Plantae","Mota, RC","2001","12","12","Brasil","Minas Gerais","Frei Inocêncio","-47.990689","-18.699525",NA,NA,NA,NA,"Thelypteridaceae","Christella","dentata","Christella dentata","(Forssk.) Brownsey & Jermy","Salino, A","1374",NA,NA,NA,NA,"Rio Suaçuí Grande.","-47.990689","-18.699525","Erva, coletada em mata secundária",NA,"América",NA
"72","2020-03-04 20:43:45-03","UFMG","BHCB-SL","68259","PreservedSpecimen","Plantae","Mota, RC","2001","12","12","Brasil","Minas Gerais","Frei Inocêncio","-47.990689","-18.699525",NA,NA,NA,NA,"Thelypteridaceae","Cyclosorus","interruptus","Cyclosorus interruptus","(Willd.) Ito","Salino, A","1384",NA,NA,NA,NA,"Rio Suaçuí Grande.","-47.990689","-18.699525","Erva coletada no brejo",NA,"América",NA
"73","2019-12-19 16:21:03-03","UFMG","BHCB-SL","68256","PreservedSpecimen","Plantae","Mota, RC","2001","12","12","Brasil","Minas Gerais","Frei Inocêncio","-47.990689","-18.699525",NA,"BHCB002496",NA,NA,"Selaginellaceae","Selaginella","sulcata","Selaginella sulcata","(Desv. ex Poir.) Spring","Heringer, G","1381","BHCB002496","2010","03",NA,"Rio Suaçuí Grande.","-47.990689","-18.699525","Planta coletada em mata secundária. erva.",NA,"América",NA
"74","2019-11-21 10:04:31-03","IBt","SP","258387","S","Plantae","Gemtchújnicov, ID","1972","01","31","Brasil","Minas Gerais","Frei Inocêncio","-41.9220008850098","-18.5450000762939","22276",NA,"auto",NA,"Euphorbiaceae","Microstachys","daphnoides","Microstachys daphnoides","(Mart.) Müll.Arg.","Cordeiro, I","14",NA,"1992","04",NA,"Fazenda Macuco",NA,NA,NA,NA,NA,NA
