"record_id","modified","institutionCode","collectionCode","catalogNumber","basisOfRecord","kingdom","phylum","family","genus","specificEpithet","scientificName","scientificNameAuthorship","identifiedBy","yearIdentified","monthIdentified","recordedBy","recordNumber","year","month","day","continentOcean","country","stateProvince","county","locality","decimalLongitude","decimalLatitude","coordinatePrecision","occurrenceRemarks","barcode","geoFlag","imagecode","order","verbatimLongitude","verbatimLatitude","minimumElevationInMeters","maximumElevationInMeters","dayIdentified","class"
"1","2019-11-21 14:48:33-03","UFJF","CESJ","65001","PreservedSpecimen","Plantae","Angiosperma","Verbenaceae","Petrea","volubilis","Petrea volubilis","L.","F.R.G. Salimena","2015","03","S.G. Rezende","1220","2005","09","28","América do Sul","Brasil","Minas Gerais","Gonzaga","Margens do Rio Corrente Grande","-42.4791984558105","-18.8222007751465","16211","Bioma: Cerrado. Habitat: Floresta Estacional Semidecídua. Hábito: Arbóreo. Coord.: UTM Lat. 7.903.195 e Long. 760.720. Doação da empresa Sete Soluções Consultoria para o Herbário BHZB.","CESJ065001","auto",NA,NA,NA,NA,NA,NA,NA,NA
"2","2019-11-21 14:52:44-03","UFJF","CESJ","57342","PreservedSpecimen","Plantae","Polypodiopsida","Gleicheniaceae","Sticherus","bifidus","Sticherus bifidus","(Willd.) Ching","L.V. Lima","2017","08","T.E. Almeida; D.T. Souza","2018","2009","07","08","América do Sul","Brasil","Minas Gerais","Gonzaga","Margens do rio Corrente Grande. Floresta Estacional Semidecidual. 18º56'59''S 42º32'45''W. 417m. Terrestre em barranco a beira de estrada.","-42.4791984558105","-18.8222007751465","16211",NA,"CESJ057342","auto","CESJ057342",NA,NA,NA,NA,NA,NA,NA
"3","2019-11-01 15:33:01-03","PUC-RIO","FCAB","7071","PreservedSpecimen","Plantae",NA,"Amaranthaceae","Pfaffia",NA,"Pfaffia",NA,NA,NA,NA,"S.G. Rezende; Werneck, M.S.","1216","2005","09","15",NA,"Brasil","Minas Gerais","Gonzaga","Margens do Rio Corrente Grande.","-42.524167","-0.315833",NA,"Cerrado, Pastagem, Herbáceo.","007071",NA,NA,"Angiospermae","-42.524167","-0.315833",NA,NA,NA,NA
"4","2019-10-02 15:03:23-03","UFMG","BHCB","125257","PreservedSpecimen","Plantae","Dicotyledon","Solanaceae","Athenaea",NA,"Athenaea",NA,NA,NA,NA,"Kamino, LHY; Maielo Silva, L","1160","2008","09","05","Southern America","Brasil","Minas Gerais","Gonzaga","Fazenda do Sr. Gezier Nunes","-42.448339","-18.810406",NA,"Prensado em álcool; Arbusto, 1,5m; pétalas brancas, máculas roxas e sépalas verdes, tricomas glanduralres, prensado em alcool; Mata","BHCB005175",NA,NA,NA,"-42.448339","-18.810406","800","800",NA,NA
"5","2019-10-31 18:28:59-03","UFMG","BHCB","125258","PreservedSpecimen","Plantae","Monocotyledon","Poaceae","Merostachys",NA,"Merostachys",NA,NA,"2019","07","Kamino, LHY; Maielo Silva, L","1173","2008","09","05","Southern America","Brasil","Minas Gerais","Gonzaga","Fazenda do Sr. Gezier Nunes","-42.448333","-18.810278",NA,"Sub-bosque, colmo áspero.","BHCB012913",NA,NA,NA,"-42.448333","-18.810278","800","800",NA,NA
"6","2019-10-31 18:28:59-03","UFMG","BHCB","125259","PreservedSpecimen","Plantae","Monocotyledon","Poaceae","Merostachys","fischeriana","Merostachys fischeriana","Rupr. ex Döll",NA,"2018",NA,"Kamino, LHY; Maielo Silva, L","1174","2008","09","05","Southern America","Brasil","Minas Gerais","Gonzaga","Fazenda do Sr. Gezier Nunes","-42.448333","-18.810278",NA,"Sub-bosque, colmo liso.; Mata.","BHCB012954",NA,NA,NA,"-42.448333","-18.810278","800","800",NA,NA
"7","2019-10-02 15:00:49-03","UFMG","BHCB","124250","PreservedSpecimen","Plantae","Dicotyledon","Myrtaceae","Psidium","oblongatum","Psidium oblongatum","O.Berg",NA,"2008","10","Kamino, LHY; Maielo Silva, L","1157","2008","09","05","Southern America","Brasil","Minas Gerais","Gonzaga","Casa Sr. Cândido","-42.3275","-18.773611",NA,"Arbusto, frutos imaturos verdes.","BHCB014807",NA,NA,NA,"-42.3275","-18.773611","74","74","01",NA
"8","2019-10-02 15:04:03-03","UFMG","BHCB","128789","PreservedSpecimen","Plantae","Dicotyledon","Solanaceae","Solanum","asperum","Solanum asperum","Rich.",NA,"2009","07","Almeida, TE; Souza, DT","1886","2009","03","24","Southern America","Brasil","Minas Gerais","Gonzaga","Margens do rio Corrente Grande","-42.545778","-18.946861",NA,"Arbusto em borda de mata, 1,5m de altura. Flores brancas.; Floresta Estadual Semidecidual.","BHCB023598",NA,NA,NA,"-42.545778","-18.946861","496","496",NA,NA
"9","2019-10-02 15:04:03-03","UFMG","BHCB","124199","PreservedSpecimen","Plantae","Dicotyledon","Solanaceae","Solanum","asterophorum","Solanum asterophorum","Mart.",NA,NA,NA,"Kamino, LHY; Maielo Silva, L","1152","2008","09","05","Southern America","Brasil","Minas Gerais","Gonzaga","Fazenda do Sr. Gezier Nunes, Mata.","-42.77","-19.334722",NA,"Herbáceo, frutos imaturos verdes.",NA,NA,NA,NA,"-42.77","-19.334722","790","790",NA,NA
"10","2019-10-02 14:52:11-03","UFMG","BHCB","170275","PreservedSpecimen","Plantae","Dicotyledon","Chrysobalanaceae","Licania",NA,"Licania",NA,NA,NA,NA,"Kamino, LHY; Maielo Silva, L","1164","2008","09","05","Southern America","Brasil","Minas Gerais","Gonzaga","Mata Gezier Nunes","-42.4791984558105","-18.8222007751465","16211","Arbóreo, frutos imaturos com tricomas marrons","BHCB043505","auto",NA,NA,NA,NA,NA,NA,NA,NA
"11","2019-10-02 14:59:55-03","UFMG","BHCB","170276","PreservedSpecimen","Plantae","Dicotyledon","Myrtaceae","Campomanesia","guaviroba","Campomanesia guaviroba","(DC.) Kiaersk.",NA,NA,NA,"Kamino, LHY; Maielo Silva, L","1165","2008","09","05","Southern America","Brasil","Minas Gerais","Gonzaga","Mata Gezier Nunes","-42.4791984558105","-18.8222007751465","16211","Arbóreo, frutos imaturos verdes. Gabiroba","BHCB036742","auto","BHCB036742",NA,NA,NA,NA,NA,NA,NA
"12","2019-10-02 15:08:16-03","UFMG","BHCB","170282","PreservedSpecimen","Plantae","Monocotyledon","Poaceae","Chusquea","longispiculata","Chusquea longispiculata","L.G.Clark",NA,"2018","03","Kamino, LHY; Maielo Silva, L","1172","2008","10","05","Southern America","Brasil","Minas Gerais","Gonzaga","Mata Gezier Nunes","-42.4791984558105","-18.8222007751465","16211","''Substância colante''","BHCB036734","auto",NA,NA,NA,NA,NA,NA,"20",NA
"13","2017-11-24 14:11:50-02","UFLA","ESAL","2167","S","Plantae",NA,"Nyctaginaceae","Neea","theifera","Neea theifera","Oerst.",NA,NA,NA,"Rubens José A. Regina","s.n.",NA,NA,NA,NA,"Brasil","Minas Gerais","Tomaz Gonzaga",NA,NA,NA,NA,"arbusto; ; panícula terminal ereta; oblongo ovoide; cerrado",NA,NA,NA,NA,NA,NA,NA,NA,NA,NA
"14","2019-06-10 10:11:44-03","FZB-BH","BHZB","5666","S","Plantae",NA,"Thelypteridaceae","Thelypteris","dentata","Thelypteris dentata",NA,"A. Salino",NA,NA,"Rezende, S.G.","282","2005","10","19",NA,"Brasil","MG","Gonzaga","Bacia do rio Corrente Grande","-42.4791984558105","-18.8222007751465","16211",NA,NA,"auto",NA,NA,NA,NA,NA,NA,NA,NA
"15","2019-06-10 10:10:22-03","FZB-BH","BHZB","5815","S","Plantae",NA,"Asteraceae","Vernonanthura","diffusa","Vernonanthura diffusa",NA,NA,NA,NA,"Rezende, S.G et al.","1203","2005","09","15",NA,"Brasil","MG","Gonzaga","Margens do rio Corrente Grande","-42.524167","-18.947222",NA,"Coord. UTM: Lat. 7.903.195 e long. 760.720. Com duplicata.",NA,NA,NA,NA,"42W 31' 27","18S 56' 50",NA,NA,NA,NA
"16","2019-06-10 10:10:22-03","FZB-BH","BHZB","5819","S","Plantae",NA,"Asteraceae","Vernonia","sp.","Vernonia sp.",NA,NA,NA,NA,"Rezende, S.G et al.","1207","2006","09","15",NA,"Brasil","MG","Gonzaga","Margens do rio Corrente Grande","-42.524167","-18.947222",NA,"Coord.: UTM lat. 7.903.195 e Long. 760.720. Com duplicata.",NA,NA,NA,NA,"42W 31' 27","18S 56' 50",NA,NA,NA,NA
"17","2019-06-10 10:11:27-03","FZB-BH","BHZB","5817","S","Plantae",NA,"Poaceae","Parodiolyra","micrantha","Parodiolyra micrantha",NA,NA,NA,NA,"Rezende, S.G.","433","2005","09","15",NA,"Brasil","MG","Gonzaga","Margens do rio Corrente Grande","-42.524167","-18.947222",NA,"Coord.: UTM Lat. 7.903.195 e Long. 760.720. Com duplicata.",NA,NA,NA,NA,"42W 31' 27","18S 56' 50",NA,NA,NA,NA
"18","2019-06-10 10:10:07-03","FZB-BH","BHZB","5724","S","Plantae",NA,"Apocynaceae","Rauvolfia","sellowii","Rauvolfia sellowii",NA,NA,NA,NA,"Rezende, S.G et al.","888","2005","09","28",NA,"Brasil","MG","Gonzaga","Bacia Rio Corrente Grande","-42.524167","-18.947222",NA,"Coord.: UTM Lat.: 7.9031.195 e Long.: 760.720. Altitude média de 850m. Outros coletores: Werneck, M.S. Doação de duplicata para Herbário HUEFS em setembro de 2014..Doação de duplicata para o Herbário COR Dezembro 2015.",NA,NA,NA,NA,"42W 31' 27","18S 56' 50","850","850",NA,NA
"19","2019-06-10 10:11:13-03","FZB-BH","BHZB","5835","S","Plantae",NA,"Moraceae","Ficus","sp.","Ficus sp.",NA,NA,NA,NA,"Rezende, S.G.","1223","2005","09","28",NA,"Brasil","MG","Gonzaga","Margens do rio Corrente Grande","-42.524167","-18.947222",NA,"Coord. UTM Lat. 7.903.195 e Long. 760.720. Com duplicata.",NA,NA,NA,NA,"42W 31' 27","18S 56' 50",NA,NA,NA,NA
"20","2019-06-10 10:10:30-03","FZB-BH","BHZB","5820","S","Plantae",NA,"Caryophyllaceae",NA,"sp.",NA,NA,"Daniela Zappi","2009","11","Rezende, S.G et al.","1208","2005","09","15",NA,"Brasil","MG","Gonzaga","Margens do rio Corrente Grande","-42.524167","-18.947222",NA,"Coord. UTM: Lat. 7.903.195 e Long. 760.720.",NA,NA,NA,NA,"42W 31' 27","18S 56' 50",NA,NA,NA,NA
"21","2019-06-10 10:11:17-03","FZB-BH","BHZB","5834","S","Plantae",NA,"Ni",NA,"sp.",NA,NA,NA,NA,NA,"Rezende, S.G.","1222","2005","09","28",NA,"Brasil","MG","Gonzaga","Margens do rio Corrente Grande","-42.524167","-18.947222",NA,"Coord. UTM Lat. 7.903.195 e Long. 460.720. Com duplicata.",NA,NA,NA,NA,"42W 31' 27","18S 56' 50",NA,NA,NA,NA
"22","2019-06-10 10:10:27-03","FZB-BH","BHZB","5829","S","Plantae",NA,"Bromeliaceae","Acanthostachys","strobilacea","Acanthostachys strobilacea",NA,NA,NA,NA,"Rezende, S.G et al.","1229","2005","09","15",NA,"Brasil","MG","Gonzaga","Margens do rio Corrente Grande,Coord. UTM Lat. 7.903.195 e Long. 760.720.","-42.524167","-18.947222",NA,"Epífita. Unicata. Doação de duplicata para Herbário RB em Abril de 2017",NA,NA,NA,NA,"42W 31' 27","18S 56' 50",NA,NA,NA,NA
"23","2019-06-10 10:10:27-03","FZB-BH","BHZB","5830","S","Plantae",NA,"Bromeliaceae","Aechmea","sp.","Aechmea sp.",NA,NA,NA,NA,"Rezende, S.G et al.","1218","2005","09","15",NA,"Brasil","MG","Gonzaga","Margens de rio Corrente Grande","-42.524167","-18.947222",NA,"Epífita. Coord.: UTM Lat.: 7.903.195 e Long.: 760.720. Outros coletores: Werneck, M.S.",NA,NA,NA,NA,"42W 31' 27","18S 56' 50",NA,NA,NA,NA
"24","2019-06-10 10:11:39-03","FZB-BH","BHZB","5722","S","Plantae",NA,"Sapindaceae","Allophylus","edulis","Allophylus edulis",NA,NA,NA,NA,"Rezende, S.G.","886","2005","09","14",NA,"Brasil","MG","Gonzaga","Bacia rio Corrente Grande,Coord.: UTM Lat.: 7.9031.195 e Long.: 760.720.","-42.524167","-18.947222",NA,"Altitude média de 850m. Com duplicata.",NA,NA,NA,NA,"42W 31' 27","18S 56' 50","850","850",NA,NA
"25","2019-06-10 10:10:57-03","FZB-BH","BHZB","5715","S","Plantae",NA,"Lauraceae","Aniba","firmula","Aniba firmula",NA,"A.Quinet","2007","03","Rezende, S.G.","879","2005","09","25",NA,"Brasil","MG","Gonzaga","Bacia rio Corrente Grande","-42.524167","-18.947222",NA,"Coord.: UTM Lat.: 7.9031.195 e Long.: 760.720. Altitude média de 850m. Com duplicata.",NA,NA,NA,NA,"42W 31' 27","18S 56' 50","850","850","09",NA
"26","2019-06-10 10:10:57-03","FZB-BH","BHZB","5668","S","Plantae",NA,"Lauraceae","Aniba","firmula","Aniba firmula",NA,NA,NA,NA,"Rezende, S.G.","724","2005","10","19",NA,"Brasil","MG","Gonzaga","Bacia do rio grande Corrente","-42.4791984558105","-18.8222007751465","16211","Altitude média de 850m.",NA,"auto",NA,NA,NA,NA,"850","850",NA,NA
"27","2019-06-10 10:10:24-03","FZB-BH","BHZB","5827","S","Plantae",NA,"Begoniaceae","Begonia","sp.","Begonia sp.",NA,NA,NA,NA,"Rezende, S.G et al.","1215","2005","09","15",NA,"Brasil","MG","Gonzaga","Margens do rio Corrente Grande","-42.524167","-18.947222",NA,"Epífita. Coord.: UTM: Lat. 7.903.195 e Long. 760.720. Com duplicata.",NA,NA,NA,NA,"42W 31' 27","18S 56' 50",NA,NA,NA,NA
"28","2019-06-10 10:10:27-03","FZB-BH","BHZB","5826","S","Plantae",NA,"Bromeliaceae","Billbergia","horrida","Billbergia horrida",NA,NA,NA,NA,"Rezende, S.G et al.","1214","2005","09","15",NA,"Brasil","MG","Gonzaga","Margens do rio Corrente Grande","-42.524167","-18.947222",NA,"Epífita. Coord. UTM Lat. 7.903.195 e Long. 760.720.",NA,NA,NA,NA,"42W 31' 27","18S 56' 50",NA,NA,NA,NA
"29","2019-06-10 10:10:27-03","FZB-BH","BHZB","5822","S","Plantae",NA,"Bromeliaceae","Billbergia","horrida","Billbergia horrida",NA,NA,NA,NA,"Rezende, S.G et al.","1210","2005","09","15",NA,"Brasil","MG","Gonzaga","Margens do rio Corrente Grande","-42.524167","-18.947222",NA,"Epífita. Coord UTM: Lat. 7.903.195 e Long.760.720.",NA,NA,NA,NA,"42W 31' 27","18S 56' 50",NA,NA,NA,NA
"30","2019-06-10 10:10:27-03","FZB-BH","BHZB","5824","S","Plantae",NA,"Bromeliaceae","Billbergia","horrida","Billbergia horrida",NA,NA,NA,NA,"Rezende, S.G et al.","1212","2005","09","15",NA,"Brasil","MG","Gonzaga","Margens do rio Corrente Grande","-42.524167","-18.947222",NA,"Epífita. Coord. UTM: Lat. 7.903.195. e Long. 760.720.",NA,NA,NA,NA,"42W 31' 27","18S 56' 50",NA,NA,NA,NA
"31","2019-06-10 10:10:24-03","FZB-BH","BHZB","5667","S","Plantae",NA,"Blechnaceae","Blechnum","occidentale","Blechnum occidentale",NA,NA,NA,NA,"Rezende, S.G.","283","2005","10","19",NA,"Brasil","MG","Gonzaga","Bacia do rio Grande Corrente","-42.4791984558105","-18.8222007751465","16211",NA,NA,"auto",NA,NA,NA,NA,NA,NA,NA,NA
"32","2019-06-10 10:11:13-03","FZB-BH","BHZB","5714","S","Plantae",NA,"Moraceae","Brosimum","glaziovii","Brosimum glaziovii",NA,NA,NA,NA,"Rezende, S.G.","330","2005","09","25",NA,"Brasil","MG","Gonzaga","Bacia rio Corretnte Grande","-42.524167","-18.947222",NA,"coord. UTM Lat.: 7.9031.195 e Long.: 760.720. altitude média de 850m. Com duplicata.",NA,NA,NA,NA,"42W 31' 27","18S 56' 50","850","850",NA,NA
"33","2019-06-10 10:11:39-03","FZB-BH","BHZB","5833","S","Plantae",NA,"Salicaceae","Casearia","sylvestris","Casearia sylvestris",NA,NA,NA,NA,"Mendes, M.S. et al.","1221","2006","09","15",NA,"Brasil","MG","Gonzaga","Margens do rio Corrente Grande,oord.: UTM Lat. 7.903.195 e Long. 760.720.","-42.524167","-18.947222",NA,"Com duplicata.Doação de duplicata para Herbário RB em junho 2014. Anteriormente Casearia sp.",NA,NA,NA,NA,"42W 31' 27","18S 56' 50",NA,NA,NA,NA
"34","2019-06-10 10:11:32-03","FZB-BH","BHZB","5713","S","Plantae",NA,"Rhamnaceae","Colubrina","glandulosa","Colubrina glandulosa",NA,NA,NA,NA,"Rezende, S.G.","329","2005","09","25",NA,"Brasil","MG","Gonzaga","Bacia rio Corrente Grande","-42.524167","-18.947222",NA,"Coord. UTM Lat.: 7.9031.195 e Long.: 760.720. Altitude média de 850m.",NA,NA,NA,NA,"42W 31' 27","18S 56' 50","850","850",NA,NA
"35","2019-06-10 10:11:35-03","FZB-BH","BHZB","5717","S","Plantae",NA,"Rubiaceae","Cordiera","cf. myrciifolia","Cordiera cf. myrciifolia",NA,NA,NA,NA,"Rezende, S.G.","881","2005","09","25",NA,"Brasil","MG","Gonzaga","Bacia rio Corrente Grande","-42.524167","-18.947222",NA,"Coord.: UTM Lat. 7.9031.195 e Long.: 760.720 Altitude média de 850m. Doação para Herbário SPF em julho 2014",NA,NA,NA,NA,"42W 31' 27","18S 56' 50","850","850",NA,NA
"36","2019-06-10 10:11:39-03","FZB-BH","BHZB","5723","S","Plantae",NA,"Sapindaceae","Cupania","oblongifolia","Cupania oblongifolia",NA,NA,NA,NA,"Rezende, S.G.","887","2005","09","28",NA,"Brasil","MG","Gonzaga","Bacia rio Corrente Grande","-42.524167","-18.947222",NA,"Coord.: UTM Lat.: 7.9031.195 e Long.: 760.720. Altitude média de 850m. Com duplicata.",NA,NA,NA,NA,"42W 31' 27","18S 56' 50","850","850",NA,NA
"37","2019-06-10 10:11:00-03","FZB-BH","BHZB","5821","S","Plantae",NA,"Lythraceae","Cuphea","sp.","Cuphea sp.",NA,NA,NA,NA,"Rezende, S.G.","437","2005","09","15",NA,"Brasil","MG","Gonzaga","Margens do rio Corrente Grande","-42.524167","-18.947222",NA,"Coord. UTM Lat. 7.903.195 e lOng. 760.720. Com duplicata.",NA,NA,NA,NA,"42W 31' 27","18S 56' 50",NA,NA,NA,NA
"38","2019-06-10 10:10:41-03","FZB-BH","BHZB","5818","S","Plantae",NA,"Euphorbiaceae","Euphorbia","sp.","Euphorbia sp.",NA,NA,NA,NA,"Rezende, S.G et al.","1206","2006","09","15",NA,"Brasil","MG","Gonzaga","Margens do rio Corrente Grande","-42.524167","-18.947222",NA,"Coord. UTM lat. 7.903.195 e Long. 760.720. Outros coletores: Rezende, S.G. Com duplicata.",NA,NA,NA,NA,"42W 31' 27","18S 56' 50",NA,NA,NA,NA
"39","2019-06-10 10:11:13-03","FZB-BH","BHZB","5823","S","Plantae",NA,"Moraceae","Ficus","sp.","Ficus sp.",NA,NA,NA,NA,"Rezende, S.G.","439","2005","09","15",NA,"Brasil","MG","Gonzaga","Margens do rio Corrente Grande","-42.524167","-18.947222",NA,"Coord.: UTM Lat. 7.903.195 e Long. 760.720.",NA,NA,NA,NA,"42W 31' 27","18S 56' 50",NA,NA,NA,NA
"40","2019-06-10 10:10:35-03","FZB-BH","BHZB","5831","S","Plantae",NA,"Cyperaceae","Fimbristylis","sp.","Fimbristylis sp.",NA,NA,NA,NA,"Rezende, S.G. & Werneck, M.","1219","2005","09","15",NA,"Brasil","MG","Gonzaga","Margens do rio Corrente Grande","-42.524167","-18.947222",NA,"Coord. UTM Lat.: 7.903.195 e Long.: 760.720. Duplicata doada para Herbário NY",NA,NA,NA,NA,"42W 31' 27","18S 56' 50",NA,NA,NA,NA
"41","2019-06-10 10:11:13-03","FZB-BH","BHZB","5710","S","Plantae",NA,"Moraceae","Helicostylis","tomentosa","Helicostylis tomentosa",NA,NA,NA,NA,"Rezende, S.G.","326","2005","09","25",NA,"Brasil","MG","Gonzaga","Bacia rio Corrente Grande","-42.524167","-18.947222",NA,"Coord.: UTM Lat.: 7.9031.195 e Long.: 760.720. Altitude média de 850m. Com duplicata.",NA,NA,NA,NA,"42W 31' 27","18S 56' 50","850","850",NA,NA
"42","2019-06-10 10:10:02-03","FZB-BH","BHZB","5719","S","Plantae",NA,"Amaryllidaceae","Hippeastrum","glaucescens","Hippeastrum glaucescens",NA,NA,NA,NA,"Rezende, S.G et al.","883","2005","09","15",NA,"Brasil","MG","Gonzaga","Bacia Rio Corrente Grande","-42.524167","-18.947222",NA,"Coord.: UTM Lat.: 7.9031.195 e Long.: 760.720. Altitude média de 850m. Outros coletores: Werneck, M.S. Com duplicata.Área de pasto sujo.",NA,NA,NA,NA,"42W 31' 27","18S 56' 50","850","850",NA,NA
"43","2019-06-10 10:10:54-03","FZB-BH","BHZB","5721","S","Plantae",NA,"Lacistemataceae","Lacitema","pubescens","Lacitema pubescens",NA,NA,NA,NA,"Rezende, S.G.","337","2005","09","28",NA,"Brasil","MG","Gonzaga","Bacia rio Corrente Grande","-42.524167","-18.947222",NA,"Coord.: UTM lat.: 7.9031.195 e Long.: 760.720. Altitude média de 850m. Com duplicata.",NA,NA,NA,NA,"42W 31' 27","18S 56' 50","850","850",NA,NA
"44","2019-06-10 10:11:12-03","FZB-BH","BHZB","5712","S","Plantae",NA,"Monimiaceae","Mollinedia","schottiana","Mollinedia schottiana",NA,NA,NA,NA,"Rezende, S.G.","328","2005","08","25",NA,"Brasil","MG","Gonzaga","Bacia rio Corrente Grande","-42.524167","-18.947222",NA,"Coord.: UTM Lat.: 7.9031.195 e Long.: 760.720. Altitude média de 850m.",NA,NA,NA,NA,"42W 31' 27","18S 56' 50","850","850",NA,NA
"45","2019-06-10 10:10:57-03","FZB-BH","BHZB","5709","S","Plantae",NA,"Lauraceae","Nectandra","megapotamica","Nectandra megapotamica",NA,NA,NA,NA,"Rezende, S.G.","872","2005","09","25",NA,"Brasil","MG","Gonzaga","Bacia do rio Corrente Grande","-42.524167","-18.947222",NA,"Coord.: UTM Lat.: 7.9031.195 e Long.: 760.720. Altitude média de 850m. Com duplicata.",NA,NA,NA,NA,"42W 31' 27","18S 56' 50","850","850",NA,NA
"46","2019-06-10 10:10:57-03","FZB-BH","BHZB","5716","S","Plantae",NA,"Lauraceae","Ocotea","dispersa","Ocotea dispersa",NA,"A.Quinet","2007","03","Rezende, S.G.","880","2005","09","28",NA,"Brasil","MG","Gonzaga","Bacia rio grande Corrente","-42.524167","-18.947222",NA,"Coord.: UTM Lat.: 7.9031.195 e Long.: 760.720. Altitude média de 850m.Floresta Estacional Semidecidual",NA,NA,NA,NA,"42W 31' 27","18S 56' 50","850","850","09",NA
"47","2019-06-10 10:11:25-03","FZB-BH","BHZB","5718","S","Plantae",NA,"Piperaceae","Peperomia","elongata","Peperomia elongata",NA,"E.F.Guimarães","2015","09","Rezende, S.G.","882","2005","05","29",NA,"Brasil","MG","Gonzaga","Bacia rio Corrente Grande,Coord.: UTM Lat.: 7.9031.195 e Long.: 760.720.","-42.524167","-18.947222",NA,"Altitude média de 850m. Com duplicata.Doação de duplicata para herbário RB em fevereiro 2015..anteriormente identificada como Peperomia alata Ruiz & Pav.",NA,NA,NA,NA,"42W 31' 27","18S 56' 50","850","850",NA,NA
"48","2019-06-10 10:11:47-03","FZB-BH","BHZB","5832","S","Plantae",NA,"Verbenaceae","Petraea","volubilis","Petraea volubilis",NA,NA,NA,NA,"Rezende, S.G.","1220","2005","09","28",NA,"Brasil","MG","Gonzaga","Margens do rio Corrente Grande","-42.524167","-18.947222",NA,"Coord.: UTM Lat. 7.903.195 e Long. 760.720.Doação da empresa Sete Soluções Consultoria para o Herbário BHZB Com duplicata.Doação de duplicata para Herbário CESJ em julho 2014. Anteriormente identificada como Petraea sp.",NA,NA,NA,NA,"42W 31' 27","18S 56' 50",NA,NA,NA,NA
"49","2019-06-10 10:10:02-03","FZB-BH","BHZB","5828","S","Plantae",NA,"Amaranthaceae","Pfaffia","sp.","Pfaffia sp.",NA,NA,NA,NA,"Rezende, S.G et al.","1216","2005","09","15",NA,"Brasil","MG","Gonzaga","Margens do rio Corrente Grande","-42.524167","-18.947222",NA,"Coord.: UTM Lat. 7.903.195 e Long. 760.720. Outros coletores: Werneck, M. Com duplicata.",NA,NA,NA,NA,"42W 31' 27","18S 56' 50",NA,NA,NA,NA
"50","2019-06-10 10:10:28-03","FZB-BH","BHZB","5825","S","Plantae",NA,"Cactaceae","Rhipsalis","russellii","Rhipsalis russellii",NA,"D.R, Gonzaga","2018","01","Rezende, S.G et al.","1213","2005","09","15",NA,"Brasil","MG","Gonzaga","Margens do rio Corrente Grande","-42.524167","-18.947222",NA,"Epífita. Coord UTM: Lat. 7.903.195 e Long. 760.720. Outros coletores: Werneck, M. Com duplicata.Anteriormente ni.",NA,NA,NA,NA,"42W 31' 27","18S 56' 50",NA,NA,"26",NA
"51","2019-06-10 10:10:01-03","FZB-BH","BHZB","5816","S","Plantae",NA,"Acanthaceae","Ruellia","brevifolia","Ruellia brevifolia",NA,"C.S. Pessoa","2012","09","Rezende, S.G. & Werneck, M.","1204","2006","09","15",NA,"Brasil","MG","Gonzaga","Margens do rio Corrente Grande.","-42.524167","-18.947222",NA,"Coord. UTM Lat. 7.903.195 e Long. 760.720.",NA,NA,NA,NA,"42W 31' 27","18S 56' 50",NA,NA,"26",NA
"52","2019-06-10 10:11:13-03","FZB-BH","BHZB","5720","S","Plantae",NA,"Monimiaceae","Siparuna","guianensis","Siparuna guianensis",NA,NA,NA,NA,"Rezende, S.G.","336","2005","09","29",NA,"Brasil","MG","Gonzaga","Bacia rio Corrente Grande","-42.524167","-18.947222",NA,"Coord.: UTM Lat.: 7.9031.195 e Long.: 760.720. Altitude média de 850m. Com duplicata.",NA,NA,NA,NA,"42W 31' 27","18S 56' 50","850","850",NA,NA
"53","2019-06-10 10:10:35-03","FZB-BH","BHZB","5683","S","Plantae",NA,"Elaeocarpaceae","Sloanea","cf. guianensis","Sloanea cf. guianensis",NA,"M.Sobral",NA,NA,"Rezende, S.G.","832","2005","10","19",NA,"Brasil","MG","Gonzaga","Bacia do rio Grande Corrente,Altitude média de 850m.","-42.4791984558105","-18.8222007751465","16211",NA,NA,"auto",NA,NA,NA,NA,"850","850",NA,NA
"54","2019-11-13 11:29:57-03","USP","SPF","226914","PreservedSpecimen","Plantae",NA,"Rubiaceae","Cordiera","myrciifolia","Cordiera myrciifolia","(K.Schum.) C.H.Perss. & Delprete","Almeida-Costa, DG","2017","03","Rezende, SG","881","2005","09","25",NA,"Brasil","Minas Gerais","Gonzaga","Bacia do Rio Corrente Grande.","-42.4791984558105","-18.8222007751465","16211",NA,"SPF00226914","auto","SPF00226914",NA,NA,NA,"850","850",NA,NA
"55","2019-10-07 09:13:47-03","UEFS","HUEFS","215249","PreservedSpecimen","Plantae","Angiospermae","Apocynaceae","Tabernaemontana",NA,"Tabernaemontana",NA,"A.Rapini","2015",NA,"Rezende, S.G.","888","2005","09","28",NA,"Brasil","Minas Gerais","Gonzaga","Bacia Rio Corrente Grande.","-42.4791984558105","-18.8222007751465","16211","Cerrado. Floresta Estacional Semidecídua.","HUEFS0215249","auto","HUEFS0215249","Gentianales",NA,NA,NA,NA,NA,"Asteranae"
"56","2019-11-07 11:19:17-03","UFMG","BHCB-SL","133911","PreservedSpecimen","Plantae",NA,"Pteridaceae","Adiantopsis","radiata","Adiantopsis radiata","(L.) Fée","Almeida, TE","2009","09","Almeida, TE; Souza, DT","2115","2009","09","26","América","Brasil","Minas Gerais","Gonzaga","Margens do rio Corrente Grande, Mata Ciliar","-42.520556","-18.947444",NA,"Erva terrestre à margem do rio",NA,NA,NA,NA,"-42.520556","-18.947444","470","470","26",NA
"57","2019-11-07 11:19:18-03","UFMG","BHCB-SL","128793","PreservedSpecimen","Plantae",NA,"Pteridaceae","Adiantum",NA,"Adiantum",NA,NA,NA,NA,"Almeida, TE; Souza, DT","1890","2009","03","25","América","Brasil","Minas Gerais","Gonzaga","Margens do rio Corrente Grande, Floresta Estadual Semidecidual","-42.545778","-18.946861",NA,NA,NA,NA,NA,NA,"-42.545778","-18.946861","496","496",NA,NA
"58","2019-11-07 11:19:18-03","UFMG","BHCB-SL","128795","PreservedSpecimen","Plantae",NA,"Pteridaceae","Adiantum",NA,"Adiantum",NA,NA,NA,NA,"Almeida, TE; Souza, DT","1892","2009","03","25","América","Brasil","Minas Gerais","Gonzaga","Margens do rio Corrente Grande, Floresta Estadual Semidecidual","-42.545778","-18.946861",NA,"Erva terrestre no interior de mata",NA,NA,NA,NA,"-42.545778","-18.946861","496","496",NA,NA
"59","2019-11-07 11:19:21-03","UFMG","BHCB-SL","133912","PreservedSpecimen","Plantae",NA,"Pteridaceae","Adiantum","concinnum","Adiantum concinnum","Willd.","Almeida, TE","2009","09","Almeida, TE; Souza, DT","2116","2009","09","26","América","Brasil","Minas Gerais","Gonzaga","Margens do rio Corrente Grande, Mata Ciliar","-42.520556","-18.947444",NA,"Erva rupícola à margem de córrego",NA,NA,NA,NA,"-42.520556","-18.947444","470","470","26",NA
"60","2020-02-11 18:26:28-03","UFMG","BHCB-SL","128796","PreservedSpecimen","Plantae",NA,"Pteridaceae","Adiantum","dolosum","Adiantum dolosum","Kunze","Almeida, TE","2009","03","Almeida, TE; Souza, DT","1893","2009","03","25","América","Brasil","Minas Gerais","Gonzaga","Margens do rio Corrente Grande, Floresta Estadual Semidecidual","-42.545778","-18.946861",NA,"Erva terrestre no interior de mata",NA,NA,NA,NA,"-42.545778","-18.946861","496","496","25",NA
"61","2019-11-07 11:19:31-03","UFMG","BHCB-SL","128794","PreservedSpecimen","Plantae",NA,"Pteridaceae","Adiantum","subcordatum","Adiantum subcordatum","Sw.","Almeida, TE","2009","03","Almeida, TE; Souza, DT","1891","2009","03","25","América","Brasil","Minas Gerais","Gonzaga","Margens do rio Corrente Grande, Floresta Estadual Semidecidual","-42.545778","-18.946861",NA,"Erva terrestre no interior de mata",NA,NA,NA,NA,"-42.545778","-18.946861","496","496","25",NA
"62","2019-11-07 11:13:41-03","UFMG","BHCB-SL","128797","PreservedSpecimen","Plantae",NA,"Anemiaceae","Anemia",NA,"Anemia","Sw.",NA,NA,NA,"Almeida, TE; Souza, DT","1894","2009","03","25","América","Brasil","Minas Gerais","Gonzaga","Margens do rio Corrente Grande, Floresta Estadual Semidecidual","-42.545778","-18.946861",NA,"Erva terrestre no interior de mata",NA,NA,NA,NA,"-42.545778","-18.946861","496","496",NA,NA
"63","2019-11-07 11:13:49-03","UFMG","BHCB-SL","128790","PreservedSpecimen","Plantae",NA,"Anemiaceae","Anemia","luetzelburgii","Anemia luetzelburgii","Rosenst.","Almeida, TE","2009","03","Almeida, TE; Souza, DT","1887","2009","03","24","América","Brasil","Minas Gerais","Gonzaga","Margens do rio Corrente Grande, Floresta Estadual Semidecidual","-42.545778","-18.946861",NA,"Erva terrestre no interior de mata",NA,NA,NA,NA,"-42.545778","-18.946861","496","496","24",NA
"64","2020-02-11 18:26:32-03","UFMG","BHCB-SL","128815","PreservedSpecimen","Plantae",NA,"Pteridaceae","Pityrogramma","calomelanos","Pityrogramma calomelanos","(L.) Link","Almeida, TE","2009","03","Almeida, TE; Souza, DT","1912","2009","03","27","América","Brasil","Minas Gerais","Gonzaga","Margens do rio Corrente Grande, Floresta Estadual Semidecidual","-42.546417","-18.966472",NA,"Erva terrestre em barranco, borda de floresta",NA,NA,NA,NA,"-42.546417","-18.966472","496","496","27",NA
"65","2019-11-07 11:15:28-03","UFMG","BHCB-SL","128798","PreservedSpecimen","Plantae",NA,"Blechnaceae","Blechnum","occidentale","Blechnum occidentale","L.","Almeida, TE","2009","03","Almeida, TE; Souza, DT","1895","2009","03","25","América","Brasil","Minas Gerais","Gonzaga","Margens do rio Corrente Grande, Floresta Estadual Semidecidual","-42.545778","-18.946861",NA,"Erva terrestre no interior de mata",NA,NA,NA,NA,"-42.545778","-18.946861","496","496","25",NA
"66","2019-11-07 11:15:31-03","UFMG","BHCB-SL","128800","PreservedSpecimen","Plantae",NA,"Blechnaceae","Blechnum","polypodioides","Blechnum polypodioides","Raddi","Almeida, TE","2009","03","Almeida, TE; Souza, DT","1897","2009","03","25","América","Brasil","Minas Gerais","Gonzaga","Margens do rio Corrente Grande, Floresta Estadual Semidecidual","-42.545778","-18.946861",NA,"Erva terrestre no interior de mata",NA,NA,NA,NA,"-42.545778","-18.946861","496","496","25",NA
"67","2019-11-07 11:15:57-03","UFMG","BHCB-SL","133909","PreservedSpecimen","Plantae",NA,"Cyatheaceae","Cyathea","hirsuta","Cyathea hirsuta","C.Presl","Almeida, TE","2010","03","Almeida, TE; Souza, DT","2113","2009","09","25","América","Brasil","Minas Gerais","Gonzaga","Margens do rio Corrente Grande, Floresta Estacional Semidecidual","-42.545778","-18.946861",NA,"Arborescente em barranco na borda de mata. Caule com 1,5m; pecíolo com 92 cm e lâmina com 160 cm",NA,NA,NA,NA,"-42.545778","-18.946861","500","500","03",NA
"68","2019-11-07 11:17:08-03","UFMG","BHCB-SL","128817","PreservedSpecimen","Plantae",NA,"Gleicheniaceae","Dicranopteris","flexuosa","Dicranopteris flexuosa","(Schrad.) Underw.","Almeida, TE","2009","03","Almeida, TE; Souza, DT","1914","2009","03","27","América","Brasil","Minas Gerais","Gonzaga","Margens do rio Corrente Grande, Floresta Estadual Semidecidual","-42.545778","-18.946861",NA,"ERva terrestre em barranco, borda de floresta",NA,NA,NA,NA,"-42.545778","-18.946861","496","496","27",NA
"69","2019-11-07 11:19:36-03","UFMG","BHCB-SL","133910","PreservedSpecimen","Plantae",NA,"Pteridaceae","Doryopteris","collina","Doryopteris collina","(Raddi) J.Sm.","Almeida, TE","2009","09","Almeida, TE; Souza, DT","2114","2009","09","26","América","Brasil","Minas Gerais","Gonzaga","Margens do rio Corrente Grande, Mata Ciliar","-42.520556","-18.947444",NA,"Erva rupícola em paredão rochoso",NA,NA,NA,NA,"-42.520556","-18.947444","470","470","26",NA
"70","2019-11-07 11:19:36-03","UFMG","BHCB-SL","133914","PreservedSpecimen","Plantae",NA,"Pteridaceae","Doryopteris","collina","Doryopteris collina","(Raddi) J.Sm.","Almeida, TE","2009","09","Almeida, TE; Souza, DT","2118","2009","09","26","América","Brasil","Minas Gerais","Gonzaga","Margens do rio Corrente Grande, Mata Ciliar","-42.52975","-18.948139",NA,"Erva rupícola em barranco a beira de estrada",NA,NA,NA,NA,"-42.52975","-18.948139","470","470","26",NA
"71","2019-11-07 11:17:10-03","UFMG","BHCB-SL","133908","PreservedSpecimen","Plantae",NA,"Gleicheniaceae","Gleichenella","pectinata","Gleichenella pectinata","(Willd.) Ching","Almeida, TE","2009","09","Almeida, TE; Souza, DT","2112","2009","09","24","América","Brasil","Minas Gerais","Gonzaga","Margens do rio Corrente Grande, Floresta Estacional Semidecidual","-42.520556","-18.947444",NA,"Erva terrestre em barranco a beira de estrada",NA,NA,NA,NA,"-42.520556","-18.947444","470","470","24",NA
"72","2019-11-07 11:18:04-03","UFMG","BHCB-SL","128792","PreservedSpecimen","Plantae",NA,"Lygodiaceae","Lygodium","venustum","Lygodium venustum","Sw.","Almeida, TE","2009","03","Almeida, TE; Souza, DT","1889","2009","03","25","América","Brasil","Minas Gerais","Gonzaga","Margens do rio Corrente Grande, Floresta Estadual Semidecidual","-42.545778","-18.946861",NA,"Trepadeira em borda de mata",NA,NA,NA,NA,"-42.545778","-18.946861","496","496","24",NA
"73","2019-11-07 11:17:51-03","UFMG","BHCB-SL","128816","PreservedSpecimen","Plantae",NA,"Lycopodiaceae","Palhinhaea","cernua","Palhinhaea cernua","(L.) Franco & Vasc.","Almeida, TE","2009","03","Almeida, TE; Souza, DT","1913","2009",NA,NA,"América","Brasil","Minas Gerais","Gonzaga","Margens do rio Corrente Grande, Floresta Estadual Semidecidual","-42.545778","-18.946861",NA,"Erva terrestre em barranco, borda de floresta",NA,NA,NA,NA,"-42.545778","-18.946861","500","500","27",NA
"74","2019-11-07 11:18:55-03","UFMG","BHCB-SL","133906","PreservedSpecimen","Plantae",NA,"Polypodiaceae","Pleopeltis","astrolepis","Pleopeltis astrolepis","(Liebm.) E.Fourn.","Almeida, TE","2009","09","Almeida, TE; Souza, DT","2110","2009","09","24","América","Brasil","Minas Gerais","Gonzaga","Margens do rio Corrente Grande. Floresta Estacional Semidecidual","-42.520556","-18.9475",NA,"Erva epífita no interior de floresta",NA,NA,NA,NA,"-42.520556","-18.9475","470","470","24",NA
"75","2019-11-07 11:20:13-03","UFMG","BHCB-SL","133904","PreservedSpecimen","Plantae",NA,"Pteridaceae","Pteris","plumula","Pteris plumula","Desv.","Almeida, TE","2010","03","Almeida, TE; Souza, DT","2108","2009","09","24","América","Brasil","Minas Gerais","Gonzaga","Margens do rio Corrente Grande, Floresta Estacional Semidecidual","-42.520556","-18.947444",NA,"Terrestre a beira de córrego",NA,NA,NA,NA,"-42.520556","-18.947444","500","500","03",NA
"76","2019-11-07 11:20:16-03","UFMG","BHCB-SL","128791","PreservedSpecimen","Plantae",NA,"Pteridaceae","Pteris","splendens","Pteris splendens","Kaulf.","Almeida, TE","2009","03","Almeida, TE; Souza, DT","1888","2009","03","24","América","Brasil","Minas Gerais","Gonzaga","Margens do rio Corrente Grande, Floresta Estadual Semidecidual","-42.545778","-18.946861",NA,"Erva terrestre no interior de mata",NA,NA,NA,NA,"-42.545778","-18.946861","496","496","24",NA
"77","2019-11-07 11:20:39-03","UFMG","BHCB-SL","130598","PreservedSpecimen","Plantae",NA,"Selaginellaceae","Selaginella","muscosa","Selaginella muscosa","Spring","Almeida, TE","2009","07","Almeida, TE; Souza, DT","2019","2009",NA,NA,"América","Brasil","Minas Gerais","Gonzaga","Margens do rio Corrente Grande, Floresta Estacional Semidecidual","-42.545917","-18.94975",NA,"Terrestre em barranco a beira da estrada",NA,NA,NA,NA,"-42.545917","-18.94975","417","417","08",NA
"78","2019-11-07 11:20:50-03","UFMG","BHCB-SL","128799","PreservedSpecimen","Plantae",NA,"Selaginellaceae","Selaginella","sulcata","Selaginella sulcata","(Desv. ex Poir.) Spring","Heringer, G","2010","02","Almeida, TE; Souza, DT","1896","2009",NA,NA,"América","Brasil","Minas Gerais","Gonzaga","Margens do rio Corrente Grande, Floresta Estadual Semidecidual","-42.545778","-18.946861",NA,"Erva terrestre no interior de mata",NA,NA,NA,NA,"-42.545778","-18.946861","496","496",NA,NA
"79","2019-11-07 11:17:11-03","UFMG","BHCB-SL","130597","PreservedSpecimen","Plantae",NA,"Gleicheniaceae","Sticherus",NA,"Sticherus",NA,NA,NA,NA,"Almeida, TE; Souza, DT","2018","2009","07","08","América","Brasil","Minas Gerais","Gonzaga","Margens do rio Corrente Grande, Floresta Estacional Semidecidual","-42.545917","-18.94975",NA,"Terrestre em barranco a beira de estrada",NA,NA,NA,NA,"-42.545917","-18.94975","417","417",NA,NA
"80","2019-11-07 11:17:11-03","UFMG","BHCB-SL","133907","PreservedSpecimen","Plantae",NA,"Gleicheniaceae","Sticherus","lanuginosus","Sticherus lanuginosus","(Fée) Nakai","Almeida, TE","2009","09","Almeida, TE; Souza, DT","2111","2009","09","24","América","Brasil","Minas Gerais","Gonzaga","Margens do rio Corrente Grande, Floresta Estacional Semidecidual","-42.520556","-18.947444",NA,"Erva terrestre em barranco a beira de estrada",NA,NA,NA,NA,"-42.520556","-18.947444","470","470","24",NA
"81","2019-11-07 11:20:51-03","UFMG","BHCB-SL","133905","PreservedSpecimen","Plantae",NA,"Tectariaceae","Tectaria",NA,"Tectaria",NA,NA,NA,NA,"Almeida, TE; Souza, DT","2109","2009","09","24","América","Brasil","Minas Gerais","Gonzaga","Margens do rio Corrente Grande, Floresta Estacional Semidecidual","-42.520556","-18.947444",NA,"Erva terrestre no interior de floresta",NA,NA,NA,NA,"-42.520556","-18.947444","470","470",NA,NA
