"record_id","modified","institutionCode","collectionCode","catalogNumber","basisOfRecord","kingdom","phylum","order","family","genus","specificEpithet","infraspecificEpithet","scientificName","scientificNameAuthorship","identifiedBy","yearIdentified","recordedBy","recordNumber","year","month","day","continentOcean","country","stateProvince","county","locality","decimalLongitude","decimalLatitude","verbatimLongitude","verbatimLatitude","preparationType","occurrenceRemarks","barcode","imagecode","minimumElevationInMeters","maximumElevationInMeters","coordinatePrecision","geoFlag","monthIdentified","dayIdentified","individualCount","class"
"1","2019-12-16 17:37:43-03","NYBG","NYBG","948993","PreservedSpecimen","Plantae","Magnoliophyta","Gentianales","Rubiaceae","Augusta","longifolia","longifolia","Augusta longifolia longifolia","(Spreng.) Rehder","P. G. Delprete","1996","G. M. Magalhaes","s.n.","1950","10","20","South America","Brazil","Minas Gerais","Guanhães","Salto Grande","-42.9322","-18.775","-42.9322","-18.7750","sheet","<a href=http://sweetgum.nybg.org/science/vh/specimen_details.php?irn=1022713 target=other class=eLink> <mi>dwc_moreinfo</mi></a>","NY00948993","NY00948993",NA,NA,NA,NA,NA,NA,NA,NA
"2","2020-01-28 13:11:06-03","MCN-PUC-MINAS","HPUC-MG","ANG 5489","S","Plantae",NA,NA,"Bignoniaceae",NA,NA,NA,NA,NA,NA,NA,"M.F. Vasconcelos","19-114",NA,NA,NA,NA,"Brasil","Minas Gerais","Guanhães","Margem direita do Rio Corrente Grande","-42.716667","-18.883333","42°43'W","18°53'S",NA,"Flores visitadas pelo beija-flor phaethornis pretrei. Corola amarela.",NA,NA,"670","670",NA,NA,NA,NA,NA,NA
"3","2020-01-28 13:11:12-03","MCN-PUC-MINAS","HPUC-MG","ANG5168","S","Plantae",NA,NA,"Fabaceae",NA,NA,NA,NA,NA,NA,NA,"M.F.Vasconcelos","17-163",NA,NA,NA,NA,"Brasil","Minas Gerais","Guanhães","Margem direita do Rio Grande","-42.7","-18.883333","42°42' W","18°53' S",NA,NA,NA,NA,NA,NA,NA,NA,NA,NA,NA,NA
"4","2020-01-28 13:10:51-03","MCN-PUC-MINAS","HPUC-MG","ANG 5501","S","Plantae",NA,NA,NA,NA,NA,NA,NA,NA,NA,NA,"M.F. Vasconcelos","19-164",NA,NA,NA,NA,"Brasil","Minas Gerais","Guanhães","Margem esqueda do Rio Guanhães- Dores de Guanhães","-42.866667","-19.066667","42°52'W","19°04'S",NA,NA,NA,NA,"475","475",NA,NA,NA,NA,NA,NA
"5","2020-01-28 13:11:28-03","MCN-PUC-MINAS","HPUC-MG","ANG 5481","S","Plantae",NA,NA,"Poaceae",NA,NA,NA,NA,NA,NA,NA,"M.F. Vasconcelos","19-017",NA,NA,NA,NA,"Brasil","Minas Gerais","Guanhães","Margem direita do Rio Guanhães","-42.916667","-19.033333","42°55'W","19°02'S",NA,NA,NA,NA,NA,NA,NA,NA,NA,NA,NA,NA
"6","2020-01-28 13:11:07-03","MCN-PUC-MINAS","HPUC-MG","ANG5158","S","Plantae",NA,NA,"Bromeliaceae","Aechmea",NA,NA,"Aechmea",NA,NA,NA,"M.F.Vasconcelos","17-161",NA,NA,NA,NA,"Brasil","Minas Gerais","Guanhães","Margem direita do Rio Grande","-42.666667","-18.883333","42°40' W","18°53' S",NA,"Crescendo sobre Ficus sp",NA,NA,NA,NA,NA,NA,NA,NA,NA,NA
"7","2020-01-28 13:11:07-03","MCN-PUC-MINAS","HPUC-MG","ANG5028","S","Plantae",NA,NA,"Boraginaceae","Cordia",NA,NA,"Cordia",NA,NA,NA,"M.F.Vasconcelos","17-164",NA,NA,NA,NA,"Brasil","Minas Gerais","Guanhães","Margem do Rio Corrente Grande","-42.716667","-18.883333","42°43' W","18°53' S",NA,"Corola branca",NA,NA,NA,NA,NA,NA,NA,NA,NA,NA
"8","2020-01-28 13:11:33-03","MCN-PUC-MINAS","HPUC-MG","ANG 5488","S","Plantae",NA,NA,"Sapindaceae","Serjania",NA,NA,"Serjania",NA,NA,NA,"M.F. Vasconcelos","19-117",NA,NA,NA,NA,"Brasil","Minas Gerais","Guanhães","Margem esquerda do Rio Guanhães","-42.866667","-19.066667","42°52'W","19°04'S",NA,NA,NA,NA,"475","475",NA,NA,NA,NA,NA,NA
"9","2019-11-04 10:45:51-03","UFRJ","RFA","5081","Preservedecimen","Plantae",NA,NA,"Fabaceae","Apuleia","praecox",NA,"Apuleia praecox","Mart.",NA,NA,"Mendes Magalhães","9724","1957","09","00",NA,"Brasil","Minas Gerais","Guanhães",NA,"-42.9324989318848","-18.7749996185303",NA,NA,NA,"árvore, c.a. 10 a 15 metros, com frutos","RFA25475",NA,NA,NA,"43982","auto",NA,NA,NA,NA
"10","2019-11-04 10:49:11-03","UFRJ","RFA","6434","Preservedecimen","Plantae",NA,NA,"Sapindaceae","Urvillea",NA,NA,"Urvillea",NA,NA,NA,"Mendes Magalhães","15724","1956","07",NA,NA,"Brasil","Minas Gerais","Guanhães","8 km Sul da cidade de Ganhães","-42.9324989318848","-18.7749996185303",NA,NA,NA,"Cipó, muito frequente","RFA48477",NA,NA,NA,"43982","auto",NA,NA,NA,NA
"11","2019-11-04 10:47:45-03","UFRJ","RFA","5093","Preservedecimen","Plantae",NA,NA,"Myrtaceae","Eugenia","melanogyna",NA,"Eugenia melanogyna","(D.Legrand) Sobral","C. Proença","2010","Mendes Magalhães","9763","1956","09",NA,NA,"Brasil","Minas Gerais","Guanhães","Pintos","-42.9324989318848","-18.7749996185303",NA,NA,NA,"Frequência média, flor, fruto, árvore 8 - 4 m alto","RFA46456",NA,NA,NA,"43982","auto",NA,NA,NA,NA
"12","2019-09-24 11:01:59-03","EAO","IAN","105635","PreservedSpecimen","Plantae","Dicotiledônea",NA,"Ochnaceae","Ouratea",NA,NA,"Ouratea",NA,NA,NA,"Magalhães, MG","7445","1936","07","17","Southern America","Brasil","Minas Gerais","Guanhães","Clareira de mata secundária, local França.","-42.9324989318848","-18.7749996185303",NA,NA,NA,"Arbusto de 3m até 8m de altura, frequência esparsa. Flor amarela.","IAN105635",NA,NA,NA,"43982","auto",NA,NA,NA,NA
"13","2019-09-24 11:05:44-03","EAO","IAN","104755","PreservedSpecimen","Plantae","Dicotiledônea",NA,"Sapindaceae","Paullinia","carpopodea",NA,"Paullinia carpopodea","Cambess.","Magalhães, MG","1956","Magalhães, MG","7447","1956","07","17","Southern America","Brasil","Minas Gerais","Guanhães","França, 12km S da cidade.&nf;Mata secundaria.","-42.9324989318848","-18.7749996185303",NA,NA,NA,"Trepador, alcança árvore de 15-20m.","IAN104755",NA,NA,NA,"43982","auto",NA,NA,NA,NA
"14","2019-09-24 11:01:59-03","EAO","IAN","104788","PreservedSpecimen","Plantae","Dicotiledônea",NA,"Ochnaceae","Ouratea",NA,NA,"Ouratea",NA,NA,NA,"Magalhães, MG","9767","1956","08",NA,"Southern America","Brasil","Minas Gerais","Guanhães","Capoeira seca e mata secundária, 18km S da cidade de Guanhães.","-42.9324989318848","-18.7749996185303",NA,NA,NA,"Arbusto de 2m, até pequenas árvores de 6m de altura; flor amarela; frequênte em pequenos grupos esparsos.","IAN104788",NA,NA,NA,"43982","auto",NA,NA,NA,NA
"15","2019-12-17 14:05:28-03","EAO","IAN","104789","PreservedSpecimen","Plantae",NA,NA,"Indet.","Indet",NA,NA,"Indet",NA,"Acevedo-Rodríguez, P","2019","Magalhães, MG","9768","1956","08",NA,"Southern America","Brasil","Minas Gerais","Guanhães","Capoeira seca e mata secundaria 4 km L da cidade de Guanhães.","-42.9324989318848","-18.7749996185303",NA,NA,NA,"Arbusto 3m alto, mais ou menos frutos - freq.: +++ esparos e isolados.","IAN104789",NA,NA,NA,"43982","auto","10","29",NA,NA
"16","2019-09-24 10:58:55-03","EAO","IAN","104787","PreservedSpecimen","Plantae","Dicotiledônea",NA,"Malvaceae","Pavonia","sepium",NA,"Pavonia sepium","A.St.-Hil.","Krapovickas, A","1981","Magalhães, MG","9766","1956","08",NA,"Southern America","Brasil","Minas Gerais","Guanhães","Clareira aberta na mata secundária (sujo florestal).","-42.9324989318848","-18.7749996185303",NA,NA,NA,"Subarbusto de 0,50-1m de altura em grupos esparsos.","IAN104787",NA,NA,NA,"43982","auto","01",NA,NA,NA
"17","2019-09-24 10:58:55-03","EAO","IAN","104750","PreservedSpecimen","Plantae","Dicotiledônea",NA,"Malvaceae","Pavonia","sepium",NA,"Pavonia sepium","A.St.-Hil.","Krapovickas, A","1981","Magalhães, MG","7441","1956","07","12","Southern America","Brasil","Minas Gerais","Guanhães","Margem da mata secundária em declive. Local Pintos.","-42.9324989318848","-18.7749996185303",NA,NA,NA,"Subarbusto de 1m de altura, cespitoso, mais grupos.","IAN104750",NA,NA,NA,"43982","auto","01",NA,NA,NA
"18","2019-09-24 11:05:44-03","EAO","IAN","104760","PreservedSpecimen","Plantae","Dicotiledônea",NA,"Sapindaceae","Matayba","elaeagnoides",NA,"Matayba elaeagnoides","Radlk.",NA,NA,"Magalhães, MG","7454","1956","07","13","Southern America","Brasil","Minas Gerais","Guanhães","Margem de mata secundaria. 3km L da cidade.","-42.9324989318848","-18.7749996185303",NA,NA,NA,"Arbusto cespitoso de 2-3m.","IAN104760",NA,NA,NA,"43982","auto",NA,NA,NA,NA
"19","2019-09-24 11:06:02-03","EAO","IAN","104751","PreservedSpecimen","Plantae","Dicotiledônea",NA,"Sapotaceae","Chrysophyllum","gonocarpum",NA,"Chrysophyllum gonocarpum","(Mart. & Eichler) Engl.","Lima, LF","2016","Magalhães, MG","7442","1956","07","14","Southern America","Brasil","Minas Gerais","Guanhães","Restos de mata secundária. (Remanescente).","-42.9324989318848","-18.7749996185303",NA,NA,NA,"Árvore isolada de 10-15m de altura; frutos verdes.","IAN104751",NA,NA,NA,"43982","auto","07","21",NA,NA
"20","2019-09-24 10:56:19-03","EAO","IAN","104753","PreservedSpecimen","Plantae","Dicotiledônea",NA,"Leguminosae-Dialioideae","Apuleia","praecox",NA,"Apuleia praecox","Mart.","Magalhães, MG","1956","Magalhães, MG","7444","1956","07","17","Southern America","Brasil","Minas Gerais","Guanhães","França. O local França está a 12Km S da cidade de Guanhães.","-42.9324989318848","-18.7749996185303",NA,NA,NA,NA,"IAN104753",NA,NA,NA,"43982","auto",NA,NA,NA,NA
"21","2019-09-24 10:56:19-03","EAO","IAN","104823","PreservedSpecimen","Plantae","Dicotiledônea",NA,"Leguminosae-Dialioideae","Apuleia","praecox",NA,"Apuleia praecox","Mart.","Magalhães, MG",NA,"Magalhães, MG","s.n.","1956","01","26","Southern America","Brasil","Minas Gerais","Guanhães","Mata secundária, tipo mata costeira.","-42.9324989318848","-18.7749996185303",NA,NA,NA,NA,"IAN104823",NA,NA,NA,"43982","auto",NA,NA,NA,NA
"22","2019-09-24 11:03:55-03","EAO","IAN","105636","PreservedSpecimen","Plantae","Dicotiledônea",NA,"Rubiaceae","Bathysa",NA,NA,"Bathysa",NA,NA,NA,"Magalhães, MG","7448","1956","07","17","Southern America","Brasil","Minas Gerais","Guanhães","Mata secundaria nos declives, França 12km. S. da cidade.","-42.9324989318848","-18.7749996185303",NA,NA,NA,"Árvore de 8-12m. de altura, esparsa, flor, frutos.","IAN105636",NA,NA,NA,"43982","auto",NA,NA,NA,NA
"23","2019-10-09 11:09:52-03","UFBA","ALCB",NA,"PreservedSpecimen","Plantae","Dicotyledon",NA,"Asteraceae","Ayapanopsis","oblongifolia",NA,"Ayapanopsis oblongifolia","(Gardner) R.M.King & H.Rob.","Roque, N","2008","Miranda Silva, EB; Nunes, TS; Silva-Castro, MM","1023","2007","08","28","Southern America","Brasil","Minas Gerais","Guanhães","estrada para Sabinópolis - MG 259, km 813","-43.035833","-18.6875","-43.035833","-18.6875",NA,"ca. 2 m alt. Folhas membranáceas. Capítulos róseos.",NA,NA,"306","306",NA,NA,"04",NA,NA,NA
"24","2019-07-11 08:48:38-03","ESALQ","ESA","134844","S","Plantae",NA,NA,"Orchidaceae","Hoffmannseggella","guanhanensis",NA,"Hoffmannseggella guanhanensis","Campacci","Campacci, M.A.",NA,"Campos, D.V.","RVL 1155","2007","04","01",NA,"Brasil","Minas Gerais","Guanhães",NA,"-42.9324989318848","-18.7749996185303",NA,NA,NA,NA,"ESA134844",NA,NA,NA,"43982","auto",NA,NA,NA,NA
"25","2019-07-11 08:48:38-03","ESALQ","ESA","134842","S","Plantae",NA,NA,"Orchidaceae","Hoffmannseggella","vasconcelosiana",NA,"Hoffmannseggella vasconcelosiana","Campacci","Campacci, M.A.",NA,"Leitão, R.V.","1819","2010","10","01",NA,"Brasil","Minas Gerais","Guanhães",NA,"-42.9324989318848","-18.7749996185303",NA,NA,NA,NA,"ESA134842",NA,NA,NA,"43982","auto",NA,NA,NA,NA
"26","2020-02-13 14:10:04-03","MN","R","33123","S","Plantae",NA,NA,"Fabaceae","Erythrina","falcata",NA,"Erythrina falcata","Benth.",NA,NA,"Mello Barreto, H.L.","5424","1933","08","29",NA,"Brasil","Minas Gerais","Guanhães",NA,"-42.9324989318848","-18.7749996185303",NA,NA,NA,"Jardim Botânico de Bello Horizonte",NA,NA,NA,NA,"43982","auto",NA,NA,NA,NA
"27","2015-07-02 14:00:58-03","JBP","HPL","10556","S","Plantae",NA,NA,"Asteraceae","Vernonanthura","discolor",NA,"Vernonanthura discolor","(Spreng.) H. Rob.","V.C.Souza","2011","R. Tsuji","2228","2007","09","27",NA,"Brasil","MG","Guanhães","Coletado nas proximidades do município de Guanhães (em beira de estrada, lado direito; propriedade particular).","-42.9325","-18.775",NA,NA,NA,NA,NA,NA,NA,NA,"43982","auto","02","16",NA,NA
"28","2020-03-10 08:29:12-03","UFV","VIC","34988","PreservedSpecimen","Plantae",NA,NA,"Mimosoideae","Albizia","polycephala",NA,"Albizia polycephala","(Benth.) Killip","Fernandes, J.M.","2009","Fernandes, J.M.","943","2009","02","05",NA,"Brasil","Minas Gerais","Guanhães","Parque Estadual da Serra da Candonga, Floresta Estacional Semidecidual.","-42.953333","-18.875","-42.953333","-18.875",NA,"Árvore, c.a. de 8,0 metros de altura; flores com filetes brancos, frutos desenvolvidos, secos.","VIC034988","VIC034988",NA,NA,NA,NA,"02","05",NA,NA
"29","2020-03-10 08:29:20-03","UFV","VIC","34834","PreservedSpecimen","Plantae",NA,NA,"Mimosoideae","Inga","striata",NA,"Inga striata","Benth.","Fernandes, J.M.","2009","Fernandes, J.M.","945","2009","02","05",NA,"Brasil","Minas Gerais","Guanhães","Parque Estadual Serra da Candonga, Floresta Estacional Semidecidual.","-42.953333","-18.875","-42.953333","-18.875",NA,"Árvore, c.a. de 10 metros de altura; frutos secos e comidos por pássaros.","VIC034834","VIC034834",NA,NA,NA,NA,"02","05",NA,NA
"30","2020-03-10 08:29:20-03","UFV","VIC","36606","PreservedSpecimen","Plantae",NA,NA,"Mimosoideae","Inga","subnuda","subnuda","Inga subnuda subnuda",NA,"Fernandes, J.M.","1009","Fernandes, J.M.","949","2009","02","05",NA,"Brasil","Minas Gerais","Guanhães","Parque Estadual Serra da Candonga","-42.949917","-18.884028","-42.949917","-18.884028",NA,"Árvore de 13 m de altura. Frutos maduros e verdes.","VIC036606",NA,NA,NA,NA,NA,"02","05",NA,NA
"31","2020-03-10 08:29:30-03","UFV","VIC","35955","PreservedSpecimen","Plantae",NA,NA,"Mimosoideae","Senegalia","tenuifolia",NA,"Senegalia tenuifolia","(L.) Britton & Rose","Terra, V.","2011","Fernandes, J.M.","946","2009","02","05",NA,"Brasil","Minas Gerais","Guanhães","Parque Estadual da Serra da Candonga","-42.9324989318848","-18.7749996185303",NA,NA,NA,"Liana escandente. Frutos verdes.","VIC035955","VIC035955",NA,NA,"43982","auto","02","20",NA,NA
"32","2020-03-10 08:28:05-03","UFV","VIC","19203","PreservedSpecimen","Plantae",NA,NA,"Celastraceae","Maytenus","evonymoides",NA,"Maytenus evonymoides","Reissek","Carvalho-Okano, R.M. de",NA,"Costa, L.V.; Atalla, N.C.","s.n.","1992","10","24",NA,"Brasil","Minas Gerais","Guanhães","Subosque de eucalipto.","-42.9324989318848","-18.7749996185303",NA,NA,NA,"Arbóreo, c.a. de 5,0 metros de altura. CENIBRA, Projeto Corrente Canoas II.","VIC019203","VIC019203",NA,NA,"43982","auto",NA,NA,NA,NA
"33","2019-11-06 09:56:10-03","UFOP","OUPR","1807","PreservedSpecimen","Plantae",NA,NA,"Lythraceae","Diplusodon","orbicularis",NA,"Diplusodon orbicularis","Koehne","Cavalcanti, T.B.","2001","Silva, W.M.","s.n.","1976","04","21",NA,"Brasil","Minas Gerais","Guanhães",NA,"-42.9324989318848","-18.7749996185303",NA,NA,NA,"Arbusto, flores purpúreas. Campo",NA,NA,NA,NA,"43982","auto","11",NA,NA,NA
"34","2019-10-02 14:53:29-03","UFMG","BHCB","68431","PreservedSpecimen","Plantae","Dicotyledon",NA,"Fabaceae","Andira","fraxinifolia",NA,"Andira fraxinifolia","Benth.",NA,NA,"Aquino, C; Nunes, LG","s.n.","2001","12","01","Southern America","Brasil","Minas Gerais","Dores de Guanhães","Dores de Guanhães. Quinquim.",NA,"-19.05",NA,"-19.05",NA,NA,NA,NA,NA,NA,NA,NA,NA,NA,NA,NA
"35","2019-10-02 14:55:18-03","UFMG","BHCB","68435","PreservedSpecimen","Plantae","Dicotyledon",NA,"Lauraceae","Aniba","firmula",NA,"Aniba firmula","(Nees & Mart.) Mez",NA,NA,"Aquino, C; Nunes, LG","s.n.","2001","12","01","Southern America","Brasil","Minas Gerais","Dores de Guanhães","Dores de Guanhães. Fortuna II.",NA,"-19.05",NA,"-19.05",NA,NA,NA,NA,NA,NA,NA,NA,NA,NA,NA,NA
"36","2019-10-02 14:48:22-03","UFMG","BHCB","68439","PreservedSpecimen","Plantae","Dicotyledon",NA,"Annonaceae",NA,NA,NA,NA,NA,NA,NA,"Aquino, C; Nunes, LG","s.n.","2001","12","01","Southern America","Brasil","Minas Gerais","Dores de Guanhães","Dores de Guanhães. Fortuna II.",NA,"-19.05",NA,"-19.05",NA,NA,NA,NA,NA,NA,NA,NA,NA,NA,NA,NA
"37","2019-10-02 15:02:56-03","UFMG","BHCB","68430","PreservedSpecimen","Plantae","Dicotyledon",NA,"Salicaceae","Banara","serrata",NA,"Banara serrata","(Vell.) Warb.",NA,NA,"Aquino, C; Nunes, LG","s.n.","2001","12","01","Southern America","Brasil","Minas Gerais","Dores de Guanhães","Dores de Guanhães. Pirapitinga.",NA,"-19.05",NA,"-19.05",NA,NA,NA,NA,NA,NA,NA,NA,NA,NA,NA,NA
"38","2019-10-02 14:59:39-03","UFMG","BHCB","135418","PreservedSpecimen","Plantae","Dicotyledon",NA,"Moraceae","Brosimum","glaziovii",NA,"Brosimum glaziovii","Taub.",NA,NA,"Mendes, MS; Pena, FSR","s.n.","2006",NA,NA,"Southern America","Brasil","Minas Gerais","Dores de Guanhães","Reservatório da PCH Funil.","-42.888611","-19.073056","-42.888611","-19.073056",NA,"Floresta Estacional semidecidual",NA,NA,"595","595",NA,NA,NA,NA,NA,NA
"39","2019-10-02 15:03:34-03","UFMG","BHCB","68428","PreservedSpecimen","Plantae","Dicotyledon",NA,"Solanaceae","Brunfelsia","clandestina",NA,"Brunfelsia clandestina","Plowman",NA,"2015","Aquino, C; Nunes, LG","s.n.","2001","12","01","Southern America","Brasil","Minas Gerais","Dores de Guanhães","Dores de Guanhães. Fortuna.","-42.916667","-19.05","-42.916667","-19.05",NA,NA,"BHCB038256",NA,NA,NA,NA,NA,"12","28",NA,NA
"40","2019-10-02 14:55:20-03","UFMG","BHCB","68434","PreservedSpecimen","Plantae","Dicotyledon",NA,"Lauraceae","Endlicheria","paniculata",NA,"Endlicheria paniculata","(Spreng.) J.F.Macbr.",NA,NA,"Aquino, C; Nunes, LG","s.n.","2001","12","01","Southern America","Brasil","Minas Gerais","Dores de Guanhães","Dores de Guanhães. Monjolo.",NA,"-19.05",NA,"-19.05",NA,NA,NA,NA,NA,NA,NA,NA,NA,NA,NA,NA
"41","2019-10-02 15:00:05-03","UFMG","BHCB","68442","PreservedSpecimen","Plantae","Dicotyledon",NA,"Myrtaceae","Eugenia","flavescens",NA,"Eugenia flavescens","DC.",NA,"2019","Aquino, C; Nunes, LG","s.n.","2001","12","01","Southern America","Brasil","Minas Gerais","Dores de Guanhães","Dores de Guanhães. Monjolo.",NA,"-19.05",NA,"-19.05",NA,NA,NA,NA,NA,NA,NA,NA,"04",NA,NA,NA
"42","2019-10-02 15:00:08-03","UFMG","BHCB","135419","PreservedSpecimen","Plantae","Dicotyledon",NA,"Myrtaceae","Eugenia","neoformosa",NA,"Eugenia neoformosa","Sobral",NA,NA,"Mendes, MS; Pena, FSR","s.n.","2006",NA,NA,"Southern America","Brasil","Minas Gerais","Dores de Guanhães","Reservatório da PCH Funil.","-42.888611","-19.073056","-42.888611","-19.073056",NA,"Floresta Estacional semidecidual",NA,NA,"595","595",NA,NA,NA,NA,NA,NA
"43","2019-10-02 15:00:10-03","UFMG","BHCB","68443","PreservedSpecimen","Plantae","Dicotyledon",NA,"Myrtaceae","Eugenia","pluriflora",NA,"Eugenia pluriflora","DC.",NA,"2019","Aquino, C; Nunes, LG","s.n.","2001","12","01","Southern America","Brasil","Minas Gerais","Dores de Guanhães","Dores de Guanhães. Sumidouro.",NA,"-19.05",NA,"-19.05",NA,NA,NA,NA,NA,NA,NA,NA,"04",NA,NA,NA
"44","2019-10-02 14:52:57-03","UFMG","BHCB","68426","PreservedSpecimen","Plantae","Dicotyledon",NA,"Euphorbiaceae",NA,NA,NA,NA,NA,NA,NA,"Aquino, C; Nunes, LG","s.n.","2001","12","01","Southern America","Brasil","Minas Gerais","Dores de Guanhães","Dores de Guanhães. Senhora do Porto.",NA,"-19.05",NA,"-19.05",NA,NA,NA,NA,NA,NA,NA,NA,NA,NA,NA,NA
"45","2019-10-02 14:52:11-03","UFMG","BHCB","68436","PreservedSpecimen","Plantae","Dicotyledon",NA,"Chrysobalanaceae","Hirtella","glandulosa",NA,"Hirtella glandulosa","Spreng.",NA,NA,"Aquino, C; Nunes, LG","s.n.","2001","12","01","Southern America","Brasil","Minas Gerais","Dores de Guanhães","Dores de Guanhães. Quinquim.",NA,"-19.05",NA,"-19.05",NA,NA,NA,NA,NA,NA,NA,NA,NA,NA,NA,NA
"46","2019-10-02 15:04:54-03","UFMG","BHCB","68437","PreservedSpecimen","Plantae","Dicotyledon",NA,"Verbenaceae","Lantana",NA,NA,"Lantana",NA,NA,NA,"Aquino, C; Nunes, LG","s.n.","2001","12","01","Southern America","Brasil","Minas Gerais","Dores de Guanhães","Dores de Guanhães.",NA,"-19.05",NA,"-19.05",NA,NA,NA,NA,NA,NA,NA,NA,NA,NA,NA,NA
"47","2019-10-02 14:54:10-03","UFMG","BHCB","135416","PreservedSpecimen","Plantae","Dicotyledon",NA,"Fabaceae","Lonchocarpus","guillemineanus",NA,"Lonchocarpus guillemineanus","(Tul.) Malme",NA,NA,"Mendes, MS; Pena, FSR","s.n.","2006",NA,NA,"Southern America","Brasil","Minas Gerais","Dores de Guanhães","Reservatório da PCH Funil.","-42.888611","-19.073056","-42.888611","-19.073056",NA,"Floresta Estacional semidecidual",NA,NA,"595","595",NA,NA,NA,NA,NA,NA
"48","2019-10-02 14:54:15-03","UFMG","BHCB","135417","PreservedSpecimen","Plantae","Dicotyledon",NA,"Fabaceae","Machaerium","stipitatum",NA,"Machaerium stipitatum","(DC.) Vogel",NA,NA,"Mendes, MS; Pena, FSR","s.n.","2006",NA,NA,"Southern America","Brasil","Minas Gerais","Dores de Guanhães","Reservatório da PCH Funil.","-42.888611","-19.073056","-42.888611","-19.073056",NA,"Floresta Estacional semidecidual",NA,NA,"595","595",NA,NA,NA,NA,NA,NA
"49","2019-10-02 15:03:08-03","UFMG","BHCB","68433","PreservedSpecimen","Plantae","Dicotyledon",NA,"Sapindaceae","Matayba","juglandifolia",NA,"Matayba juglandifolia","(Cambess.) Radlk.",NA,NA,"Aquino, C; Nunes, LG","s.n.","2001","12","01","Southern America","Brasil","Minas Gerais","Dores de Guanhães","Dores de Guanhães. Jacaré.",NA,"-19.05",NA,"-19.05",NA,"Plantas do Brasil",NA,NA,NA,NA,NA,NA,NA,NA,NA,NA
"50","2019-10-02 14:53:17-03","UFMG","BHCB","135415","PreservedSpecimen","Plantae","Dicotyledon",NA,"Euphorbiaceae","Micrandra","elata",NA,"Micrandra elata","(Didr.) Müll.Arg.",NA,NA,"Mendes, MS; Pena, FSR","s.n.","2006",NA,NA,"Southern America","Brasil","Minas Gerais","Dores de Guanhães","Reservatório da PCH Funil.","-42.888611","-19.073056","-42.888611","-19.073056",NA,"Floresta Estacional semidecidual",NA,NA,"595","595",NA,NA,NA,NA,NA,NA
"51","2019-10-02 15:03:17-03","UFMG","BHCB","68432","PreservedSpecimen","Plantae","Dicotyledon",NA,"Sapotaceae","Micropholis","gardneriana",NA,"Micropholis gardneriana","(A.DC.) Pierre",NA,NA,"Aquino, C; Nunes, LG","s.n.","2001","12","01","Southern America","Brasil","Minas Gerais","Dores de Guanhães","Dores de Guanhães. Monjolo.",NA,"-19.05",NA,"-19.05",NA,NA,NA,NA,NA,NA,NA,NA,NA,NA,NA,NA
"52","2019-10-02 15:00:21-03","UFMG","BHCB","68440","PreservedSpecimen","Plantae","Dicotyledon",NA,"Myrtaceae","Myrcia",NA,NA,"Myrcia","DC.",NA,NA,"Aquino, C; Nunes, LG","s.n.","2001","12","01","Southern America","Brasil","Minas Gerais","Dores de Guanhães","Dores de Guanhães. Retiro.",NA,"-19.05",NA,"-19.05",NA,NA,NA,NA,NA,NA,NA,NA,NA,NA,NA,NA
"53","2019-10-02 15:00:28-03","UFMG","BHCB","68441","PreservedSpecimen","Plantae","Dicotyledon",NA,"Myrtaceae","Myrcia","lacunosa",NA,"Myrcia lacunosa","(O.Berg) N.Silveira",NA,"2019","Aquino, C; Nunes, LG","s.n.","2001","12","01","Southern America","Brasil","Minas Gerais","Dores de Guanhães","Dores de Guanhães. Pirapitinga.",NA,"-19.05",NA,"-19.05",NA,NA,"BHCB050474",NA,NA,NA,NA,NA,"04",NA,NA,NA
"54","2019-10-02 15:00:36-03","UFMG","BHCB","135420","PreservedSpecimen","Plantae","Dicotyledon",NA,"Myrtaceae","Myrcia","splendens",NA,"Myrcia splendens","(Sw.) DC.",NA,NA,"Mendes, MS; Pena, FSR","s.n.","2006",NA,NA,"Southern America","Brasil","Minas Gerais","Dores de Guanhães","Reservatório da PCH Funil.","-42.888611","-19.073056","-42.888611","-19.073056",NA,"Floresta Estacional semidecidual",NA,NA,"595","595",NA,NA,NA,NA,NA,NA
"55","2019-10-02 15:03:17-03","UFMG","BHCB","135422","PreservedSpecimen","Plantae","Dicotyledon",NA,"Sapotaceae","Pouteria",NA,NA,"Pouteria",NA,NA,NA,"Mendes, MS; Pena, FSR","s.n.","2006",NA,NA,"Southern America","Brasil","Minas Gerais","Dores de Guanhães","Reservatório da PCH Funil.","-42.888611","-19.073056","-42.888611","-19.073056",NA,"Floresta Estacional semidecidual",NA,NA,"595","595",NA,NA,NA,NA,NA,NA
"56","2019-10-02 15:01:23-03","UFMG","BHCB","68429","PreservedSpecimen","Plantae","Dicotyledon",NA,"Phyllanthaceae","Richeria","grandis",NA,"Richeria grandis","Vahl",NA,NA,"Aquino, C; Nunes, LG","s.n.","2001","12","01","Southern America","Brasil","Minas Gerais","Dores de Guanhães","Dores de Guanhães. Sumidouro.",NA,"-19.05",NA,"-19.05",NA,NA,NA,NA,NA,NA,NA,NA,NA,NA,NA,NA
"57","2019-10-02 14:52:41-03","UFMG","BHCB","135414","PreservedSpecimen","Plantae","Dicotyledon",NA,"Elaeocarpaceae","Sloanea","eichleri",NA,"Sloanea eichleri","K.Schum.",NA,NA,"Mendes, MS; Pena, FSR","s.n.","2006",NA,NA,"Southern America","Brasil","Minas Gerais","Dores de Guanhães","Reservatório da PCH Funil.","-42.888611","-19.073056","-42.888611","-19.073056",NA,"Floresta Estacional semidecidual",NA,NA,"595","595",NA,NA,NA,NA,NA,NA
"58","2019-10-02 14:52:41-03","UFMG","BHCB","68438","PreservedSpecimen","Plantae","Dicotyledon",NA,"Elaeocarpaceae","Sloanea","guianensis",NA,"Sloanea guianensis","(Aubl.) Benth.",NA,"2010","Aquino, C; Nunes, LG","s.n.","2001","12","01","Southern America","Brasil","Minas Gerais","Dores de Guanhães","Dores de Guanhães. Jacaré.",NA,"-19.05",NA,"-19.05",NA,NA,NA,NA,NA,NA,NA,NA,"01",NA,NA,NA
"59","2019-12-16 17:41:39-03","UFMG","BHCB","135413","PreservedSpecimen","Plantae","Dicotyledon",NA,"Apocynaceae","Tabernaemontana",NA,NA,"Tabernaemontana",NA,NA,NA,"Mendes, MS; Pena, FSR","s.n.","2006",NA,NA,"Southern America","Brasil","Minas Gerais","Dores de Guanhães","Reservatório da PCH Funil.","-42.888611","-19.073056","-42.888611","-19.073056",NA,"Floresta Estacional Semidecidual","BHCB053170",NA,"595","595",NA,NA,NA,NA,NA,NA
"60","2019-10-02 14:59:35-03","UFMG","BHCB","68427","PreservedSpecimen","Plantae","Dicotyledon",NA,"Meliaceae","Trichilia","ramalhoi",NA,"Trichilia ramalhoi","Rizzini",NA,NA,"Aquino, C; Nunes, LG","s.n.","2001","12","01","Southern America","Brasil","Minas Gerais","Dores de Guanhães","Dores de Guanhães. Senhora do Porto.",NA,"-19.05",NA,"-19.05",NA,NA,NA,NA,"2","2",NA,NA,NA,NA,NA,NA
"61","2019-10-02 15:02:56-03","UFMG","BHCB","135421","PreservedSpecimen","Plantae","Dicotyledon",NA,"Rutaceae","Zanthoxylum","monogynum",NA,"Zanthoxylum monogynum","A.St.-Hil.",NA,NA,"Mendes, MS; Pena, FSR","s.n.","2006",NA,NA,"Southern America","Brasil","Minas Gerais","Dores de Guanhães","Reservatório da PCH Funil.","-42.888611","-19.073056","-42.888611","-19.073056",NA,"Floresta Estacional semidecidual",NA,NA,"595","595",NA,NA,NA,NA,NA,NA
"62","2019-10-02 15:03:15-03","UFMG","BHCB","95292","PreservedSpecimen","Plantae","Dicotyledon",NA,"Sapotaceae","Chrysophyllum","marginatum",NA,"Chrysophyllum marginatum","(Hook. & Arn.) Radlk.",NA,"2012","Mota, NFO; Viana, PL; Almeida, TE","520","2005","08","15","Southern America","Brasil","Minas Gerais","Dores de Guanhães","Caraça. PCH Jacaré.","-42.92919921875","-19.0583000183105",NA,NA,NA,"Arvoreta em afloramento granítico, flores cremes; Arvoreta em afloramento granítico, flores cremes","BHCB004660",NA,"900","1200","20800","auto","07",NA,NA,NA
"63","2019-10-02 15:06:04-03","UFMG","BHCB","95291","PreservedSpecimen","Plantae","Monocotyledon",NA,"Bromeliaceae","Dyckia",NA,NA,"Dyckia",NA,NA,NA,"Mota, NFO; Viana, PL; Almeida, TE","519","2005","08","15","Southern America","Brasil","Minas Gerais","Dores de Guanhães","Caraça. PCH Jacaré.","-42.92919921875","-19.0583000183105",NA,NA,NA,"Rupícola em afloramento granítico, flores laranjas",NA,NA,"1200","1200","20800","auto",NA,NA,NA,NA
"64","2019-10-02 15:05:59-03","UFMG","BHCB","95290","PreservedSpecimen","Plantae","Monocotyledon",NA,"Bromeliaceae",NA,NA,NA,NA,NA,NA,NA,"Mota, NFO; Viana, PL; Almeida, TE","518","2005","08","15","Southern America","Brasil","Minas Gerais","Dores de Guanhães","PCH Brejaúba.","-42.92919921875","-19.0583000183105",NA,NA,NA,"Rupícola em afloramento granítico na mata ciliar, inflorescencia amarela",NA,NA,NA,NA,"20800","auto",NA,NA,NA,NA
"65","2019-10-02 15:06:31-03","UFMG","BHCB","95287","PreservedSpecimen","Plantae","Monocotyledon",NA,"Cyperaceae","Pleurostachys",NA,NA,"Pleurostachys",NA,NA,NA,"Mota, NFO; Viana, PL; Almeida, TE","515","2005","08","16","Southern America","Brasil","Minas Gerais","Dores de Guanhães","PCH Jacaré.","-42.92919921875","-19.0583000183105",NA,NA,NA,"Erva terrestre no interior de mata",NA,NA,NA,NA,"20800","auto",NA,NA,NA,NA
"66","2019-10-02 14:52:13-03","UFMG","BHCB","95289","PreservedSpecimen","Plantae","Dicotyledon",NA,"Clusiaceae","Clusia",NA,NA,"Clusia",NA,NA,NA,"Mota, NFO; Viana, PL; Almeida, TE","517","2005","08","13","Southern America","Brasil","Minas Gerais","Dores de Guanhães","PCH Jacaré.","-42.92919921875","-19.0583000183105",NA,NA,NA,"Árvore de 4 m. de altura no interior de mata, frutos imaturos verdes",NA,NA,NA,NA,"20800","auto",NA,NA,NA,NA
"67","2019-10-02 14:54:05-03","UFMG","BHCB","95286","PreservedSpecimen","Plantae","Dicotyledon",NA,"Fabaceae","Inga","flagelliformis",NA,"Inga flagelliformis","(Vell.) Mart.",NA,NA,"Mota, NFO; Viana, PL; Almeida, TE","514","2005","08","15","Southern America","Brasil","Minas Gerais","Dores de Guanhães","PCH Jacaré.","-42.92919921875","-19.0583000183105",NA,NA,NA,"Árvore de 5 m. de altura, caule floria. Flores com cálice verde e corola creme; Árvore de 5 m de altura, caule floria. Flores com cálice verde e corola creme.","BHCB008862",NA,NA,NA,"20800","auto",NA,NA,NA,NA
"68","2019-10-02 14:48:25-03","UFMG","BHCB","95285","PreservedSpecimen","Plantae","Dicotyledon",NA,"Annonaceae","Guatteria",NA,NA,"Guatteria","Ruiz & Pav.",NA,NA,"Mota, NFO; Viana, PL; Almeida, TE","513","2005","08","15","Southern America","Brasil","Minas Gerais","Dores de Guanhães","PCH Jacaré.","-42.92919921875","-19.0583000183105",NA,NA,NA,"Arvoreta de 2-4 m. de altura no interior de mata",NA,NA,NA,NA,"20800","auto",NA,NA,NA,NA
"69","2019-10-02 14:51:01-03","UFMG","BHCB","95284","PreservedSpecimen","Plantae","Dicotyledon",NA,"Asteraceae","Verbesina",NA,NA,"Verbesina","L.",NA,NA,"Mota, NFO; Viana, PL; Almeida, TE","512","2005","08","16","Southern America","Brasil","Minas Gerais","Dores de Guanhães","PCH Jacaré.","-42.92919921875","-19.0583000183105",NA,NA,NA,"Plantas do Brasil. Interior de mata. Arbustivo. Capítulos amarelos.",NA,NA,"800","800","20800","auto",NA,NA,NA,NA
"70","2019-10-02 14:52:02-03","UFMG","BHCB","22296","PreservedSpecimen","Plantae","Dicotyledon",NA,"Celastraceae","Maytenus","evonymoides",NA,"Maytenus evonymoides","Reissek",NA,NA,"Costa, LV; Atalla, NC","s.n.","1992","10","29","Southern America","Brasil","Minas Gerais","Guanhães",NA,"-42.9324989318848","-18.7749996185303",NA,NA,NA,NA,NA,NA,NA,NA,"43982","auto",NA,NA,NA,NA
"71","2019-10-02 15:06:02-03","UFMG","BHCB","58127","PreservedSpecimen","Plantae","Monocotyledon",NA,"Bromeliaceae","Aechmea","racemosa",NA,"Aechmea racemosa","Mart.",NA,"1933","Barreto, HLM","2107","1933","08","28","Southern America","Brasil","Minas Gerais","Guanhães",NA,"-42.9324989318848","-18.7749996185303",NA,NA,NA,"Epifita, folhas de 2 metros, alta frequência","BHCB042776","BHCB042776",NA,NA,"43982","auto",NA,NA,NA,NA
"72","2019-10-02 14:54:11-03","UFMG","BHCB","22288","PreservedSpecimen","Plantae","Dicotyledon",NA,"Fabaceae","Machaerium","brasiliense",NA,"Machaerium brasiliense","Vogel",NA,NA,"Costa, LV; Atalla, NC","s.n.","1992","10",NA,"Southern America","Brasil","Minas Gerais","Guanhães",NA,"-42.9324989318848","-18.7749996185303",NA,NA,NA,NA,NA,NA,NA,NA,"43982","auto",NA,NA,NA,NA
"73","2019-10-02 14:54:11-03","UFMG","BHCB","22288","PreservedSpecimen","Plantae","Dicotyledon",NA,"Fabaceae","Machaerium","brasiliense",NA,"Machaerium brasiliense","Vogel",NA,NA,"Costa, LV; Atalla, NC","s.n.","1992","10",NA,"Southern America","Brasil","Minas Gerais","Guanhães",NA,"-42.9324989318848","-18.7749996185303",NA,NA,NA,NA,NA,NA,NA,NA,"43982","auto",NA,NA,NA,NA
"74","2019-10-02 14:54:17-03","UFMG","BHCB","22244","PreservedSpecimen","Plantae","Dicotyledon",NA,"Fabaceae","Mimosa","aurivillus",NA,"Mimosa aurivillus","Mart.",NA,NA,"Costa, LV; Atalla, NC","s.n.","1992","10","26","Southern America","Brasil","Minas Gerais","Guanhães",NA,"-42.9324989318848","-18.7749996185303",NA,NA,NA,NA,NA,NA,NA,NA,"43982","auto",NA,NA,NA,NA
"75","2019-10-02 15:07:09-03","UFMG","BHCB","22269","PreservedSpecimen","Plantae","Monocotyledon",NA,"Marantaceae","Stromanthe",NA,NA,"Stromanthe","Gasper",NA,NA,"Costa, LV; Atalla, NC","s.n.","1992",NA,NA,"Southern America","Brasil","Minas Gerais","Guanhães",NA,"-42.9324989318848","-18.7749996185303",NA,NA,NA,NA,NA,NA,NA,NA,"43982","auto",NA,NA,NA,NA
"76","2019-10-02 15:07:09-03","UFMG","BHCB","22269","PreservedSpecimen","Plantae","Monocotyledon",NA,"Marantaceae","Stromanthe","sellowiana",NA,"Stromanthe sellowiana","K.Shum.",NA,"2003","Costa, LV; Atalla, NC","s.n.","1992","10",NA,"Southern America","Brasil","Minas Gerais","Guanhães",NA,"-42.9324989318848","-18.7749996185303",NA,NA,NA,"Herbáceo.; Subosque de eucalipto.","BHCB013568",NA,NA,NA,"43982","auto","01",NA,NA,NA
"77","2019-10-02 15:00:49-03","UFMG","BHCB","22298","PreservedSpecimen","Plantae","Dicotyledon",NA,"Myrtaceae","Psidium","rufum",NA,"Psidium rufum","Mart. ex DC.",NA,NA,"Costa, LV; Atalla, NC","s.n.","1992","10","31","Southern America","Brasil","Minas Gerais","Guanhães",NA,"-42.9324989318848","-18.7749996185303",NA,NA,NA,NA,NA,NA,NA,NA,"43982","auto",NA,NA,NA,NA
"78","2019-10-02 15:00:49-03","UFMG","BHCB","22298","PreservedSpecimen","Plantae","Dicotyledon",NA,"Myrtaceae","Psidium","rufum",NA,"Psidium rufum","Mart. ex DC.",NA,NA,"Costa, LV; Atalla, NC","s.n.","1992","10","31","Southern America","Brasil","Minas Gerais","Guanhães",NA,"-42.9324989318848","-18.7749996185303",NA,NA,NA,NA,NA,NA,NA,NA,"43982","auto",NA,NA,NA,NA
"79","2019-10-02 14:52:02-03","UFMG","BHCB","22296","PreservedSpecimen","Plantae","Dicotyledon",NA,"Celastraceae","Maytenus","evonymoides",NA,"Maytenus evonymoides","Reissek",NA,NA,"Costa, LV; Atalla, NC","s.n.","1992","10","29","Southern America","Brasil","Minas Gerais","Guanhães",NA,"-42.9324989318848","-18.7749996185303",NA,NA,NA,NA,NA,NA,NA,NA,"43982","auto",NA,NA,NA,NA
"80","2019-10-02 14:48:19-03","UFMG","BHCB","22268","PreservedSpecimen","Plantae","Dicotyledon",NA,"Anacardiaceae","Tapirira","guianensis",NA,"Tapirira guianensis","Aubl.",NA,NA,"Costa, LV; Atalla, NC","s.n.","1992","11","01","Southern America","Brasil","Minas Gerais","Guanhães",NA,"-42.9324989318848","-18.7749996185303",NA,NA,NA,NA,NA,NA,NA,NA,"43982","auto",NA,NA,NA,NA
"81","2020-03-16 20:32:32-03","UFMG","BHCB","22268","PreservedSpecimen","Plantae","Dicotyledon",NA,"Anacardiaceae","Tapirira","guianensis",NA,"Tapirira guianensis","Aubl.",NA,NA,"Costa, LV; Atalla, NC","s.n.","1992","11","01","Southern America","Brasil","Minas Gerais","Guanhães",NA,"-42.9324989318848","-18.7749996185303",NA,NA,NA,"Arbóreo.; Mata Ciliar inundável.","BHCB055860",NA,NA,NA,"43982","auto",NA,NA,NA,NA
"82","2019-10-02 14:56:45-03","UFMG","BHCB","22246","PreservedSpecimen","Plantae","Dicotyledon",NA,"Melastomataceae","Clidemia","urceolata",NA,"Clidemia urceolata","DC.",NA,NA,"Costa, LV; Atalla, NC","s.n.","1992","07","17","Southern America","Brasil","Minas Gerais","Guanhães",NA,"-42.9324989318848","-18.7749996185303",NA,NA,NA,NA,NA,NA,NA,NA,"43982","auto",NA,NA,NA,NA
"83","2019-10-02 14:56:45-03","UFMG","BHCB","22246","PreservedSpecimen","Plantae","Dicotyledon",NA,"Melastomataceae","Clidemia","urceolata",NA,"Clidemia urceolata","DC.",NA,NA,"Costa, LV; Atalla, NC","s.n.","1992","07","17","Southern America","Brasil","Minas Gerais","Guanhães",NA,"-42.9324989318848","-18.7749996185303",NA,NA,NA,NA,NA,NA,NA,NA,"43982","auto",NA,NA,NA,NA
"84","2020-01-09 18:29:13-03","UFMG","BHCB","22266","PreservedSpecimen","Plantae","Monocotyledon",NA,"Alismataceae","Echinodorus","macrophyllus",NA,"Echinodorus macrophyllus","Kunth",NA,NA,"Costa, LV; Atalla, NC","s.n.","1992","11","30","Southern America","Brasil","Minas Gerais","Guanhães",NA,"-42.9324989318848","-18.7749996185303",NA,NA,NA,"Uso medicinal: rins.; Herbáceo.; Aquático, borda de lagoa.","BHCB053749","BHCB053749",NA,NA,"43982","auto",NA,NA,NA,NA
"85","2019-10-02 15:05:47-03","UFMG","BHCB","22266","PreservedSpecimen","Plantae","Monocotyledon",NA,"Alismataceae","Echinodorus","macrophyllus",NA,"Echinodorus macrophyllus","Kunth",NA,NA,"Costa, LV; Atalla, NC","s.n.","1992","11","30","Southern America","Brasil","Minas Gerais","Guanhães",NA,"-42.9324989318848","-18.7749996185303",NA,NA,NA,NA,NA,NA,NA,NA,"43982","auto",NA,NA,NA,NA
"86","2019-10-02 15:05:38-03","UFMG","BHCB","22293","PreservedSpecimen","Plantae","Indeterminado",NA,"Indeterminada","Indeterminado",NA,NA,"Indeterminado",NA,NA,NA,"Costa, LV; Atalla, NC","s.n.","1992","11","01","Southern America","Brasil","Minas Gerais","Guanhães",NA,"-42.9324989318848","-18.7749996185303",NA,NA,NA,"Cenibra, Proj. Amância.; Arbóreo, 7m.; Mata Ciliar Inundável","BHCB047242",NA,NA,NA,"43982","auto",NA,NA,NA,NA
"87","2019-10-02 15:04:16-03","UFMG","BHCB","21102","PreservedSpecimen","Plantae","Dicotyledon",NA,"Solanaceae","Solanum","graveolens",NA,"Solanum graveolens","Bunbury",NA,"1997","Costa, LV; Atalla, NC","s.n.","1992","10",NA,"Southern America","Brasil","Minas Gerais","Guanhães",NA,"-42.9324989318848","-18.7749996185303",NA,NA,NA,"Arbusto; Floresta Tropical, área aberta","BHCB050334",NA,NA,NA,"43982","auto",NA,NA,NA,NA
"88","2019-10-02 14:53:36-03","UFMG","BHCB","22241","PreservedSpecimen","Plantae","Dicotyledon",NA,"Fabaceae","Calliandra","parvifolia",NA,"Calliandra parvifolia","(Hook. & Arn.) Speg.",NA,NA,"Costa, LV; Atalla, NC","s.n.","1992","10","28","Southern America","Brasil","Minas Gerais","Guanhães",NA,"-42.9324989318848","-18.7749996185303",NA,NA,NA,NA,NA,NA,NA,NA,"43982","auto",NA,NA,NA,NA
"89","2019-10-02 14:53:36-03","UFMG","BHCB","22241","PreservedSpecimen","Plantae","Dicotyledon",NA,"Fabaceae","Calliandra","parvifolia",NA,"Calliandra parvifolia","(Hook. & Arn.) Speg.",NA,NA,"Costa, LV; Atalla, NC","s.n.","1992","10","28","Southern America","Brasil","Minas Gerais","Guanhães",NA,"-42.9324989318848","-18.7749996185303",NA,NA,NA,NA,NA,NA,NA,NA,"43982","auto",NA,NA,NA,NA
"90","2019-10-02 14:53:17-03","UFMG","BHCB","22304","PreservedSpecimen","Plantae","Dicotyledon",NA,"Euphorbiaceae","Maprounea","guianensis",NA,"Maprounea guianensis","Aubl.",NA,NA,"Costa, LV; Atalla, NC","s.n.","1992","10","27","Southern America","Brasil","Minas Gerais","Guanhães",NA,"-42.9324989318848","-18.7749996185303",NA,NA,NA,NA,NA,NA,NA,NA,"43982","auto",NA,NA,NA,NA
"91","2019-10-02 14:53:17-03","UFMG","BHCB","22304","PreservedSpecimen","Plantae","Dicotyledon",NA,"Euphorbiaceae","Maprounea","guianensis",NA,"Maprounea guianensis","Aubl.",NA,NA,"Costa, LV; Atalla, NC","s.n.","1992","10","27","Southern America","Brasil","Minas Gerais","Guanhães",NA,"-42.9324989318848","-18.7749996185303",NA,NA,NA,NA,NA,NA,NA,NA,"43982","auto",NA,NA,NA,NA
"92","2019-10-02 14:59:35-03","UFMG","BHCB","22271","PreservedSpecimen","Plantae","Dicotyledon",NA,"Menispermaceae","Abuta","selloana",NA,"Abuta selloana","Eichler",NA,NA,"Costa, LV; Atalla, NC","s.n.","1992","10","27","Southern America","Brasil","Minas Gerais","Guanhães",NA,"-42.9324989318848","-18.7749996185303",NA,NA,NA,NA,NA,NA,NA,NA,"43982","auto",NA,NA,NA,NA
"93","2019-10-02 14:59:35-03","UFMG","BHCB","22271","PreservedSpecimen","Plantae","Dicotyledon",NA,"Menispermaceae","Abuta","selloana",NA,"Abuta selloana","Eichler",NA,NA,"Costa, LV; Atalla, NC","s.n.","1992","10","27","Southern America","Brasil","Minas Gerais","Guanhães",NA,"-42.9324989318848","-18.7749996185303",NA,NA,NA,NA,NA,NA,NA,NA,"43982","auto",NA,NA,NA,NA
"94","2019-10-02 14:53:06-03","UFMG","BHCB","22303","PreservedSpecimen","Plantae","Dicotyledon",NA,"Euphorbiaceae","Croton","floribundus",NA,"Croton floribundus","Spreng.",NA,NA,"Costa, LV; Atalla, NC","s.n.","1992","10","28","Southern America","Brasil","Minas Gerais","Guanhães",NA,"-42.9324989318848","-18.7749996185303",NA,NA,NA,NA,NA,NA,NA,NA,"43982","auto",NA,NA,NA,NA
"95","2019-10-02 14:53:06-03","UFMG","BHCB","22303","PreservedSpecimen","Plantae","Dicotyledon",NA,"Euphorbiaceae","Croton","floribundus",NA,"Croton floribundus","Spreng.",NA,NA,"Costa, LV; Atalla, NC","s.n.","1992","10","28","Southern America","Brasil","Minas Gerais","Guanhães",NA,"-42.9324989318848","-18.7749996185303",NA,NA,NA,NA,NA,NA,NA,NA,"43982","auto",NA,NA,NA,NA
"96","2019-10-02 15:04:27-03","UFMG","BHCB","22318","PreservedSpecimen","Plantae","Dicotyledon",NA,"Solanaceae","Solanum","pseudoquina",NA,"Solanum pseudoquina","A.St.-Hil.",NA,NA,"Costa, LV; Atalla, NC","s.n.",NA,NA,NA,"Southern America","Brasil","Minas Gerais","Guanhães",NA,"-42.9324989318848","-18.7749996185303",NA,NA,NA,NA,NA,NA,NA,NA,"43982","auto",NA,NA,NA,NA
"97","2019-10-02 15:04:27-03","UFMG","BHCB","22311","PreservedSpecimen","Plantae","Dicotyledon",NA,"Solanaceae","Solanum","pseudoquina",NA,"Solanum pseudoquina","A.St.-Hil.",NA,"2013","Costa, LV; Atalla, NC","s.n.","1992","10","26","Southern America","Brasil","Minas Gerais","Guanhães",NA,"-42.9324989318848","-18.7749996185303",NA,NA,NA,"Arbustivo 3,5 m; Floresta Secundária","BHCB018927",NA,NA,NA,"43982","auto",NA,NA,NA,NA
"98","2019-10-02 15:04:40-03","UFMG","BHCB","22289","PreservedSpecimen","Plantae","Dicotyledon",NA,"Styracaceae","Styrax",NA,NA,"Styrax","L.",NA,NA,"Costa, LV; Atalla, NC","s.n.","1992","10","26","Southern America","Brasil","Minas Gerais","Guanhães",NA,"-42.9324989318848","-18.7749996185303",NA,NA,NA,NA,NA,NA,NA,NA,"43982","auto",NA,NA,NA,NA
"99","2019-10-02 14:55:56-03","UFMG","BHCB","22245","PreservedSpecimen","Plantae","Dicotyledon",NA,"Malpighiaceae","Byrsonima",NA,NA,"Byrsonima","Rich. ex Kunth",NA,NA,"Costa, LV; Atalla, NC","s.n.","1992","10","27","Southern America","Brasil","Minas Gerais","Guanhães",NA,"-42.9324989318848","-18.7749996185303",NA,NA,NA,NA,NA,NA,NA,NA,"43982","auto",NA,NA,NA,NA
"100","2019-10-02 14:55:56-03","UFMG","BHCB","22245","PreservedSpecimen","Plantae","Dicotyledon",NA,"Malpighiaceae","Byrsonima",NA,NA,"Byrsonima","Rich. ex Kunth",NA,NA,"Costa, LV; Atalla, NC","s.n.","1992","10","27","Southern America","Brasil","Minas Gerais","Guanhães",NA,"-42.9324989318848","-18.7749996185303",NA,NA,NA,NA,NA,NA,NA,NA,"43982","auto",NA,NA,NA,NA
"101","2019-10-02 15:04:40-03","UFMG","BHCB","22289","PreservedSpecimen","Plantae","Dicotyledon",NA,"Styracaceae","Styrax",NA,NA,"Styrax","L.",NA,NA,"Costa, LV; Atalla, NC","s.n.","1992","10","26","Southern America","Brasil","Minas Gerais","Guanhães",NA,"-42.9324989318848","-18.7749996185303",NA,NA,NA,NA,NA,NA,NA,NA,"43982","auto",NA,NA,NA,NA
"102","2019-10-02 15:01:16-03","UFMG","BHCB","22293","PreservedSpecimen","Plantae","Dicotyledon",NA,"Peraceae","Pera",NA,NA,"Pera",NA,NA,NA,"Costa, LV; Atalla, NC","s.n.","1992","11","01","Southern America","Brasil","Minas Gerais","Guanhães",NA,"-42.9324989318848","-18.7749996185303",NA,NA,NA,NA,NA,NA,NA,NA,"43982","auto",NA,NA,NA,NA
"103","2019-10-02 15:00:26-03","UFMG","BHCB","22302","PreservedSpecimen","Plantae","Dicotyledon",NA,"Myrtaceae","Myrcia","eriopus",NA,"Myrcia eriopus","DC.",NA,"2004","Costa, LV; Atalla, NC","s.n.","1992","10","29","Southern America","Brasil","Minas Gerais","Guanhães",NA,"-42.9324989318848","-18.7749996185303",NA,NA,NA,"Subarbóreo 3m; Sub-bosque de eucalipto","BHCB012625","BHCB012625",NA,NA,"43982","auto","03","22",NA,NA
"104","2019-10-02 14:54:18-03","UFMG","BHCB","22244","PreservedSpecimen","Plantae","Dicotyledon",NA,"Fabaceae","Mimosa","aurivillus","sardenscens","Mimosa aurivillus sardenscens","(Benth.) Barneby",NA,"1995","Costa, LV; Atalla, NC","s.n.","1992","10","26","Southern America","Brasil","Minas Gerais","Guanhães","CENIBRA","-42.9324989318848","-18.7749996185303",NA,NA,NA,"Sub arbóreo 2,5m.; Mata de altitude.","BHCB011888",NA,NA,NA,"43982","auto",NA,NA,NA,NA
"105","2019-10-02 15:07:56-03","UFMG","BHCB","22292","PreservedSpecimen","Plantae","Monocotyledon",NA,"Orchidaceae","Polystachya",NA,NA,"Polystachya",NA,NA,NA,"Costa, LV; Atalla, NC","s.n.","1992","11","01","Southern America","Brasil","Minas Gerais","Guanhães","Cenibra, Proj. Amância.","-42.9324989318848","-18.7749996185303",NA,NA,NA,"mata ciliar inundavel. Epífita.",NA,NA,NA,NA,"43982","auto",NA,NA,NA,NA
"106","2019-10-02 14:50:31-03","UFMG","BHCB","56201","PreservedSpecimen","Plantae","Dicotyledon",NA,"Asteraceae","Mikania","hirsutissima",NA,"Mikania hirsutissima","DC.",NA,NA,"Barreto, HLM","4157","1933","08","28","Southern America","Brasil","Minas Gerais","Guanhães","Porto de Guanhães.","-42.9324989318848","-18.7749996185303",NA,NA,NA,"Mata. Muito frequente. Trepadeira. Flor alva.",NA,NA,NA,NA,"43982","auto",NA,NA,NA,NA
"107","2019-10-02 14:52:54-03","UFMG","BHCB","69067","PreservedSpecimen","Plantae","Dicotyledon",NA,"Erythroxylaceae","Erythroxylum","pulchrum",NA,"Erythroxylum pulchrum","A.St.-Hil.",NA,"2015","Drumond, OA","s.n.","1950","10","29","Southern America","Brasil","Minas Gerais","Guanhães","Salto Grande.","-42.9324989318848","-18.7749996185303",NA,NA,NA,"Árvore, flor creme; Mata rala","BHCB022844",NA,NA,NA,"43982","auto","03","17",NA,NA
"108","2019-12-13 08:11:24-03","ICAUFMG","MCCA","1310","S","Plantae",NA,NA,"Apocynaceae","Tabernaemontana","solanifolia",NA,"Tabernaemontana solanifolia","A.DC.","SILVA, A.F.","2011","BRANDÃO, M.","26217","1996","09","18",NA,"Brasil","Minas Gerais","Guanhães",NA,"-42.9324989318848","-18.7749996185303",NA,NA,NA,NA,"MCCA01366","MCCA01366",NA,NA,"43982","auto","01","18",NA,NA
"109","2019-12-13 08:11:34-03","ICAUFMG","MCCA","1432","S","Plantae",NA,NA,"Fabaceae","Bauhinia","forficata",NA,"Bauhinia forficata","Link","GONÇALVES, E.J.","2014","GONÇALVES, E.J.",NA,"2014","10","26",NA,"Brasil","Minas Gerais","Sapucaia de Guanhães",NA,NA,NA,NA,NA,NA,NA,"MCCA01421","MCCA01421",NA,NA,NA,NA,"10","26",NA,NA
"110","2019-12-13 08:11:48-03","ICAUFMG","MCCA","1427","S","Plantae",NA,NA,"Rosaceae","Prunus","avium",NA,"Prunus avium","(L.) L.","GONCALVES, E.J.","2014","GONCALVES, E.J.",NA,"2014","10","26",NA,"Brasil","Minas Gerais","Sapucaia de Guanhães","Fazenda Esperança",NA,NA,NA,NA,NA,NA,"MCCA01416","MCCA01416",NA,NA,NA,NA,"10","26",NA,NA
"111","2019-06-27 15:32:39-03","Cenargen","CEN","71206","S","Plantae",NA,NA,"Euphorbiaceae","Jatropha","curcas",NA,"Jatropha curcas","L.","E. J. Leite","2008","Edson Junqueira Leite","129","2008","04","23",NA,"Brasil","MG","GUANHAES","Fazenda Bamburral (dona Alaíde).","-42.801388","-18.927222","-42,801388","-18,927222","Unicata",NA,"CEN00071206","CEN00071206",NA,NA,NA,NA,"04",NA,"1",NA
"112","2019-06-27 15:32:39-03","Cenargen","CEN","71207","S","Plantae",NA,NA,"Euphorbiaceae","Jatropha","curcas",NA,"Jatropha curcas","L.","E. J. Leite","2008","Edson Junqueira Leite","130","2008","04","23",NA,"Brasil","MG","GUANHAES","Fazenda Bamburral (dona Alaíde).","-42.801388","-18.927222","-42,801388","-18,927222","Unicata",NA,"CEN00071207","CEN00071207",NA,NA,NA,NA,"04",NA,"1",NA
"113","2018-10-26 11:56:16-03","Cenargen","CEN","38144","S","Plantae",NA,NA,"Lythraceae","Diplusodon","orbicularis",NA,"Diplusodon orbicularis","Koehne","T. B. Cavalcanti",NA,"W. M. Silva","1807","1976","04","21",NA,"Brasil","MG","GUANHAES",NA,"-42.9324989318848","-18.7749996185303",NA,NA,"Exsicatas","Doação do Herbário Prof. José Badini - Instituto de Ciências Exatas e Biológicas - UFOP.","CEN00038144","CEN00038144",NA,NA,"43982","auto",NA,NA,"1",NA
"114","2018-10-26 12:04:42-03","Cenargen","CEN","64319","S","Plantae",NA,NA,"Poaceae","Paspalum","intermedium",NA,"Paspalum intermedium","Munro ex Morong & Britton","G. H. Rua",NA,"Gabriel Hugo Rua","718","2006","01","12",NA,"Brasil","MG","GUANHAES","BR-259 entre Guanhães e Virginópolis, ca. 15 km ao Leste de Guanhães.","-42.9324989318848","-18.7749996185303",NA,NA,"Exsicatas","Colônias puras em áreas baixas.","CEN00064319","CEN00064319",NA,NA,"43982","auto",NA,NA,"3",NA
"115","2019-11-13 11:32:14-03","USP","SPF","92828","PreservedSpecimen","Plantae",NA,NA,"Solanaceae","Solanum","graveolens",NA,"Solanum graveolens","Bunbury","Stehmann, JR","2016","Costa, LV","s.n.","1992","10",NA,NA,"Brasil","Minas Gerais","Guanhães",NA,"-42.9324989318848","-18.7749996185303",NA,NA,NA,NA,"SPF00092828","SPF00092828",NA,NA,"43982","auto","08",NA,NA,NA
"116","2019-11-13 11:32:14-03","USP","SPF","92829","PreservedSpecimen","Plantae",NA,NA,"Solanaceae","Solanum","graveolens",NA,"Solanum graveolens","Bunbury","Stehmann, JR","2016","Costa, LV","s.n.","1992","10",NA,NA,"Brasil","Minas Gerais","Guanhães",NA,"-42.9324989318848","-18.7749996185303",NA,NA,NA,NA,"SPF00092829","SPF00092829",NA,NA,"43982","auto","08",NA,NA,NA
"117","2019-10-07 09:15:46-03","UEFS","HUEFS","124376","PreservedSpecimen","Plantae","Angiospermae","Lamiales","Bignoniaceae","Pleonotoma","tetraquetra",NA,"Pleonotoma tetraquetra","(Cham.) Bureau","M.M.Silva-Castro","2015","Silva-Castro, M.M.","1336","2007","08","28",NA,"Brasil","Minas Gerais","Guanhães","Estrada para Sabinópolis, beira da estrada.","-43.035833","-18.698611","43W2'9''","18S41'55''",NA,NA,"HUEFS0124376","HUEFS0124376","1007","1007",NA,NA,"05",NA,NA,"Asteranae"
"118","2019-10-07 09:34:53-03","UEFS","HUEFS","185295","PreservedSpecimen","Plantae","Angiospermae","Myrtales","Myrtaceae","Campomanesia",NA,NA,"Campomanesia",NA,NA,NA,"Faria, J.E.Q.","946","2010","11","10",NA,"Brasil","Minas Gerais","Guanhães","Margem da rodovia que liga Guanhães a Itabira.","-42.987222","-18.8475","42W59'14''","18S50'51''",NA,"Floresta ombrófila, solo argiloso.","HUEFS0185295","HUEFS0185295","758","758",NA,NA,NA,NA,NA,"Rosanae"
"119","2019-10-07 09:34:53-03","UEFS","HUEFS","185297","PreservedSpecimen","Plantae","Angiospermae","Myrtales","Myrtaceae","Campomanesia",NA,NA,"Campomanesia",NA,NA,NA,"Faria, J.E.Q.","947","2010","11","10",NA,"Brasil","Minas Gerais","Guanhães","Margem da rodovia que liga Guanhães a Itabira.","-42.987222","-18.8475","42W59'14''","18S50'51''",NA,"Floresta ombrófila, solo argiloso.","HUEFS0185297","HUEFS0185297","758","758",NA,NA,NA,NA,NA,"Rosanae"
"120","2019-10-07 09:11:32-03","UEFS","HUEFS","124437","PreservedSpecimen","Plantae","Angiospermae","Asterales","Asteraceae","Heterocondylus","alatus",NA,"Heterocondylus alatus","(Vell.) R.M.King & H.Rob.",NA,NA,"Miranda, E.B.","1023","2007","08","28",NA,"Brasil","Minas Gerais","Guanhães","Estrada para Sabinópolis - MG 259 - km 813'.","-43.035833","-18.6875","43W2'9''","18S41'15''",NA,"Mata seca.","HUEFS0124437","HUEFS0124437","306","306",NA,NA,NA,NA,NA,"Asteranae"
"121","2020-02-17 11:29:56-03","UEG","HUEG",NA,"PreservedSpecimen","Plantae","Dicotyledoneae",NA,"Myrtaceae","Campomanesia",NA,NA,"Campomanesia",NA,"Harris, S.A.; Bittrich, V.","2001","Ratter, J.A.; Faria, J.E.Q.","946","2010","11","10","Southern America","Brasil","Minas Gerais","Guanhães","Margem da rodovia que liga Guanhães a Itabira","-42.987222","-18.8475","-42.987222","-18.8475",NA,"Árvore ca. 3 m de altura, flores brancas e botões; Floresta ombrófila, solo argiloso",NA,NA,NA,NA,NA,NA,"11",NA,NA,NA
"122","2019-02-27 14:03:01-03","UFSJ","HUFSJ","1479","S","Plantae",NA,NA,"Myrtaceae","Myrcia",NA,NA,"Myrcia",NA,NA,NA,"Costa, LV; Atalla, NC","s.n.","1992","10","29",NA,"Brasil","Minas Gerais","Guanhães",NA,"-42.9324989318848","-18.7749996185303",NA,NA,NA,"Subarbóreo 3m.","HUFSJ001479",NA,NA,NA,"43982","auto",NA,NA,NA,NA
"123","2019-11-07 11:19:21-03","UFMG","BHCB-SL","93572","PreservedSpecimen","Plantae",NA,NA,"Pteridaceae","Adiantum",NA,NA,"Adiantum",NA,NA,NA,"Almeida, TE; Souza, DT; Mota, NFO; Viana, PL","58","2005","08","13","América","Brasil","Minas Gerais","Dores de Guanhães","Rio Guanhães.","-42.924556","-19.037472","-42.924556","-19.037472",NA,"Terrestre, à beira de trilha, no interior de mata",NA,NA,"505","505",NA,NA,NA,NA,NA,NA
"124","2019-11-07 11:19:21-03","UFMG","BHCB-SL","93563","PreservedSpecimen","Plantae",NA,NA,"Pteridaceae","Adiantum","diogoanum",NA,"Adiantum diogoanum","Graziani ex Baker","Almeida, TE; Salino, A","2005","Almeida, TE; Souza, DT; Mota, NFO; Viana, PL","49","2005","08","13","América","Brasil","Minas Gerais","Dores de Guanhães","Rio Guanhães.","-42.924556","-19.037472","-42.924556","-19.037472",NA,"Terrestre, borda de mata, à margem do rio Guanhães",NA,NA,"505","505",NA,NA,"08",NA,NA,NA
"125","2020-02-11 18:26:28-03","UFMG","BHCB-SL","93567","PreservedSpecimen","Plantae",NA,NA,"Pteridaceae","Adiantum","dolosum",NA,"Adiantum dolosum","Kunze","Almeida, TE; Salino, A","2005","Almeida, TE; Souza, DT; Mota, NFO; Viana, PL","53","2005","08","13","América","Brasil","Minas Gerais","Dores de Guanhães","Rio Guanhães.","-42.924556","-19.037472","-42.924556","-19.037472",NA,"Terrestre, à beira de trilha, no interior de mata",NA,NA,"505","505",NA,NA,"08",NA,NA,NA
"126","2019-11-07 11:19:28-03","UFMG","BHCB-SL","93564","PreservedSpecimen","Plantae",NA,NA,"Pteridaceae","Adiantum","glaucescens",NA,"Adiantum glaucescens","Klotzsch","Prado, J","2006","Almeida, TE; Souza, DT; Mota, NFO; Viana, PL","50","2005","08","13","América","Brasil","Minas Gerais","Dores de Guanhães","Rio Guanhães.","-42.924556","-19.037472","-42.924556","-19.037472",NA,"Terrestre, à beira de trilha, no interior de mata",NA,NA,"505","505",NA,NA,"09",NA,NA,NA
"127","2019-11-07 11:19:31-03","UFMG","BHCB-SL","93569","PreservedSpecimen","Plantae",NA,NA,"Pteridaceae","Adiantum","pulverulentum",NA,"Adiantum pulverulentum","L.","Almeida, TE","2005","Almeida, TE; Souza, DT; Mota, NFO; Viana, PL","55","2005","08","13","América","Brasil","Minas Gerais","Dores de Guanhães","Rio Guanhães., Floresta Estacional Semidecidual","-42.924556","-19.037472","-42.924556","-19.037472",NA,"Terrestre, à beira de trilha, próximo à borda, no interior de mata",NA,NA,"505","505",NA,NA,"08",NA,NA,NA
"128","2019-11-07 11:19:35-03","UFMG","BHCB-SL","93562","PreservedSpecimen","Plantae",NA,NA,"Pteridaceae","Adiantum","subcordatum",NA,"Adiantum subcordatum","Sw.","Almeida, TE","2005","Almeida, TE; Souza, DT; Mota, NFO; Viana, PL","48","2005","08","13","América","Brasil","Minas Gerais","Dores de Guanhães",NA,"-42.924556","-19.037472","-42.924556","-19.037472",NA,"Terrestre, à beira de trilha, no interior de mata",NA,NA,"50","50",NA,NA,"08",NA,NA,NA
"129","2020-03-04 20:43:43-03","UFMG","BHCB-SL","93587","PreservedSpecimen","Plantae",NA,NA,"Thelypteridaceae","Amauropelta","opposita",NA,"Amauropelta opposita","(Vahl) Pic.Serm.","Almeida, TE; Salino, A","2005","Almeida, TE; Souza, DT; Mota, NFO; Viana, PL","73","2005","08","14","América","Brasil","Minas Gerais","Dores de Guanhães","Rio Guanhães., Floresta Estacional Semidecidual","-42.945556","-19.003694","-42.945556","-19.003694",NA,"Terrestre, em brejo, em área aberta",NA,NA,"500","500",NA,NA,"08",NA,NA,NA
"130","2019-11-07 11:13:45-03","UFMG","BHCB-SL","93594","PreservedSpecimen","Plantae",NA,NA,"Anemiaceae","Anemia",NA,NA,"Anemia","Sw.","Almeida, TE; Salino, A","2005","Almeida, TE; Souza, DT; Mota, NFO; Viana, PL","80","2005","08","15","América","Brasil","Minas Gerais","Dores de Guanhães","Serra do Caraça","-42.873111","-19.070639","-42.873111","-19.070639",NA,"Rupícola no paredão rochoso granítico",NA,NA,NA,NA,NA,NA,"08",NA,NA,NA
"131","2019-11-07 11:13:49-03","UFMG","BHCB-SL","93566","PreservedSpecimen","Plantae",NA,NA,"Anemiaceae","Anemia","luetzelburgii",NA,"Anemia luetzelburgii","Rosenst.","Almeida, TE; Salino, A","2005","Almeida, TE; Souza, DT; Mota, NFO; Viana, PL","52","2005","08","13","América","Brasil","Minas Gerais","Dores de Guanhães","Rio Guanhães., Floresta Estacional Semidecidual","-42.924556","-19.037472","-42.924556","-19.037472",NA,"Terrestre, em beira de trilha, no interior de mata",NA,NA,"505","505",NA,NA,"08",NA,NA,NA
"132","2019-11-07 11:18:13-03","UFMG","BHCB-SL","93577","PreservedSpecimen","Plantae",NA,NA,"Polypodiaceae","Campyloneurum","decurrens",NA,"Campyloneurum decurrens","(Raddi) C.Presl","Almeida, TE; Salino, A","2005","Almeida, TE; Souza, DT; Mota, NFO; Viana, PL","63","2005","08","14","América","Brasil","Minas Gerais","Dores de Guanhães","Rio Guanhães., Floresta Estacional Semidecidual.","-42.945556","-19.003694","-42.945556","-19.003694",NA,"Rupícola em riacho no interior de mata",NA,NA,"500","500",NA,NA,"08",NA,NA,NA
"133","2019-11-07 11:18:17-03","UFMG","BHCB-SL","93575","PreservedSpecimen","Plantae",NA,NA,"Polypodiaceae","Campyloneurum","nitidum",NA,"Campyloneurum nitidum","(Kaulf.) C.Presl","Almeida, TE","2005","Almeida, TE; Souza, DT; Mota, NFO; Viana, PL","61","2005","08","14","América","Brasil","Minas Gerais","Dores de Guanhães","Rio Guanhães., Floresta Estacional Semidecidual.","-42.945556","-19.003694","-42.945556","-19.003694",NA,"Rupícola, em riacho, no interior de mata",NA,NA,"500","500",NA,NA,"08",NA,NA,NA
"134","2019-11-07 11:21:24-03","UFMG","BHCB-SL","93600","PreservedSpecimen","Plantae",NA,NA,"Thelypteridaceae","Christella","hispidula",NA,"Christella hispidula","(Decne.) Holttum","Almeida, TE; Salino, A","2005","Almeida, TE; Souza, DT; Mota, NFO; Viana, PL","86","2005","08","16","América","Brasil","Minas Gerais","Dores de Guanhães","Rio Guanhães., Floresta Estacional Semidecidual","-42.873111","-19.070639","-42.873111","-19.070639",NA,"Terrestre, na beira de córrego, no interior de mata",NA,NA,"550","550",NA,NA,"08",NA,NA,NA
"135","2020-03-04 20:43:09-03","UFMG","BHCB-SL","93580","PreservedSpecimen","Plantae",NA,NA,"Dryopteridaceae","Ctenitis","submarginalis","tenuifolia","Ctenitis submarginalis tenuifolia","(C.Presl) R.S.Viveros","Viveros, RS","2015","Almeida, TE; Souza, DT; Mota, NFO; Viana, PL","66","2005","08","14","América","Brasil","Minas Gerais","Dores de Guanhães","Rio Guanhães.","-42.945556","-19.003694","-42.945556","-19.003694",NA,"Terrestre, no interior de mata. Beira de trilha",NA,NA,"500","500",NA,NA,"11",NA,NA,NA
"136","2019-11-07 11:15:46-03","UFMG","BHCB-SL","93574","PreservedSpecimen","Plantae",NA,NA,"Cyatheaceae","Cyathea","axillaris",NA,"Cyathea axillaris","(Fée) Lellinger","Salino, A","2010","Almeida, TE; Souza, DT; Mota, NFO; Viana, PL","60","2005","08","14","América","Brasil","Minas Gerais","Dores de Guanhães","Margem do Rio Guanhães","-42.945556","-19.003694","-42.945556","-19.003694",NA,"Terrestre em barranco, à beira de córrego, no interior de mata com muito bambu",NA,NA,"500","500",NA,NA,"10",NA,NA,NA
"137","2020-03-04 20:43:45-03","UFMG","BHCB-SL","93578","PreservedSpecimen","Plantae",NA,NA,"Thelypteridaceae","Cyclosorus","interruptus",NA,"Cyclosorus interruptus","(Willd.) Ito","Almeida, TE; Salino, A","2005","Almeida, TE; Souza, DT; Mota, NFO; Viana, PL","64","2005","08","14","América","Brasil","Minas Gerais","Dores de Guanhães","Rio Guanhães., Floresta Estacional Semidecidual","-42.945556","-19.003694","-42.945556","-19.003694",NA,"Terrestre, em brejo, em área aberta",NA,NA,"500","500",NA,NA,"08",NA,NA,NA
"138","2019-11-07 11:19:42-03","UFMG","BHCB-SL","93585","PreservedSpecimen","Plantae",NA,NA,"Pteridaceae","Doryopteris","collina",NA,"Doryopteris collina","(Raddi) J.Sm.","Almeida, TE; Salino, A","2005","Almeida, TE; Souza, DT; Mota, NFO; Viana, PL","71","2005","08","14","América","Brasil","Minas Gerais","Dores de Guanhães","Rio Guanhães.","-42.945556","-19.003694","-42.945556","-19.003694",NA,"Rupícola, em paredão rochoso granítico, próximo ao rio Guanhães",NA,NA,"500","500",NA,NA,"08",NA,NA,NA
"139","2019-11-07 11:19:50-03","UFMG","BHCB-SL","93598","PreservedSpecimen","Plantae",NA,NA,"Pteridaceae","Hemionitis","tomentosa",NA,"Hemionitis tomentosa","(Lam.) Raddi","Almeida, TE","2005","Almeida, TE; Souza, DT; Mota, NFO; Viana, PL","84","2005","08","16","América","Brasil","Minas Gerais","Dores de Guanhães","Rio Guanhães.","-42.873111","-19.070639","-42.873111","-19.070639",NA,"Rupícola, na beira de córrego, no interior de mata",NA,NA,"550","550",NA,NA,"08",NA,NA,NA
"140","2019-11-07 11:16:40-03","UFMG","BHCB-SL","93570","PreservedSpecimen","Plantae",NA,NA,"Dryopteridaceae","Lastreopsis","acuta",NA,"Lastreopsis acuta","(Hook.) Tindale","Almeida, TE; Salino, A","2005","Almeida, TE; Souza, DT; Mota, NFO; Viana, PL","56","2005","08","13","América","Brasil","Minas Gerais","Dores de Guanhães","Rio Guanhães., Floresta Estacional Semidecidual.","-42.924556","-1.037497","-42.924556","-1.037497",NA,"Terrestre, à beira de trilha, no interior de mata",NA,NA,"505","505",NA,NA,"08",NA,NA,NA
"141","2020-03-04 20:43:15-03","UFMG","BHCB-SL","93590","PreservedSpecimen","Plantae",NA,NA,"Dryopteridaceae","Megalastrum","grande",NA,"Megalastrum grande","(C.Presl) A.R.Sm. & R.C.Moran","Almeida, TE; Salino, A","2005","Almeida, TE; Souza, DT; Mota, NFO; Viana, PL","76","2005","08","14","América","Brasil","Minas Gerais","Dores de Guanhães","Rio Guanhães.","-42.945556","-19.003694","-42.945556","-19.003694",NA,"Terrestre, à margem de córrego, no interior de mata. Caule decumbente",NA,NA,"500","500",NA,NA,"08",NA,NA,NA
"142","2020-03-04 20:43:49-03","UFMG","BHCB-SL","93573","PreservedSpecimen","Plantae",NA,NA,"Thelypteridaceae","Meniscium","serratum",NA,"Meniscium serratum","Cav.","Fernandes, RS","2014","Almeida, TE; Souza, DT; Mota, NFO; Viana, PL","59","2005","08","14","América","Brasil","Minas Gerais","Dores de Guanhães","Rio Guanhães","-42.945556","-19.003694","-42.945556","-19.003694",NA,"Terrestre em brejo, em área aberta",NA,NA,"500","500",NA,NA,"04","15",NA,NA
"143","2020-02-11 18:26:18-03","UFMG","BHCB-SL","93559","PreservedSpecimen","Plantae",NA,NA,"Polypodiaceae","Pecluma","plumula",NA,"Pecluma plumula","(Willd.) M.G.Price","Almeida, TE; Salino, A","2005","Almeida, TE; Souza, DT; Mota, NFO; Viana, PL","45","2005","08","13","América","Brasil","Minas Gerais","Dores de Guanhães","Rio Guanhães., Floresta Estacional Semidecidual.","-42.924556","-19.037472","-42.924556","-19.037472",NA,"Rupícola, em borda de mata, à beira do rio Guanhães",NA,NA,"505","505",NA,NA,"08",NA,NA,NA
"144","2020-02-11 18:26:21-03","UFMG","BHCB-SL","93589","PreservedSpecimen","Plantae",NA,NA,"Polypodiaceae","Pecluma","recurvata",NA,"Pecluma recurvata","(Kaulf.) M.G.Price","Almeida, TE; Salino, A","2005","Almeida, TE; Souza, DT; Mota, NFO; Viana, PL","75","2005","08","14","América","Brasil","Minas Gerais","Dores de Guanhães","Rio Guanhães., Floresta Estacional Semidecidual.","-42.945556","-19.003694","-42.945556","-19.003694",NA,"Terrestre, no interior de mata, próximo a córrego",NA,NA,"500","500",NA,NA,"08",NA,NA,NA
"145","2020-02-11 18:26:32-03","UFMG","BHCB-SL","93558","PreservedSpecimen","Plantae",NA,NA,"Pteridaceae","Pityrogramma","calomelanos",NA,"Pityrogramma calomelanos","(L.) Link","Almeida, TE","2005","Almeida, TE; Souza, DT; Mota, NFO; Viana, PL","44","2005","08","13","América","Brasil","Minas Gerais","Dores de Guanhães","Rio Guanhães.","-42.924556","-19.037472","-42.924556","-19.037472",NA,"Rupícola à beira do Rio Guanhães; área aberta",NA,NA,"50","50",NA,NA,"08",NA,NA,NA
"146","2019-11-07 11:20:13-03","UFMG","BHCB-SL","93565","PreservedSpecimen","Plantae",NA,NA,"Pteridaceae","Pteris","denticulata",NA,"Pteris denticulata","Sw.","Almeida, TE; Salino, A","2005","Almeida, TE; Souza, DT; Mota, NFO; Viana, PL","51","2005","08","13","América","Brasil","Minas Gerais","Dores de Guanhães","Rio Guanhães.","-42.924556","-19.037472","-42.924556","-19.037472",NA,"Terrestre, em beira de trilha, no interior de mata",NA,NA,"505","505",NA,NA,"08",NA,NA,NA
"147","2019-11-07 11:20:17-03","UFMG","BHCB-SL","93582","PreservedSpecimen","Plantae",NA,NA,"Pteridaceae","Pteris","splendens",NA,"Pteris splendens","Kaulf.","Almeida, TE","2005","Almeida, TE; Souza, DT; Mota, NFO; Viana, PL","68","2005","08","14","América","Brasil","Minas Gerais","Dores de Guanhães","Rio Guanhães.","-42.945556","-19.003694","-42.945556","-19.003694",NA,"Terrestre no interior de mata",NA,NA,"50","50",NA,NA,"08",NA,NA,NA
"148","2019-11-07 11:20:39-03","UFMG","BHCB-SL","93595","PreservedSpecimen","Plantae",NA,NA,"Selaginellaceae","Selaginella","marginata",NA,"Selaginella marginata","(Humb. & Bonpl. ex Willd.) Spring","Heringer, G","2011","Almeida, TE; Souza, DT; Mota, NFO; Viana, PL","81","2005",NA,NA,"América","Brasil","Minas Gerais","Dores de Guanhães","Serra do Caraça, Paredão rochoso granítico e Floresta Estacional Semidecidual bastante alterada.","-42.873111","-19.070639","-42.873111","-19.070639",NA,"Rupícola no paredão rochoso granítico. Próximo a touceiras de Cyperaceae",NA,NA,"700","700",NA,NA,"02",NA,NA,NA
"149","2019-11-07 11:20:50-03","UFMG","BHCB-SL","93584","PreservedSpecimen","Plantae",NA,NA,"Selaginellaceae","Selaginella","sulcata",NA,"Selaginella sulcata","(Desv. ex Poir.) Spring","Heringer, G","2010","Almeida, TE; Souza, DT; Mota, NFO; Viana, PL","70","2005",NA,NA,"América","Brasil","Minas Gerais","Dores de Guanhães","Rio Guanhães.","-42.945556","-19.003694","-42.945556","-19.003694",NA,"Terrestre, à beira de trilha, no interior de mata",NA,NA,"500","500",NA,NA,"03",NA,NA,NA
"150","2019-11-07 11:19:07-03","UFMG","BHCB-SL","93596","PreservedSpecimen","Plantae",NA,NA,"Polypodiaceae","Serpocaulon","catharinae",NA,"Serpocaulon catharinae","(Langsd. & Fisch.) A.R.Sm.","Salino, A","2010","Almeida, TE; Souza, DT; Mota, NFO; Viana, PL","82","2005","08","15","América","Brasil","Minas Gerais","Dores de Guanhães","Serra do Caraça, Paredão rochso granítico e Floresta Estacional Semidecidual bastante alterada.","-42.873111","-19.070639","-42.873111","-19.070639",NA,"Rupícola, próximo e embaixo de touceiras de Dickia sp., no alto do paredão rochoso",NA,NA,"700","700",NA,NA,"08",NA,NA,NA
"151","2020-03-04 20:43:50-03","UFMG","BHCB-SL","93591","PreservedSpecimen","Plantae",NA,NA,"Thelypteridaceae","Steiropteris","leprieurii",NA,"Steiropteris leprieurii","Hook.","Almeida, TE; Salino, A","2005","Almeida, TE; Souza, DT; Mota, NFO; Viana, PL","77","2005","08","14","América","Brasil","Minas Gerais","Dores de Guanhães","Rio Guanhães., Floresta Estacional Semidecidual.","-42.945556","-19.003694","-42.945556","-19.003694",NA,"Terrestre no interior de mata. Caule reptante com aproximadamente 30 cm.",NA,NA,"500","500",NA,NA,"08",NA,NA,NA
"152","2019-11-07 11:21:40-03","UFMG","BHCB-SL","93576","PreservedSpecimen","Plantae",NA,NA,"Thelypteridaceae","Steiropteris","polypodioides",NA,"Steiropteris polypodioides","(Raddi) Salino & T.E.Almeida","Almeida, TE","2005","Almeida, TE; Souza, DT; Mota, NFO; Viana, PL","62","2005","08","14","América","Brasil","Minas Gerais","Dores de Guanhães","Rio Guanhães., Floresta Estacional Semidecidual.","-42.945556","-19.003694","-42.945556","-19.003694",NA,"Terrestre em barranco, à beira de córrego, no interior de mata com muito bambu",NA,NA,"500","500",NA,NA,"08",NA,NA,NA
"153","2019-11-07 11:15:35-03","UFMG","BHCB-SL","93597","PreservedSpecimen","Plantae",NA,NA,"Blechnaceae","Neoblechnum","brasiliense",NA,"Neoblechnum brasiliense","(Desv.) Gasper & Dittrich","Almeida, TE","2005","Almeida, TE; Souza, DT; Mota, NFO; Viana, PL","83","2005","08","16","América","Brasil","Minas Gerais","Dores de Guanhães","Rio Guanhães.","-42.92919921875","-19.0583000183105",NA,NA,NA,"Terrestre, na beira de córrego, na borda de mata",NA,NA,NA,NA,"20800","auto","08",NA,NA,NA
"154","2019-11-07 11:15:46-03","UFMG","BHCB-SL","93599","PreservedSpecimen","Plantae",NA,NA,"Blechnaceae","Salpichlaena","volubilis",NA,"Salpichlaena volubilis","(Kaulf.) J.Sm.","Almeida, TE; Salino, A","2005","Almeida, TE; Souza, DT; Mota, NFO; Viana, PL","85","2005","08","16","América","Brasil","Minas Gerais","Dores de Guanhães","Rio Guanhães.","-42.92919921875","-19.0583000183105",NA,NA,NA,"Trepadeira, na beira de córrego, na borda de mata",NA,NA,NA,NA,"20800","auto","08",NA,NA,NA
"155","2019-11-07 11:18:04-03","UFMG","BHCB-SL","93583","PreservedSpecimen","Plantae",NA,NA,"Lygodiaceae","Lygodium","volubile",NA,"Lygodium volubile","Sw.","Almeida, TE; Salino, A","2005","Almeida, TE; Souza, DT; Mota, NFO; Viana, PL","69","2005","08","14","América","Brasil","Minas Gerais","Dores de Guanhães","Rio Guanhães.","-42.92919921875","-19.0583000183105",NA,NA,NA,"Trepadeira na borda de mata",NA,NA,NA,NA,"20800","auto","08",NA,NA,NA
"156","2019-11-07 11:17:42-03","UFMG","BHCB-SL","93571","PreservedSpecimen","Plantae",NA,NA,"Lindsaeaceae","Lindsaea","quadrangularis",NA,"Lindsaea quadrangularis","Raddi",NA,NA,"Almeida, TE; Souza, DT; Mota, NFO; Viana, PL","57","2005","08","13","América","Brasil","Minas Gerais","Dores de Guanhães","Rio Guanhães.","-42.92919921875","-19.0583000183105",NA,NA,NA,"Terrestre, à beira de trilha, no interior de mata",NA,NA,NA,NA,"20800","auto",NA,NA,NA,NA
"157","2019-11-07 11:14:02-03","UFMG","BHCB-SL","93581","PreservedSpecimen","Plantae",NA,NA,"Aspleniaceae","Asplenium","auriculatum",NA,"Asplenium auriculatum","Sw.","Almeida, TE","2005","Almeida, TE; Souza, DT; Mota, NFO; Viana, PL","67","2005","08","14","América","Brasil","Minas Gerais","Dores de Guanhães","Rio Guanhães.","-42.92919921875","-19.0583000183105",NA,NA,NA,"Rupícola, em córrego no interior de mata",NA,NA,NA,NA,"20800","auto","08",NA,NA,NA
"158","2019-11-07 11:15:31-03","UFMG","BHCB-SL","93560","PreservedSpecimen","Plantae",NA,NA,"Blechnaceae","Blechnum","polypodioides",NA,"Blechnum polypodioides","Raddi","Almeida, TE","2005","Almeida, TE; Souza, DT; Mota, NFO; Viana, PL","46","2005","08","13","América","Brasil","Minas Gerais","Dores de Guanhães","Rio Guanhães.","-42.92919921875","-19.0583000183105",NA,NA,NA,"Terrestre, à beira da trilha, no interior de mata",NA,NA,NA,NA,"20800","auto","08",NA,NA,NA
"159","2019-11-07 11:13:58-03","UFMG","BHCB-SL","93586","PreservedSpecimen","Plantae",NA,NA,"Anemiaceae","Anemia","tomentosa",NA,"Anemia tomentosa","(Sav.) Sw.","Almeida, TE; Salino, A","2005","Almeida, TE; Souza, DT; Mota, NFO; Viana, PL","72","2005","08","14","América","Brasil","Minas Gerais","Dores de Guanhães","Rio Guanhães.","-42.92919921875","-19.0583000183105",NA,NA,NA,"Terrestre em barranco na beira de estrada",NA,NA,NA,NA,"20800","auto","08",NA,NA,NA
"160","2019-11-07 11:18:04-03","UFMG","BHCB-SL","93561","PreservedSpecimen","Plantae",NA,NA,"Lygodiaceae","Lygodium","venustum",NA,"Lygodium venustum","Sw.","Almeida, TE","2005","Almeida, TE; Souza, DT; Mota, NFO; Viana, PL","47","2005","08","13","América","Brasil","Minas Gerais","Dores de Guanhães","Rio Guanhães.","-42.92919921875","-19.0583000183105",NA,NA,NA,"Trepadeira na borda de mata",NA,NA,NA,NA,"20800","auto","08",NA,NA,NA
"161","2019-11-07 11:15:31-03","UFMG","BHCB-SL","93568","PreservedSpecimen","Plantae",NA,NA,"Blechnaceae","Blechnum","occidentale",NA,"Blechnum occidentale","L.","Almeida, TE","2005","Almeida, TE; Souza, DT; Mota, NFO; Viana, PL","54","2005","08","13","América","Brasil","Minas Gerais","Dores de Guanhães","Rio Guanhães.","-42.92919921875","-19.0583000183105",NA,NA,NA,"Terrestre, à beira de trilha, no interior de mata",NA,NA,NA,NA,"20800","auto","08",NA,NA,NA
"162","2019-11-07 11:13:59-03","UFMG","BHCB-SL","93579","PreservedSpecimen","Plantae",NA,NA,"Anemiaceae","Anemia","villosa",NA,"Anemia villosa","Humb. & Bonpl. ex Willd.","Almeida, TE; Salino, A","2005","Almeida, TE; Souza, DT; Mota, NFO; Viana, PL","65","2005","08","14","América","Brasil","Minas Gerais","Dores de Guanhães","Rio Guanhães.","-42.92919921875","-19.0583000183105",NA,NA,NA,"Rupícola em paredão rochoso granítico, em área aberta, próximo ao rio",NA,NA,NA,NA,"20800","auto","08",NA,NA,NA
"163","2019-11-07 11:17:42-03","UFMG","BHCB-SL","93592","PreservedSpecimen","Plantae",NA,NA,"Lindsaeaceae","Lindsaea","stricta",NA,"Lindsaea stricta","(Sw.) Dryand.","Almeida, TE","2005","Almeida, TE; Souza, DT; Mota, NFO; Viana, PL","78","2005","08","15","América","Brasil","Minas Gerais","Dores de Guanhães","Serra do Caraça","-42.92919921875","-19.0583000183105",NA,NA,NA,"Rupícola, à margem de riacho seco, em área que já foi queimada. Próximo ao paredão rochoso",NA,NA,NA,NA,"20800","auto","08",NA,NA,NA
"164","2019-11-07 11:13:59-03","UFMG","BHCB-SL","93593","PreservedSpecimen","Plantae",NA,NA,"Anemiaceae","Anemia","villosa",NA,"Anemia villosa","Humb. & Bonpl. ex Willd.",NA,NA,"Almeida, TE; Souza, DT; Mota, NFO; Viana, PL","79","2005","08","15","América","Brasil","Minas Gerais","Dores de Guanhães","Serra do Caraça","-42.92919921875","-19.0583000183105",NA,NA,NA,"Terrestre, à margem de riacho seco, em área que já foi queimada. Próximo ao paredão rochoso",NA,NA,NA,NA,"20800","auto",NA,NA,NA,NA
"165","2017-03-27 17:49:38-03","UnB","UB","161932","S","Plantae","Dicotyledoneae",NA,"Myrtaceae","Campomanesia",NA,NA,"Campomanesia",NA,"Faria, JEQ","2010","Faria, JEQ; Proença, CEB; Villarroel, D","946","2010","11","10","Southern America","Brasil","Minas Gerais","Guanhães","Margem da rodovia que liga Guanhães a Itabira","-42.987222","-18.8475","-42.987222","-18.8475",NA,"Árvore ca. 3 m de altura, flores brancas e botões; Floresta ombrófila, solo argiloso",NA,NA,"758","758",NA,NA,"11",NA,NA,NA
"166","2017-03-27 17:49:38-03","UnB","UB","161933","S","Plantae","Dicotyledoneae",NA,"Myrtaceae","Campomanesia",NA,NA,"Campomanesia",NA,"Faria, JEQ","2010","Faria, JEQ; Proença, CEB; Villarroel, D","947","2010","11","10","Southern America","Brasil","Minas Gerais","Guanhães","Margem da rodovia que liga Guanhães a Itabira","-42.987222","-18.8475","-42.987222","-18.8475",NA,"Árvore ca. 4 m de altura, botões jovens; Floresta ombrófila, solo argiloso",NA,NA,"758","758",NA,NA,"11",NA,NA,NA
"167","2019-05-06 11:57:57-03","UFU","HUFU","71105","S","Plantae",NA,NA,"Fabaceae","Senegalia","tenuifolia",NA,"Senegalia tenuifolia","(L.) Britton & Rose","Terra, V.","2011","Fernandes, J.M.","946","2009","02","05",NA,"Brasil","Minas Gerais","Guanhães","Parque Estadual da Serra da Condonga","-42.953333","-18.875278","-42.953333","-18.875278",NA,"Liana escandente. Frutos verdes.","HUFU00036238","HUFU00036238","779","779",NA,NA,"02","20",NA,NA
"168","2019-08-08 09:59:14-03","UFU","HUFU","78176","S","Plantae",NA,NA,"Asteraceae","Baccharis","trinervis",NA,"Baccharis trinervis","(Lam.) Pers.","Nakajima, J.N.","2019","Brandão, M.","26216","1996","09","18",NA,"Brasil","Minas Gerais","Guanhães",NA,"-42.9324989318848","-18.7749996185303",NA,NA,NA,"Arbustinhos de flores melíferas.","HUFU00075775",NA,NA,NA,"43982","auto","03",NA,NA,NA
"169","2020-03-06 14:30:46-03","UFRGS","ICN","120795","S","Plantae","Dicotyledon",NA,"Myrtaceae","Psidium","cf. rufum",NA,"Psidium cf. rufum","DC.","Sobral, M",NA,"Costa, LV; Atalla, NC","s.n.","1992","10","31","América do Sul","Brasil","MG","Guanhães",NA,"-42.9324989318848","-18.7749996185303",NA,NA,NA,NA,NA,NA,NA,NA,"43982","auto",NA,NA,NA,NA
"170","2019-11-21 10:00:42-03","IBt","SP","405408","S","Plantae",NA,NA,"Asteraceae","Heterocondylus","alatus",NA,"Heterocondylus alatus","(Vell.) R.M.King & H.Rob.","Simão Bianchini, R; Pastore, M","2008","Miranda, EB; Nunes, TS; Silva Castro, MM","1023","2007","08","28",NA,"Brasil","Minas Gerais","Guanhães","Estrada para Sabinópolis - MG 259, km 813","-43.035833","-18.6875","-43.035833","-18.6875",NA,NA,NA,NA,"306","306",NA,NA,"08","14",NA,NA
"171","2019-11-21 10:08:32-03","IBt","SP","275822","S","Plantae",NA,NA,"Malpighiaceae","Byrsonima","stannardii",NA,"Byrsonima stannardii","W.R.Anderson","Mamede, MCH","2003","Costa, LV; Attala, NC","s.n.","1992","10","27",NA,"Brasil","Minas Gerais","Guanhães",NA,"-42.9324989318848","-18.7749996185303",NA,NA,NA,NA,"SP016096",NA,NA,NA,"43982","auto","12","10",NA,NA
"172","2019-11-21 10:05:40-03","IBt","SP","37449","S","Plantae",NA,NA,"Fabaceae","Erythrina","falcata",NA,"Erythrina falcata","Benth.","Martins, MV","2011","Mello Barreto","5424","1933","08","29",NA,"Brasil","Minas Gerais","Guanhães","Porto de Guanhães","-42.9324989318848","-18.7749996185303",NA,NA,NA,NA,"SP026839","SP026839",NA,NA,"43982","auto","03","15",NA,NA
