"record_id","modified","institutionCode","collectionCode","catalogNumber","basisOfRecord","kingdom","phylum","order","family","genus","specificEpithet","infraspecificEpithet","scientificName","scientificNameAuthorship","identifiedBy","yearIdentified","recordedBy","recordNumber","year","month","day","continentOcean","country","stateProvince","county","locality","decimalLongitude","decimalLatitude","verbatimLongitude","verbatimLatitude","preparationType","occurrenceRemarks","barcode","imagecode","minimumElevationInMeters","maximumElevationInMeters","monthIdentified","dayIdentified","coordinatePrecision","geoFlag","previousCatalogNumber","typeStatus","class","relatedCatalogItem"
"1","2019-12-16 18:36:02-03","NYBG","NYBG","556134","PreservedSpecimen","Plantae","Magnoliophyta","Piperales","Piperaceae","Piper","corcovadensis","blanchetii","Piper corcovadensis blanchetii","(Moric.) Callejas","R. Callejas Posada","1986","G. G. Hatschbach","48608","1984","12","04","South America","Brazil","Espírito Santo","Ibatiba","Corrego Espraiado","-41.5106","-20.2342","-41.5106","-20.2342","sheet","<a href=http://sweetgum.nybg.org/science/vh/specimen_details.php?irn=407691 target=other class=eLink> <mi>dwc_moreinfo</mi></a>","NY00556134","NY00556134",NA,NA,NA,NA,NA,NA,NA,NA,NA,NA
"2","2019-12-16 18:36:34-03","NYBG","NYBG","556839","PreservedSpecimen","Plantae","Magnoliophyta","Piperales","Piperaceae","Piper","lucaeanum",NA,"Piper lucaeanum","Kunth","R. Callejas Posada","1985","G. G. Hatschbach","48611","1984","12","04","South America","Brazil","Espírito Santo","Ibatiba","Corrego Sao José II","-41.5106","-20.2342","-41.5106","-20.2342","sheet","<a href=http://sweetgum.nybg.org/science/vh/specimen_details.php?irn=186495 target=other class=eLink> <mi>dwc_moreinfo</mi></a>","NY00556839","NY00556839",NA,NA,NA,NA,NA,NA,NA,NA,NA,NA
"3","2019-12-16 16:41:59-03","NYBG","NYBG","617210","PreservedSpecimen","Plantae","Magnoliophyta","Apiales","Araliaceae","Schefflera","longepetiolata",NA,"Schefflera longepetiolata","(Pohl ex DC.) Frodin & Fiaschi",NA,NA,"G. G. Hatschbach","46679","1983","08","03","South America","Brazil","Espírito Santo","Ibatiba","Ibatiba, 22 km L","-41.5106","-20.2342","-41.5106","-20.2342","sheet","<a href=http://sweetgum.nybg.org/science/vh/specimen_details.php?irn=601525 target=other class=eLink> <mi>dwc_moreinfo</mi></a>","NY00617210","NY00617210","1000","1000",NA,NA,NA,NA,NA,NA,NA,NA
"4","2019-12-16 18:58:34-03","NYBG","NYBG","514544","PreservedSpecimen","Plantae","Magnoliophyta","Sapindales","Sapindaceae","Serjania","laruotteana",NA,"Serjania laruotteana","Cambess.","P. Acevedo-Rodríguez",NA,"G. G. Hatschbach","49396","1985","06","11","South America","Brazil","Espírito Santo","Ibatiba","Corrego S. Joao (mun. Ibatiba).","-41.5106","-20.2342","-41.5106","-20.2342","sheet","<a href=http://sweetgum.nybg.org/science/vh/specimen_details.php?irn=103893 target=other class=eLink> <mi>dwc_moreinfo</mi></a>","NY00514544","NY00514544",NA,NA,NA,NA,NA,NA,NA,NA,NA,NA
"5","2019-12-16 19:04:09-03","NYBG","NYBG","00701002","PreservedSpecimen","Plantae","Magnoliophyta","Solanales","Solanaceae","Solanum","hoehnei",NA,"Solanum hoehnei","C.V.Morton","M. H. Nee","1985","G. G. Hatschbach","46684","1983","08","03","South America","Brazil","Espírito Santo","Ibatiba","Ibatiba, 22 km L","-41.5106","-20.2342","-41.5106","-20.2342","sheet","<a href=http://sweetgum.nybg.org/science/vh/specimen_details.php?irn=838985 target=other class=eLink> <mi>dwc_moreinfo</mi></a>","NY00701002","NY00701002","1000","1000",NA,NA,NA,NA,NA,NA,NA,NA
"6","2019-12-16 16:48:50-03","NYBG","NYBG","788052","PreservedSpecimen","Plantae","Magnoliophyta","Asterales","Asteraceae","Baccharis","platypoda",NA,"Baccharis platypoda","DC.","G. G. Hatschbach","1985","G. G. Hatschbach","49395","1985","06","14","South America","Brazil","Espírito Santo","Ibatiba","Corrego S. Joao.","-41.5106","-20.2342","-41.5106","-20.2342","sheet","<a href=http://sweetgum.nybg.org/science/vh/specimen_details.php?irn=15993 target=other class=eLink> <mi>dwc_moreinfo</mi></a>","NY00788052","NY00788052",NA,NA,"07","01",NA,NA,NA,NA,NA,NA
"7","2019-12-16 17:19:04-03","NYBG","NYBG","2481424","PreservedSpecimen","Plantae","Magnoliophyta","Fabales","Fabaceae","Cratylia","spectabilis",NA,"Cratylia spectabilis","Tul.",NA,NA,"G. G. Hatschbach","49398","1985","06","14","South America","Brazil","Espírito Santo","Ibatiba","Corrego S. João","-41.5106010437012","-20.2339000701904",NA,NA,"sheet","<a href=http://sweetgum.nybg.org/science/vh/specimen_details.php?irn=2739936 target=other class=eLink> <mi>dwc_moreinfo</mi></a>","NY02481424","NY02481424",NA,NA,NA,NA,"18895","auto",NA,NA,NA,NA
"8","2019-12-16 17:50:35-03","NYBG","NYBG","564315","PreservedSpecimen","Plantae","Magnoliophyta","Lamiales","Verbenaceae","Lantana",NA,NA,"Lantana",NA,"R. W. Sanders","2006","G. G. Hatschbach","45156","1982","07","21","South America","Brazil","Espírito Santo","Ibatiba","Rod. BR-262","-41.5106","-20.2342","-41.5106","-20.2342","sheet","<a href=http://sweetgum.nybg.org/science/vh/specimen_details.php?irn=741785 target=other class=eLink> <mi>dwc_moreinfo</mi></a>","NY00564315","NY00564315",NA,NA,NA,NA,NA,NA,NA,NA,NA,NA
"9","2019-12-16 16:58:01-03","NYBG","NYBG","00907846","PreservedSpecimen","Plantae","Magnoliophyta","Celastrales","Celastraceae","Maytenus","schumanniana",NA,"Maytenus schumanniana","Loes.","L. Biral","2013","P. Fiaschi","3120","2006","07","19","South America","Brazil","Espírito Santo","Ibatiba","Ca. 22 km de Ibatiba , na estrada para Vitória. Ramal à esquerda, ca. 1,5km.","-41.34342","-20.2303","-41.34342","-20.2303","sheet","<a href=http://sweetgum.nybg.org/science/vh/specimen_details.php?irn=989243 target=other class=eLink> <mi>dwc_moreinfo</mi></a>","NY00907846","NY00907846","1050","1050",NA,NA,NA,NA,NA,NA,NA,NA
"10","2019-12-16 18:24:22-03","NYBG","NYBG","1519467","PreservedSpecimen","Plantae","Magnoliophyta","Myrtales","Melastomataceae","Miconia","paniculata",NA,"Miconia paniculata","(DC.) Naudin","R. Goldenberg","2013","P. Fiaschi","3119","2006","07","19","South America","Brazil","Espírito Santo","Ibatiba","Ca. 22 km de Ibatiba , na estrada para Vitória. Ramal à esquerda, ca. 1,5km.","-41.34342","-20.2303","-41.34342","-20.2303","sheet","<a href=http://sweetgum.nybg.org/science/vh/specimen_details.php?irn=1744077 target=other class=eLink> <mi>dwc_moreinfo</mi></a>","NY01519467","NY01519467","1050","1050","06","27",NA,NA,NA,NA,NA,NA
"11","2019-11-04 10:45:05-03","UFRJ","RFA","19284","Preservedecimen","Plantae",NA,NA,"Cleomaceae","Cleome",NA,NA,"Cleome",NA,NA,NA,"Cézio","730","1977","07","28",NA,"Brasil","Espírito Santo","Ibatiba",NA,"-41.5106010437012","-20.2339000701904",NA,NA,NA,"Subarbusto. Flores lilás","RFA16093",NA,NA,NA,NA,NA,"18895","auto",NA,NA,NA,NA
"12","2019-10-09 11:25:40-03","UFBA","ALCB","60372","PreservedSpecimen","Plantae","Dicotyledon",NA,"Violaceae","Anchietea","pyrifolia",NA,"Anchietea pyrifolia","(Mart.) D. Don","Hatschbach, G",NA,"Hatschbach, G","45157","1982","07","21","Southern America","Brasil","Espírito Santo","Ibatiba","Rod. BR-262","-41.5106010437012","-20.2339000701904",NA,NA,NA,"flor alvacenta.; orla da mata.","ALCB043027","ALCB043027",NA,NA,NA,NA,"18895","auto",NA,NA,NA,NA
"13","2019-07-11 08:49:43-03","ESALQ","ESA","125951","S","Plantae","Magnoliophyta",NA,"Aristolochiaceae","Aristolochia","cymbifera",NA,"Aristolochia cymbifera",NA,"Saka, M.N.","1905","Lombardi, J.A.","8933","2011",NA,NA,NA,"Brasil","Espírito Santo","Ibatiba",NA,"-41.5106010437012","-20.2339000701904",NA,NA,NA,NA,"ESA125951","ESA125951",NA,NA,"07","03","18895","auto",NA,NA,NA,NA
"14","2019-02-22 15:19:27-03","ESALQ","ESA","108193","S","Plantae","Magnoliophyta",NA,"Fabaceae","Stryphnodendron","polyphyllum",NA,"Stryphnodendron polyphyllum",NA,"Souza, V.C.","2012","Souza, V.","49","1991","03","21",NA,"Brasil","Espírito Santo","Ibatiba",NA,"-41.5106010437012","-20.2339000701904",NA,NA,NA,NA,"ESA108193","ESA108193",NA,NA,"03","19","18895","auto",NA,NA,NA,NA
"15","2020-02-27 16:44:11-03","UFSC","CTBS","2280","PreservedSpecimen","Plantae",NA,NA,"Polygalaceae","Bredemeyera",NA,NA,"Bredemeyera",NA,NA,NA,"Forzza, R.C.; Amorim, A.M.; Paixão, J.L. & Gomes, L.C.J.","5270","2008","07","21",NA,"Brasil","Espírito Santo","Ibatiba","Reserva Biológica Duas Bocas; Trilha da Represa; Floresta Ombrófila Densa Submontana","-41.525278","-20.267778","41°31'31W","20°16'04S",NA,"Liana na borda da mata; Flores creme-esverdeadas; Frutos verdes.",NA,NA,"180","180",NA,NA,NA,NA,"MBML 36158",NA,NA,NA
"16","2019-08-20 10:26:00-03","UNICAMP","UEC","50889","S","Plantae","Magnoliopsida",NA,"Sapindaceae","Serjania","laruotteana",NA,"Serjania laruotteana","Cambess.","Ferrucci, MS","1986","Hatschbach, G; Silva, JM","49396","1985","06","11",NA,"Brazil","Espírito Santo","Ibatiba","Corrego São João","-41.5106010437012","-20.2339000701904",NA,NA,NA,"Escandente, flor alvescente. Sobre bloco de pedra","UEC033974","UEC033974",NA,NA,NA,NA,"18895","auto",NA,NA,NA,NA
"17","2019-08-20 10:14:05-03","UNICAMP","UEC","121337","S","Plantae","Magnoliopsida",NA,"Fabaceae","Machaerium","kuhlmannii",NA,"Machaerium kuhlmannii","Hoehne","Mendonça Filho, CV","2001","Folli, DA","1319a","1991","03","21",NA,"Brazil","Espírito Santo","Ibatiba","Est. Criciuma. Fazenda Darcino Rodrigues","-41.5106010437012","-20.2339000701904",NA,NA,NA,"fruto, Arbóreo, terrestre. Fruto imaturo verde claro. Projeto coleta de sementes.","UEC170359","UEC170359",NA,NA,"12","13","18895","auto",NA,NA,NA,NA
"18","2019-08-20 10:14:08-03","UNICAMP","UEC","116658","S","Plantae","Magnoliopsida",NA,"Fabaceae","Machaerium","ruddianum",NA,"Machaerium ruddianum","C.V.Mendonça & A.M.G.Azevedo-Tozzi","Mendonça Filho, CV","2002","Folli, DA","1319","1991","03","21",NA,"Brazil","Espírito Santo","Ibatiba","Fazenda Darcino Rodrigues - Córrego das Pedras, Estrada de Criciúma. Pasto.","-41.5106010437012","-20.2339000701904",NA,NA,NA,"Forma do fuste cilíndrico. Superfície da casca áspera. Cor da exsudação incolor. Fruto imaturo verde-claro. Projeto coleta de sementes. Descamação em placas. Exsudação seiva. Diâmetro da copa 5m. CAP do fuste 61cm. Altura do fuste 2m.","UEC159940","UEC159940",NA,NA,"05",NA,"18895","auto",NA,NA,NA,NA
"19","2019-11-08 08:54:57-03","FURB","FURB","58952","PreservedSpecimen","Plantae",NA,NA,"Plantaginaceae","Plantago","bradei",NA,"Plantago bradei","Pilg.","Hassemer, G.","2016","Hassemer, G.; Garbin, M.L.; Carrijo, T.","826","2015","11","02",NA,"Brasil","Espírito Santo","Ibatiba","área de acampamento do Terreirão.","-41.4869444","-20.2530556","-41.4869444","-20.2530556",NA,NA,"FURB58952","FURB58952","2368","2368",NA,NA,NA,NA,NA,NA,NA,NA
"20","2019-11-08 08:54:58-03","FURB","FURB","58950","PreservedSpecimen","Plantae",NA,NA,"Plantaginaceae","Plantago","guilleminiana",NA,"Plantago guilleminiana","Decne.","Hassemer, G.","2015","Hassemer, G.; Garbin, M.L.","820","2015","11","02",NA,"Brasil","Espírito Santo","Ibatiba","na beira da estrada, no começo da subida pro acesso à tronqueira.","-41.5094444","-20.2522222","-41.5094444","-20.2522222",NA,NA,"FURB58950","FURB58950","1187","1187",NA,NA,NA,NA,NA,NA,NA,NA
"21","2019-11-08 08:54:58-03","FURB","FURB","58955","PreservedSpecimen","Plantae",NA,NA,"Plantaginaceae","Plantago","guilleminiana",NA,"Plantago guilleminiana","Decne.","Hassemer, G.","2015","Hassemer, G.; Garbin, M.L.; Carrijo, T.","827","2015","11","02",NA,"Brasil","Espírito Santo","Ibatiba","área de acampamento do Terreirão, perto das casas de madeira.","-41.4863889","-20.2525","-41.4863889","-20.2525000",NA,NA,"FURB58955","FURB58955","2369","2369",NA,NA,NA,NA,NA,NA,NA,NA
"22","2019-09-27 18:06:17-03","UFES","VIES","31921","S","Plantae",NA,NA,"Rubiaceae","Psychotria","niveobarbata",NA,"Psychotria niveobarbata","(Müll.Arg.) Britton","F. Torres-Leite","2019","Zorzanelli, J.P.F.; Zorzanelli, L.F.R.","632","2013","03","31",NA,"Brasil","Espírito Santo","Ibatiba",NA,"-41.5106010437012","-20.2339000701904",NA,NA,NA,NA,"VIES031921","VIES031921","774","774","05","16","18895","auto",NA,NA,NA,NA
"23","2019-09-27 18:06:17-03","UFES","VIES","31922","S","Plantae",NA,NA,"Rubiaceae","Psychotria","rhytidocarpa",NA,"Psychotria rhytidocarpa","Müll.Arg.","F. Torres-Leite","2019","Zorzanelli, J.P.F.; Zorzanelli, L.F.R.","633","2013","03","31",NA,"Brasil","Espírito Santo","Ibatiba",NA,"-41.5106010437012","-20.2339000701904",NA,NA,NA,NA,"VIES031922","VIES031922","774","774","05","13","18895","auto",NA,NA,NA,NA
"24","2019-06-27 10:26:37-03","UFES","VIES","31926","S","Plantae",NA,NA,"Rubiaceae","Palicourea",NA,NA,"Palicourea",NA,NA,NA,"Zorzanelli, J.P.F.; Zorzanelli, L.F.R.","635","2013","03","31",NA,"Brasil","Espírito Santo","Ibatiba",NA,"-41.5106010437012","-20.2339000701904",NA,NA,NA,NA,"VIES031926","VIES031926","774","774",NA,NA,"18895","auto",NA,NA,NA,NA
"25","2019-09-27 18:06:15-03","UFES","VIES","31924","S","Plantae",NA,NA,"Rubiaceae","Psychotria","hastisepala",NA,"Psychotria hastisepala","Müll.Arg.","F. Torres-Leite","2019","Zorzanelli, J.P.F.; Zorzanelli, L.F.R.","634","2013","03","31",NA,"Brasil","Espírito Santo","Ibatiba",NA,"-41.5106010437012","-20.2339000701904",NA,NA,NA,NA,"VIES031924","VIES031924","774","774","05","13","18895","auto",NA,NA,NA,NA
"26","2019-09-27 18:06:15-03","UFES","VIES","31925","S","Plantae",NA,NA,"Rubiaceae","Psychotria","deflexa",NA,"Psychotria deflexa","DC.","F. Torres-Leite","2019","Zorzanelli, J.P.F.; Zorzanelli, L.F.R.","636","2013","03","31",NA,"Brasil","Espírito Santo","Ibatiba",NA,"-41.5106010437012","-20.2339000701904",NA,NA,NA,NA,"VIES031925","VIES031925","774","774","05","13","18895","auto",NA,NA,NA,NA
"27","2019-09-27 18:05:19-03","UFES","VIES","31923","S","Plantae",NA,NA,"Malvaceae","Triumfetta","semitriloba",NA,"Triumfetta semitriloba","Jacq.","Zorzanelli, J.P.F.","2013","Zorzanelli, J.P.F.; Zorzanelli, L.F.R.","631","2013","03","31",NA,"Brasil","Espírito Santo","Ibatiba",NA,"-41.5106010437012","-20.2339000701904",NA,NA,NA,NA,"VIES031923","VIES031923","774","774","10","30","18895","auto",NA,NA,NA,NA
"28","2019-09-27 18:03:40-03","UFES","VIES","13427","S","Plantae",NA,NA,"Araceae","Philodendron","rhodospermum",NA,"Philodendron rhodospermum","Calazans & Sakur.","Calazans, L.S.B.","2014","Lombardi, J.A.; Saka, M.N.; Biral, L.; Poli, L.P. & Coan, A.I.","8922","2011","12","15",NA,"Brasil","Espírito Santo","Ibatiba","Fazenda do Carmo Machado.","-41.5106010437012","-20.2339000701904",NA,NA,NA,NA,"VIES013427","VIES013427","851","851","08","03","18895","auto",NA,NA,NA,NA
"29","2019-06-27 10:26:45-03","UFES","VIES","13291","S","Plantae",NA,NA,"Sapindaceae","Allophylus",NA,NA,"Allophylus",NA,NA,NA,"Lombardi, J.A.; Saka, M.N.; Biral, L.; Poli, L.P. & Coan, A.I.","8926","2011","12","15",NA,"Brasil","Espírito Santo","Ibatiba","Fazenda do Carmo Machado.","-41.5106010437012","-20.2339000701904",NA,NA,NA,NA,"VIES013291","VIES013291","851","851",NA,NA,"18895","auto",NA,NA,NA,NA
"30","2019-09-27 18:06:32-03","UFES","VIES","13292","S","Plantae",NA,NA,"Solanaceae","Solanum","swartzianum",NA,"Solanum swartzianum","Roem. & Schult.","Saka, M.N.","2011","Lombardi, J.A.; Saka, M.N.; Biral, L.; Poli, L.P. & Coan, A.I.","8921","2011","12","15",NA,"Brasil","Espírito Santo","Ibatiba","Fazenda do Carmo Machado.","-41.5106010437012","-20.2339000701904",NA,NA,NA,NA,"VIES013292","VIES013292","851","851","12",NA,"18895","auto",NA,NA,NA,NA
"31","2019-06-27 10:24:38-03","UFES","VIES","13371","S","Plantae",NA,NA,"Cucurbitaceae",NA,NA,NA,NA,NA,NA,NA,"Lombardi, J.A.; Saka, M.N.; Biral, L.; Poli, L.P. & Coan, A.I.","8925","2011","12","15",NA,"Brasil","Espírito Santo","Ibatiba","Fazenda do Carmo Machado.","-41.5106010437012","-20.2339000701904",NA,NA,NA,NA,"VIES013371","VIES013371","851","851",NA,NA,"18895","auto",NA,NA,NA,NA
"32","2019-09-27 18:04:58-03","UFES","VIES","24968","S","Plantae",NA,NA,"Fabaceae","Stryphnodendron","barbatimam",NA,"Stryphnodendron barbatimam","Mart.","Folli, A.D.","1993","de Souza, V.","49","1991","03","21",NA,"Brasil","Espírito Santo","Ibatiba","São José, á beira da BR 262, 5m da BR. Lado direito, 4 km depois do trevo para Iúna, sentido á Pequiá.","-41.5106010437012","-20.2339000701904",NA,NA,NA,NA,"VIES024968","VIES024968",NA,NA,"05","14","18895","auto",NA,NA,NA,NA
"33","2019-12-06 14:40:19-03","MBM","MBM","74918","S","Plantae",NA,NA,"Convolvulaceae","Ipomoea","purpurea",NA,"Ipomoea purpurea","Lam.","McDaniel, A.",NA,"Cézio","728","1977","07","28","Southern America","Brazil","Espírito Santo","Ibatiba","Ibatiba","-41.5106010437012","-20.2339000701904",NA,NA,NA,NA,"MBM074918","MBM074918",NA,NA,NA,NA,"18895","auto",NA,NA,NA,NA
"34","2019-12-06 14:40:19-03","MBM","MBM","74918","S","Plantae",NA,NA,"Convolvulaceae","Ipomoea","purpurea",NA,"Ipomoea purpurea","Lam.","McDaniel, A.",NA,"Césio","728","1977","07","28","Southern America","Brazil","Espírito Santo","Ibatiba","Ibatiba","-41.5106010437012","-20.2339000701904",NA,NA,NA,NA,"MBM074918","MBM074918",NA,NA,NA,NA,"18895","auto",NA,NA,NA,NA
"35","2019-12-06 14:40:19-03","MBM","MBM","57389","S","Plantae",NA,NA,"Convolvulaceae","Ipomoea","purpurea",NA,"Ipomoea purpurea","Lam.","Simão-Bianchini, R.",NA,"Cézio","728","1977","07","28","Southern America","Brazil","Espírito Santo","Ibatiba","Ibatiba","-41.5106010437012","-20.2339000701904",NA,NA,NA,NA,"MBM057389","MBM057389",NA,NA,NA,NA,"18895","auto",NA,NA,NA,NA
"36","2019-12-06 15:04:48-03","MBM","MBM","97839","S","Plantae",NA,NA,"Melastomataceae","Leandra","nianga",NA,"Leandra nianga","(Mart.) Cogn.","Wurdack, J.J.",NA,"Hatschbach, G.; Silva, J.M.; Silva, J.M.","48615",NA,NA,NA,"Southern America","Brazil","Espírito Santo","Ibatiba","Córrego São João II","-41.5106010437012","-20.2339000701904",NA,NA,NA,NA,"MBM097839","MBM097839",NA,NA,NA,NA,"18895","auto",NA,NA,NA,NA
"37","2019-12-06 15:05:46-03","MBM","MBM","97838","S","Plantae",NA,NA,"Melastomataceae","Ossaea","amygdaloides",NA,"Ossaea amygdaloides","(DC.) Triana","Wurdack, J.J.",NA,"Hatschbach, G.; Silva, J.M.; Silva, J.M.","48612",NA,NA,NA,"Southern America","Brazil","Espírito Santo","Ibatiba","Córrego São João II","-41.5106010437012","-20.2339000701904",NA,NA,NA,NA,"MBM097838","MBM097838",NA,NA,NA,NA,"18895","auto",NA,NA,NA,NA
"38","2019-12-06 15:12:58-03","MBM","MBM","84430","S","Plantae",NA,NA,"Piperaceae","Peperomia","hernandiifolia",NA,"Peperomia hernandiifolia","(Vahl) A. Dietr.","Callejas, R.",NA,"Hatschbach, G.","46683",NA,NA,NA,"Southern America","Brazil","Espírito Santo","Ibatiba","Ibatiba, 22km L","-41.5106010437012","-20.2339000701904",NA,NA,NA,NA,"MBM084430","MBM084430",NA,NA,NA,NA,"18895","auto",NA,NA,NA,NA
"39","2019-12-06 15:13:34-03","MBM","MBM","96914","S","Plantae",NA,NA,"Piperaceae","Piper","leucaenum",NA,"Piper leucaenum","Kunth","Callejas, R.",NA,"Hatschbach, G.; Silva, J.M.; Silva, J.M.","48611",NA,NA,NA,"Southern America","Brazil","Espírito Santo","Ibatiba","Córrego São José II","-41.5106010437012","-20.2339000701904",NA,NA,NA,NA,"MBM096914","MBM096914",NA,NA,NA,NA,"18895","auto",NA,NA,NA,NA
"40","2019-12-06 15:02:31-03","MBM","MBM","102163","S","Plantae",NA,NA,"Malpighiaceae","Stigmaphyllon","saxicola",NA,"Stigmaphyllon saxicola","C.E. Anderson","Anderson, C.",NA,"Hatschbach, G.; Silva, J.M.; Silva, J.M.","49399",NA,NA,NA,"Southern America","Brazil","Espírito Santo","Ibatiba","Córrego São João","-41.5106010437012","-20.2339000701904",NA,NA,NA,NA,"MBM102163","MBM102163",NA,NA,NA,NA,"18895","auto",NA,NA,NA,NA
"41","2019-12-06 15:02:35-03","MBM","MBM","99267","S","Plantae",NA,NA,"Malpighiaceae","Tetrapteris","acutifolia",NA,"Tetrapteris acutifolia","Cav.","Anderson, W.R.",NA,"Hatschbach, G.","4860",NA,NA,NA,"Southern America","Brazil","Espírito Santo","Ibatiba","Córrego Espraído","-41.5106010437012","-20.2339000701904",NA,NA,NA,NA,"MBM099267","MBM099267",NA,NA,NA,NA,"18895","auto",NA,NA,NA,NA
"42","2019-12-06 14:23:43-03","MBM","MBM","84192","S","Plantae",NA,NA,"Acanthaceae","Justicia","carnea",NA,"Justicia carnea","Lindl.","Cortês, A.L.A.","2007","Hatschbach, G.","46681","1983","08","03","Southern America","Brazil","Espirito Santo","Ibatiba","20km. L.","-41.5106010437012","-20.2339000701904",NA,NA,NA,NA,"MBM084192","MBM084192",NA,NA,"12","10","18895","auto",NA,NA,NA,NA
"43","2019-12-06 14:27:59-03","MBM","MBM","86935","S","Plantae",NA,NA,"Araceae","Philodendron","hatschbachii",NA,"Philodendron hatschbachii","Nadruz & Mayo",NA,NA,"Hatschbach, G.","46688","1993","08","04","Southern America","Brazil","Espírito Santo","Ibatiba","21 Km L","-41.5106010437012","-20.2339000701904",NA,NA,NA,"Cresce ao longo do tronco de árvore. Mata pluvial","MBM086935","MBM086935","900","900",NA,NA,"18895","auto",NA,"PARATYPE",NA,NA
"44","2019-12-06 15:25:34-03","MBM","MBM","99652","S","Plantae",NA,NA,"Vochysiaceae","Vochysia","ferruginea",NA,"Vochysia ferruginea","Mart.","França, F.",NA,"Hatschbach, G.; Silva, J.M.; Silva, J.M.","48599","1984","12","04","Southern America","Brazil","Espírito Santo","Ibatiba","Córrego Espraiado","-41.5106010437012","-20.2339000701904",NA,NA,NA,NA,"MBM099652",NA,NA,NA,NA,NA,"18895","auto",NA,NA,NA,NA
"45","2019-12-06 15:13:28-03","MBM","MBM","96912","S","Plantae",NA,NA,"Piperaceae","Piper","corcovadensis",NA,"Piper corcovadensis","(Miq.) DC.","Guimarães, E.F.","2009","Hatschbach, G.; Silva, J.M.; Silva, J.M.","48608",NA,NA,NA,"Southern America","Brazil","Espírito Santo","Ibatiba","Córrego Espraiado","-41.5106010437012","-20.2339000701904",NA,NA,NA,"Arbusto delgado, 1m, espigas alvas. Mata pluvial da encosta de morro","MBM096912","MBM096912",NA,NA,NA,NA,"18895","auto",NA,NA,NA,NA
"46","2019-12-06 15:19:20-03","MBM","MBM","96959","S","Plantae",NA,NA,"Rubiaceae","Psychotria","vellosiana",NA,"Psychotria vellosiana","Benth.","J.H.; Kirbride Jr.",NA,"Hatschbach, G.; et al.; et al.","48606",NA,NA,NA,"Southern America","Brazil","Espírito Santo","Ibatiba","Córrego Espraiado","-41.5106010437012","-20.2339000701904",NA,NA,NA,NA,"MBM096959","MBM096959",NA,NA,NA,NA,"18895","auto",NA,NA,NA,NA
"47","2019-12-06 15:20:40-03","MBM","MBM","102525","S","Plantae",NA,NA,"Sapindaceae","Serjania","communis",NA,"Serjania communis","Cambess.","Ferrucci, M.S.",NA,"Hatschbach, G.; et al.; et al.","45160",NA,NA,NA,"Southern America","Brazil","Espírito Santo","Ibatiba","Córrego São João","-41.5106010437012","-20.2339000701904",NA,NA,NA,NA,"MBM102525","MBM102525",NA,NA,NA,NA,"18895","auto",NA,NA,NA,NA
"48","2019-12-06 15:02:31-03","MBM","MBM","102159","S","Plantae",NA,NA,"Malpighiaceae","Stigmaphyllon","saxicola",NA,"Stigmaphyllon saxicola","C.E. Anderson","Anderson, C.","1993","Hatschbach, G.; Silva, J.M.; Silva, J.M.","49397","1985","06","14","Southern America","Brazil","Espírito Santo","Ibatiba","Córrego São João","-41.5106010437012","-20.2339000701904",NA,NA,NA,"Volúvel, flor amarela. Sobre bloco de rochas","MBM102159","MBM102159",NA,NA,NA,NA,"18895","auto",NA,"HOLOTYPE",NA,NA
"49","2019-12-06 14:28:02-03","MBM","MBM","97870","S","Plantae",NA,NA,"Araceae","Philodendron","megalophyllum",NA,"Philodendron megalophyllum","Schott","Croat, T.B.",NA,"Hatschbach, G.; Silva, J.M.; Silva, J.M.","48609","1984","12","04","Southern America","Brazil","Espírito Santo","Ibatiba","Córrego São João II","-41.5106010437012","-20.2339000701904",NA,NA,NA,NA,"MBM097870","MBM097870",NA,NA,NA,NA,"18895","auto",NA,NA,NA,NA
"50","2019-12-06 15:20:43-03","MBM","MBM","102526","S","Plantae",NA,NA,"Sapindaceae","Serjania","laruotteana",NA,"Serjania laruotteana","Cambess.","Ferrucci, M.S.",NA,"Hatschbach, G.; et al.; et al.","49396",NA,NA,NA,"Southern America","Brazil","Espírito Santo","Ibatiba","Córrego São João","-41.5106010437012","-20.2339000701904",NA,NA,NA,NA,"MBM102526","MBM102526",NA,NA,NA,NA,"18895","auto",NA,NA,NA,NA
"51","2019-12-06 14:58:11-03","MBM","MBM","96274","S","Plantae",NA,NA,"Lauraceae","Ocotea","divaricata",NA,"Ocotea divaricata","(Nees) Mez","Baitello, J.B.",NA,"Hatschbach, G.; Silva, J.M.; Silva, J.M.","48613",NA,NA,NA,"Southern America","Brazil","Espírito Santo","Ibatiba","Córrego São José","-41.5106010437012","-20.2339000701904",NA,NA,NA,NA,"MBM096274","MBM096274",NA,NA,NA,NA,"18895","auto",NA,NA,NA,NA
"52","2019-12-06 15:05:46-03","MBM","MBM","97847","S","Plantae",NA,NA,"Melastomataceae","Ossaea","brachystachya",NA,"Ossaea brachystachya","(DC.) Triana","Wurdack, J.J.",NA,"Hatschbach, G.; Silva, J.M.; Silva, J.M.","48614",NA,NA,NA,"Southern America","Brazil","Espírito Santo","Ibatiba","Córrego São José 2º","-41.5106010437012","-20.2339000701904",NA,NA,NA,NA,"MBM097847","MBM097847",NA,NA,NA,NA,"18895","auto",NA,NA,NA,NA
"53","2019-12-06 15:05:00-03","MBM","MBM","84344","S","Plantae",NA,NA,"Melastomataceae","Meriania","tetramera",NA,"Meriania tetramera","Wurdack","Wurdack, J.J.","1984","Hatschbach, G.","46686",NA,NA,NA,"Southern America","Brazil","Espírito Santo","Ibatiba","Ibatiba, 20km L","-41.5106010437012","-20.2339000701904",NA,NA,NA,"Árvore 6m, flor alvecente. Mata pluvial","MBM084344","MBM084344","900","900",NA,NA,"18895","auto",NA,NA,NA,NA
"54","2019-12-06 15:22:25-03","MBM","MBM","85351","S","Plantae",NA,NA,"Solanaceae","Solanum","hoehnei",NA,"Solanum hoehnei","Morton","Nee, M.",NA,"Hatschbach, G.","46684","1983","08","03","Southern America","Brazil","Espírito Santo","Ibatiba","Ibatiba, 22 Km L","-41.5106010437012","-20.2339000701904",NA,NA,NA,NA,"MBM085351","MBM085351",NA,NA,NA,NA,"18895","auto",NA,NA,NA,NA
"55","2019-12-06 15:13:25-03","MBM","MBM","84431","S","Plantae",NA,NA,"Piperaceae","Piper","abutiloides",NA,"Piper abutiloides","Kunth","Callejas, R.",NA,"Hatschbach, G.","46680",NA,NA,NA,"Southern America","Brazil","Espírito Santo","Ibatiba","Ibatiba, 22km L","-41.5106010437012","-20.2339000701904",NA,NA,NA,NA,"MBM084431","MBM084431",NA,NA,NA,NA,"18895","auto",NA,NA,NA,NA
"56","2019-12-06 14:28:16-03","MBM","MBM","84409","S","Plantae",NA,NA,"Araliaceae","Schefflera","longepetiolata",NA,"Schefflera longepetiolata","(Pohl ex DC.) E. March.","Johnston, D.M.",NA,"Hatschbach, G.","46679","1983","08","03","Southern America","Brazil","Espírito Santo","Ibatiba","Ibatiba, 22km L","-41.5106010437012","-20.2339000701904",NA,NA,NA,NA,"MBM084409",NA,NA,NA,NA,NA,"18895","auto",NA,NA,NA,NA
"57","2019-12-06 14:48:31-03","MBM","MBM","75941","S","Plantae",NA,NA,"Fabaceae","Inga","sessilis",NA,"Inga sessilis","(Vell.) Mart.","Hatschbach, G.",NA,"Hatschbach, G.; et al.; et al.","45162",NA,NA,NA,"Southern America","Brazil","Espírito Santo","Ibatiba","Rod. BR-262","-41.5106010437012","-20.2339000701904",NA,NA,NA,NA,"MBM075941","MBM075941",NA,NA,NA,NA,"18895","auto",NA,NA,NA,NA
"58","2019-12-06 15:17:55-03","MBM","MBM","76332","S","Plantae",NA,NA,"Rosaceae","Rubus","urticaefolius",NA,"Rubus urticaefolius","Poir.","Ribas, O.S.",NA,"Hatschbach, G.; Guimarães, O.; Guimarães, O.","45158",NA,NA,NA,"Southern America","Brazil","Espírito Santo","Ibatiba","Rod. BR-262","-41.5106010437012","-20.2339000701904",NA,NA,NA,NA,"MBM076332","MBM076332",NA,NA,NA,NA,"18895","auto",NA,NA,NA,NA
"59","2019-12-06 14:31:15-03","MBM","MBM","76196","S","Plantae",NA,NA,"Asteraceae","Cyrtocymura","scorpioides",NA,"Cyrtocymura scorpioides","(Lam.) H. Rob.","Robinson, H.",NA,"Hatschbach, G.; et al.; et al.","45159","1982","07","21","Southern America","Brazil","Espírito Santo","Ibatiba","Rod. BR-262","-41.5106010437012","-20.2339000701904",NA,NA,NA,NA,"MBM076196","MBM076196",NA,NA,NA,NA,"18895","auto",NA,NA,NA,NA
"60","2019-12-06 15:24:44-03","MBM","MBM","76086","S","Plantae",NA,NA,"Verbenaceae","Lantana","camara",NA,"Lantana camara","L.","Silva, T.R.S.",NA,"Hatschbach, G.","45156","1982","07","21","Southern America","Brazil","Espírito Santo","Ibatiba","Rod. BR-262","-41.5106010437012","-20.2339000701904",NA,NA,NA,NA,"MBM076086","MBM076086",NA,NA,NA,NA,"18895","auto",NA,NA,NA,NA
"61","2019-12-06 14:46:29-03","MBM","MBM","76218","S","Plantae",NA,NA,"Fabaceae","Bauhinia","radiata",NA,"Bauhinia radiata","Vell.","Fonseca Vaz, A.M.S.",NA,"Hatschbach, G.; Guimarães, O.; Guimarães, O.","45164",NA,NA,NA,"Southern America","Brazil","Espírito Santo","Ibatiba","Rod. BR-262","-41.5106010437012","-20.2339000701904",NA,NA,NA,NA,"MBM076218","MBM076218",NA,NA,NA,NA,"18895","auto",NA,NA,NA,NA
"62","2019-12-06 15:20:40-03","MBM","MBM","75959","S","Plantae",NA,NA,"Sapindaceae","Serjania","communis",NA,"Serjania communis","Cambess.","Ferrucci, M.S.",NA,"Hatschbach, G.; et al.; et al.","45160",NA,NA,NA,"Southern America","Brazil","Espírito Santo","Ibatiba","Rod. BR-262","-41.5106010437012","-20.2339000701904",NA,NA,NA,NA,"MBM075959","MBM075959",NA,NA,NA,NA,"18895","auto",NA,NA,NA,NA
"63","2019-12-06 14:33:21-03","MBM","MBM","76194","S","Plantae",NA,NA,"Asteraceae","Ophryosporus","freyreysii",NA,"Ophryosporus freyreysii","(Thunb.) Baker","Robinson, H.",NA,"Hatschbach, G.; et al.; et al.","45161","1982","07","21","Southern America","Brazil","Espírito Santo","Ibatiba","Rod. BR-262","-41.5106010437012","-20.2339000701904",NA,NA,NA,NA,"MBM076194","MBM076194",NA,NA,NA,NA,"18895","auto",NA,NA,NA,NA
"64","2019-12-06 15:25:10-03","MBM","MBM","76278","S","Plantae",NA,NA,"Violaceae","Anchietea","pyrifolia",NA,"Anchietea pyrifolia","(Mart.) G. Don","Souza, J.P.",NA,"Hatschbach, G.","45157","1982","07","21","Southern America","Brazil","Espírito Santo","Ibatiba","Rod. BR-262","-41.5106010437012","-20.2339000701904",NA,NA,NA,NA,"MBM076278","MBM076278",NA,NA,NA,NA,"18895","auto",NA,NA,NA,NA
"65","2019-12-06 14:29:38-03","MBM","MBM","76193","S","Plantae",NA,NA,"Asteraceae","Baccharis","dentata",NA,"Baccharis dentata","(Vell.) G.M. Barroso","Robinson, H.",NA,"Hatschbach, G.; et al.; et al.","45163","1982","07","21","Southern America","Brazil","Espírito Santo","Ibatiba","Rod. BR-262","-41.5106010437012","-20.2339000701904",NA,NA,NA,NA,"MBM076193",NA,NA,NA,NA,NA,"18895","auto",NA,NA,NA,NA
"66","2019-12-06 14:30:08-03","MBM","MBM","101354","S","Plantae",NA,NA,"Asteraceae","Baccharis","platypoda",NA,"Baccharis platypoda","DC.","Hatschbach, G.",NA,"Hatschbach, G.; Silva, J.M.; Silva, J.M.","49395","1985","06","14","Southern America","Brazil","Espírito Santo","Ibatiba","Córrego São João","-41.5106010437012","-20.2339000701904",NA,NA,NA,NA,"MBM101354","MBM101354",NA,NA,NA,NA,"18895","auto",NA,NA,NA,NA
"67","2019-12-06 15:18:01-03","MBM","MBM","83952","S","Plantae",NA,NA,"Rubiaceae","Bathysa","cuspidata",NA,"Bathysa cuspidata","(St. Hil.) Hook. f.","Kirkbride Jr., J.H.",NA,"Hatschbach, G.","46687",NA,NA,NA,"Southern America","Brazil","Espírito Santo","Ibatiba","Ibatiba, 21km L","-41.5106010437012","-20.2339000701904",NA,NA,NA,NA,"MBM083952","MBM083952",NA,NA,NA,NA,"18895","auto",NA,NA,NA,NA
"68","2019-12-06 14:46:44-03","MBM","MBM","103575","S","Plantae",NA,NA,"Fabaceae","Camptosema","grandiflorum",NA,"Camptosema grandiflorum","Benth.","Lima, H.C. de",NA,"Hatschbach, G.; Silva, J.M.; Silva, J.M.","49398",NA,NA,NA,"Southern America","Brazil","Espírito Santo","Ibatiba","Córrego São João","-41.5106010437012","-20.2339000701904",NA,NA,NA,NA,"MBM103575","MBM103575",NA,NA,NA,NA,"18895","auto",NA,NA,NA,NA
"69","2019-12-06 14:31:38-03","MBM","MBM","76195","S","Plantae",NA,NA,"Asteraceae","Fleischmannia","remotifolia",NA,"Fleischmannia remotifolia","(DC.) R.M. King. & H. Rob.","Robinson, H.",NA,"Hatschbach, G.; et al.; et al.","45165","1982","07","21","Southern America","Brazil","Espírito Santo","Ibatiba","Rod. BR-262","-41.5106010437012","-20.2339000701904",NA,NA,NA,NA,"MBM076195","MBM076195",NA,NA,NA,NA,"18895","auto",NA,NA,NA,NA
"70","2018-08-17 11:58:40-03","JBB","HEPH","5699","S","Plantae","Dicotyledon","Sapindales","Sapindaceae","Serjania","laruotteana",NA,"Serjania laruotteana","Cambess.","Ferrucci, MS","1986","Hatschbach, G; Silva, JM","49396","1985","06","11","Southern America","Brasil","Espírito Santo","Ibatiba","Córrego São João","-41.5106010437012","-20.2339000701904",NA,NA,NA,"Escandente; flor alva;; Sobre bloco de pedra",NA,NA,NA,NA,NA,NA,"18895","auto",NA,NA,NA,NA
"71","2019-10-11 11:14:08-03","UFPR","UPCB","79696","PreservedSpecimen","Plantae",NA,NA,"Aristolochiaceae","Aristolochia","cymbifera",NA,"Aristolochia cymbifera","Mart. & Zucc.","Saka, M.N.","2011","Lombardi, J.A. | Saka, M.N. | Biral, L. | Poli, L.P. | Coan, A.I.","8933","2011","12","15",NA,"Brasil","Espírito Santo","Ibatiba","Margem da BR 262 Ibatiba/Divisa com Minas Gerais.","-41.579167","-20.264722","-41.579167","-20.264722",NA,"Amostra em sílica. Mata Ombrófila Secundária de Encosta. Liana, folhas papiráceas, flores fétidas, cálice externamente creme com máculas roxas, lábio superior branco com nervura vináceas, tubo internamente roxo..",NA,NA,"691","691","12",NA,NA,NA,NA,NA,NA,NA
"72","2019-10-11 11:19:46-03","UFPR","UPCB","15520","PreservedSpecimen","Plantae",NA,NA,"Salicaceae","Casearia","arborea",NA,"Casearia arborea","Urb.","Hatschbach, G.","1985","Hatschbach, G.","48607","1984","12","04",NA,"Brasil","Espírito Santo","Ibatiba","BLOQUEADO",NA,NA,"9999","9999",NA,"Arvoreta, 4m, flor creme. Mata..",NA,NA,NA,NA,"01",NA,NA,NA,NA,NA,NA,NA
"73","2020-03-09 08:19:55-03","UFPR","UPCB","79702","PreservedSpecimen","Plantae",NA,NA,"Bignoniaceae","Fridericia","caudigera",NA,"Fridericia caudigera","(S. Moore) L.G. Lohmann","Kaehler, M.","2020","Lombardi, J.A. | Saka, M.N. | Biral, L. | Poli, L.P. | Coan, A.I.","8932","2011","12","15",NA,"Brasil","Espírito Santo","Ibatiba","Fazenda do Carmo Machado, Santa Maria, divisa Iúna/Ibatiba.","-41.496111","-20.279167","-41.496111","-20.279167",NA,"Amostra em sílica. Capões de mata secundária de encosta, em cafezal. Liana, folíolos cartáceos, cálice verde, corola branca e internamente, restante lilás, filetes brancos, anteras negras..",NA,NA,"851","851",NA,NA,NA,NA,NA,NA,NA,NA
"74","2019-10-11 11:18:35-03","UFPR","UPCB","79667","PreservedSpecimen","Plantae",NA,NA,"Nyctaginaceae","Guapira",NA,NA,"Guapira",NA,NA,NA,"Lombardi, J.A. | Saka, M.N. | Biral, L. | Poli, L.P. | Coan, A.I.","8927","2011","12","15",NA,"Brasil","Espírito Santo","Ibatiba","Fazenda do Carmo Machado, Santa Maria, divisa Iúna/Ibatiba.","-41.496111","-20.279167","-41.496111","-20.279167",NA,"Amostra em sílica. Capões de mata secundária de encosta, em cafezal. Árvore ca. 4m, folhas papiráceas, cálice verde, estames brancos..","UPCB0006520","UPCB0006520","851","851",NA,NA,NA,NA,NA,NA,NA,NA
"75","2019-10-11 11:13:45-03","UFPR","UPCB","16355","PreservedSpecimen","Plantae",NA,NA,"Acanthaceae","Justicia","carnea",NA,"Justicia carnea","Lindl.","Wasshausen, D.C.","1983","Hatschbach, G.","46681","1983","08","03",NA,"Brasil","Espírito Santo","Ibatiba","BLOQUEADO",NA,NA,"9999","9999",NA,"Erva de 70cm. Flor alvescente. Brácteas fucsina. Mata pluvial. Altitude 1000m..",NA,NA,NA,NA,"01","01",NA,NA,NA,NA,NA,NA
"76","2020-03-09 08:20:20-03","UFPR","UPCB","56247","PreservedSpecimen","Plantae",NA,NA,"Melastomataceae","Miconia","doriana",NA,"Miconia doriana","Cogn.","Goldenberg, R.","2007","Fiaschi, P.","3119","2006","07","19",NA,"Brasil","Espírito Santo","Ibatiba","BLOQUEADO",NA,NA,"9999","9999",NA,"Arbusto no interior da mata, ca. 3m, frutos imaturos verdes, maduros pretos. Floresta semidecidual..","UPCB0021326","UPCB0021326","1050","1050","01","01",NA,NA,NA,NA,NA,NA
"77","2019-10-11 11:14:05-03","UFPR","UPCB","79668","PreservedSpecimen","Plantae",NA,NA,"Araceae","Philodendron","propinquum",NA,"Philodendron propinquum","Schott.","Poli, L.P.","2011","Lombardi, J.A. | Saka, M.N. | Biral, L. | Poli, L.P. | Coan, A.I.","8922","2011","12","15",NA,"Brasil","Espírito Santo","Ibatiba","Fazenda do Carmo Machado, Santa Maria, divisa Iúna/Ibatiba.","-41.496111","-20.279167","-41.496111","-20.279167",NA,"Amostra em sílica. Capões de mata secundária de encosta, em cafezal. Erva escandente, ramos pêndulos, folhas papiráceas, espata branca, flores femininas creme, masculinas e estéreis brancas..",NA,NA,"851","851","12",NA,NA,NA,NA,NA,NA,NA
"78","2019-10-11 11:19:10-03","UFPR","UPCB","79670","PreservedSpecimen","Plantae",NA,NA,"Piperaceae","Piper",NA,NA,"Piper",NA,NA,NA,"Lombardi, J.A. | Saka, M.N. | Biral, L. | Poli, L.P. | Coan, A.I.","8919","2011","12","15",NA,"Brasil","Espírito Santo","Ibatiba","Fazenda do Carmo Machado, Santa Maria, divisa Iúna/Ibatiba.","-41.496111","-20.279167","-41.496111","-20.279167",NA,"Amostra em sílica. Capões de mata secundária de encosta, em cafezal. Arbusto ca. 1m, infutescências verdes..",NA,NA,"851","851",NA,NA,NA,NA,NA,NA,NA,NA
"79","2019-10-11 11:19:42-03","UFPR","UPCB","16971","PreservedSpecimen","Plantae",NA,NA,"Rubiaceae","Psychotria","vellosiana",NA,"Psychotria vellosiana","Benth.","Kirkibride Jr., J.H.","1986","Hatschbach, G.","48606","1984","12","04",NA,"Brasil","Espírito Santo","Ibatiba","BLOQUEADO",NA,NA,"9999","9999",NA,"Arbusto, 2m, flor alva. Mata..",NA,NA,NA,NA,"01","01",NA,NA,NA,NA,NA,NA
"80","2019-10-11 11:20:02-03","UFPR","UPCB","79666","PreservedSpecimen","Plantae",NA,NA,"Solanaceae","Solanum",NA,NA,"Solanum",NA,NA,NA,"Lombardi, J.A. | Saka, M.N. | Biral, L. | Poli, L.P. | Coan, A.I.","8924","2011","12","15",NA,"Brasil","Espírito Santo","Ibatiba","Fazenda do Carmo Machado, Santa Maria, divisa Iúna/Ibatiba.","-41.496111","-20.279167","-41.496111","-20.279167",NA,"Amostra em sílica. Capões de mata secundária de encosta, em cafezal. Arbusto 2,5m. Folhas papiráceas, cálice e corola lilases, nervuras do cálice verdes, anteras amarelas..",NA,NA,"851","851",NA,NA,NA,NA,NA,NA,NA,NA
"81","2018-09-12 14:48:17-03","UNIOESTE","UNOP","8471","S","Plantae",NA,NA,"Marantaceae","Saranthe","eichleri",NA,"Saranthe eichleri","Petersen","Saka, M.N.","2012","Lombardi, J.A.; Saka, M.N.; Biral, L.; Poli, L.P.; Coan, A.I.; Saka, M.N.; Biral, L.; Poli, L.P.; Coan, A.I.","8923","2011","12","15",NA,"Brasil","Espírito Santo","Ibatiba","Fazenda do Carmo Machado, Santa Maria, divisa luna/ibatiba.","-41.496139","-20.279361","-41.496139","-20.279361",NA,"Amostra em sílica. Capões de mata secundária de encosta, em cafezal. Erva rizomatosa, folhas cartáceas, verdes, brácteas verde-amareladas, flores amarelas.",NA,NA,"851","851","09",NA,NA,NA,NA,NA,NA,NA
"82","2018-09-12 14:47:59-03","UNIOESTE","UNOP","8475","S","Plantae",NA,NA,"Araceae","Philodendron","propinquum",NA,"Philodendron propinquum","Schott","Poli, L.P.","2011","Lombardi, J.A.; Saka, M.N.; Biral, L.; Poli, L.P.; Coan, A. .I.; Saka, M.N.; Biral, L.; Poli, L.P.; Coan, A. .I.","8922","2011","12","15",NA,"Brasil","Espírito Santo","Ibatiba","Fazenda do Carmo Machado, Santa Maria, divisa luna/ibatiba.","-41.496139","-20.279361","-41.496139","-20.279361",NA,"Erva escandente, ramos pêndulos, folhas papiráceas, espata branca, flores femininas creme, masculinas e estéreis brancas.",NA,NA,"851","851","12",NA,NA,NA,NA,NA,NA,NA
"83","2018-09-12 14:47:59-03","UNIOESTE","UNOP","797","S","Plantae",NA,NA,"Aristolochiaceae","Aristolochia","cymbifera",NA,"Aristolochia cymbifera","Mart.","Saka, M.N.","2011","Lombardi, J.A.; Lombardi, J.A.; Saka, M.N.; Biral, L.; Poli, L.P.; Coan, A.L.; Lombardi, J.A.; Saka, M.N.; Biral, L.; Poli, L.P.; Coan, A.L.","8933","2011","12","15",NA,"Brasil","Espírito Santo","Ibatiba","Margem da Br- 262 Ibatiba/divisa com Minas Gerais.","-41.579306","-20.264861","-41.579306","-20.264861",NA,"Amostra em sílica. Mata ombrófila secundária de encosta. Liana, folhas papíraceas, flores fétidas, cálice externamente creme com máculas roxas, lábio superior branco com nervuras vináceas, tubo internamente roxo.",NA,NA,"691","691","12",NA,NA,NA,NA,NA,NA,NA
"84","2019-02-20 14:12:17-03","INPA","INPA","132356","S","Plantae","Dicotyledon Com-Clade","Malpighiales","Salicaceae","Casearia","arborea",NA,"Casearia arborea","(Rich.) Urb.","Hatschbach, GG","1985","Hatschbach, GG","48607","1984","12","04","Southern America","Brasil","Espírito Santo","Ibatiba","Corrego Espraiado","-41.5106010437012","-20.2339000701904",NA,NA,NA,NA,"INPA0132356","INPA0132356 INPA0132356_e",NA,NA,"01",NA,"18895","auto",NA,NA,NA,NA
"85","2019-09-26 09:07:54-03","MBML","MBML-HERBARIO","54146",NA,"Plantae",NA,NA,"Orchidaceae","Beadlea",NA,NA,"Beadlea",NA,NA,NA,"A. P. Fontana; K.A. Brahim","3768","2007","08","29",NA,"Brasil","Espírito Santo","Ibatiba","Santa Maria. Propriedade de José Angelo Menegatti","-41.433611","-20.253611","41W26'1","20S15'13",NA,"Terrestre. Projeto CORES-JBRJ","MBML054146",NA,"1394","1394",NA,NA,NA,NA,NA,NA,NA,NA
"86","2018-04-02 10:39:51-03","MBML","MBML-HERBARIO","52602",NA,"Plantae",NA,NA,"Begoniaceae","Begonia",NA,NA,"Begonia",NA,NA,NA,"A. P. Fontana; K.A. Brahim","3770","2007","08","29",NA,"Brasil","Espírito Santo","Ibatiba","Santa Maria. Propriedade de José Angelo Menegatti.","-41.433611","-20.253611","41W26'1","20S15'13",NA,"Arbustiva. Projeto CORES-JBRJ.","MBML052602","MBML052602","1394","1394",NA,NA,NA,NA,NA,NA,NA,NA
"87","2019-09-26 09:07:54-03","MBML","MBML-HERBARIO","54143",NA,"Plantae",NA,NA,"Begoniaceae","Begonia",NA,NA,"Begonia",NA,NA,NA,"A. P. Fontana; K.A. Brahim","3771","2007","08","29",NA,"Brasil","Espírito Santo","Ibatiba","Santa Maria. Propriedade de José Angelo Menegatti","-41.433611","-20.253611","41W26'1","20S15'13",NA,"Trepadeira. Flores brancas. Projeto CORES-JBRJ","MBML054143","MBML054143_1 MBML054143_2","1394","1394",NA,NA,NA,NA,NA,NA,NA,NA
"88","2019-09-26 09:07:54-03","MBML","MBML-HERBARIO","54158",NA,"Plantae",NA,NA,"Begoniaceae","Begonia",NA,NA,"Begonia",NA,NA,NA,"A. P. Fontana; K.A. Brahim","3727","2007","08","28",NA,"Brasil","Espírito Santo","Ibatiba","Santa Maria. Propriedade de José Angelo Menegatti","-41.429722","-20.260278","41W25'47","20S15'37",NA,"Rupícola no sol. Folhas verdes discolores. Inflorescência avermelhada. Flores masculinas com ovario verdes. Projeto CORES-JBRJ","MBML054158","MBML054158","1388","1388",NA,NA,NA,NA,NA,NA,NA,NA
"89","2018-04-05 10:22:33-03","MBML","MBML-HERBARIO","52691",NA,"Plantae",NA,NA,"Begoniaceae","Begonia","admirabilis",NA,"Begonia admirabilis",NA,"A.P. Fontana-29/08/2007",NA,"A. P. Fontana; K.A. Brahim","3758","2007","08","29",NA,"Brasil","Espírito Santo","Ibatiba","Santa Maria. Propriedade de José Angelo Menegatti.","-41.433611","-20.253611","41W26'1","20S15'13",NA,"Arbusto, ca. 1,5m. Folhas verdes com margens avermelhadas. Flores brancas com ovário e alas rosadas. Projeto CORES-JBRJ.","MBML052691","MBML052691","1394","1394",NA,NA,NA,NA,NA,NA,NA,NA
"90","2019-09-26 09:07:54-03","MBML","MBML-HERBARIO","54165",NA,"Plantae",NA,NA,"Begoniaceae","Begonia","hirtella",NA,"Begonia hirtella",NA,"A.P. Fontana/29-08-2007",NA,"A. P. Fontana; K.A. Brahim","3736","2007","08","29",NA,"Brasil","Espírito Santo","Ibatiba","Santa Maria. Propriedade de José Angelo Menegatti","-41.433611","-20.253611","41W26'1","20S15'13",NA,"Erva, ca. 30cm. Flores e frutos rosados. Projeto CORES-JBRJ","MBML054165","MBML054165","1394","1394",NA,NA,NA,NA,NA,NA,NA,NA
"91","2019-09-26 09:07:54-03","MBML","MBML-HERBARIO","54163",NA,"Plantae",NA,NA,"Solanaceae","Cestrum",NA,NA,"Cestrum",NA,NA,NA,"A. P. Fontana; K.A. Brahim","3744","2007","08","29",NA,"Brasil","Espírito Santo","Ibatiba","Santa Maria. Propriedade de José Angelo Menegatti","-41.433611","-20.253611","41W26'1","20S15'13",NA,"Arbusto, ca. 1,8m. Inflorescência e frutos negros. Projeto CORES","MBML054163",NA,"1394","1394",NA,NA,NA,NA,NA,NA,NA,NA
"92","2019-09-26 09:07:54-03","MBML","MBML-HERBARIO","54164",NA,"Plantae",NA,NA,"Compositae",NA,NA,NA,NA,NA,NA,NA,"A. P. Fontana; K.A. Brahim","3741","2007","08","29",NA,"Brasil","Espírito Santo","Ibatiba","Santa Maria. Propriedade de José Angelo Menegatti","-41.433611","-20.253611","41W26'1","20S15'13",NA,"Erva, ca. 1m. Flores brancas. Projeto CORES-JBRJ","MBML054164","MBML054164","1394","1394",NA,NA,NA,NA,NA,NA,NA,NA
"93","2019-09-26 09:07:54-03","MBML","MBML-HERBARIO","54169",NA,"Plantae",NA,NA,"Compositae",NA,NA,NA,NA,NA,NA,NA,"A. P. Fontana; K.A. Brahim & L. Kosanke","3753","2007","08","29",NA,"Brasil","Espírito Santo","Ibatiba","Santa Maria. Propriedade de José Angelo Menegatti","-41.433611","-20.253611","41W26'1","20S15'13",NA,"Arbusto, ca. 2m. Flores lilás. Projeto CORES-JBRJ","MBML054169","MBML054169","1394","1394",NA,NA,NA,NA,NA,NA,NA,NA
"94","2017-09-14 11:48:58-03","MBML","MBML-HERBARIO","48243",NA,"Plantae",NA,NA,"Nyctaginaceae","Guapira","nitida",NA,"Guapira nitida",NA,NA,NA,"J. A. Lombardi; M.N. Saka, L. Biral, L.P. Poli & A.I. Coan","8920","2011","12","15",NA,"Brasil","Espírito Santo","Ibatiba","Fazenda do Carmo Machado, Santa Maria, divisa Iúna/Ibatiba","-41.496139","-20.279361","41W29'46,1","20S16'45,7",NA,"Amostra em sílica. Capões de mata secundária de encosta, em cafezal. Árvore ca 6m, folhas papiráceas, flores verdes, estigmas brancos","MBML048243",NA,"851","851",NA,NA,NA,NA,NA,NA,NA,NA
"95","2018-04-05 10:22:33-03","MBML","MBML-HERBARIO","52693",NA,"Plantae",NA,NA,"Guttiferae",NA,NA,NA,NA,NA,NA,NA,"A. P. Fontana; K.A. Brahim","3755","2007","08","29",NA,"Brasil","Espírito Santo","Ibatiba","Santa Maria. Propriedade de José Angelo Menegatti.","-41.433611","-20.253611","41W26'1","20S15'13",NA,"Arbusto, 1,8m. Látex translúcido. Caule e folhas verdes, base doos pecíolos vermelhos. Frutos marrons esverdeados. Projeto CORES-JBRJ.","MBML052693","MBML052693","1394","1394",NA,NA,NA,NA,NA,NA,NA,NA
"96","2020-02-11 14:39:37-03","MBML","MBML-HERBARIO","54148",NA,"Plantae",NA,NA,"Rubiaceae","Hoffmannia","peckii",NA,"Hoffmannia peckii",NA,"Zorzanelli/2020",NA,"A. P. Fontana; K.A. Brahim","3767","2007","08","29",NA,"Brasil","Espírito Santo","Ibatiba","Santa Maria. Propriedade de José Angelo Menegatti","-41.433611","-20.253611","41W26'1","20S15'13",NA,"Arbustiva. Botões marrons. Projeto CORES-JBRJ","MBML054148",NA,"1394","1394",NA,NA,NA,NA,NA,NA,NA,NA
"97","2020-02-19 14:09:56-03","MBML","MBML-HERBARIO","54151",NA,"Plantae",NA,NA,"Melastomataceae","Miconia",NA,NA,"Miconia",NA,NA,NA,"A. P. Fontana; K.A. Brahim","3772","2007","08","29",NA,"Brasil","Espírito Santo","Ibatiba","Santa Maria. Propriedade de José Angelo Menegatti","-41.447778","-20.267222","41W26'52","20S16'2",NA,"Árvore ca. 5m. Folhas discolores. Frutos verdes. Projeto CORES-JBRJ","MBML054151","MBML054151","1212","1212",NA,NA,NA,NA,NA,NA,NA,NA
"98","2018-04-05 10:23:21-03","MBML","MBML-HERBARIO","52688",NA,"Plantae",NA,NA,"Myrsinaceae","Myrsine",NA,NA,"Myrsine",NA,NA,NA,"A. P. Fontana; K.A. Brahim","3742","2007","08","29",NA,"Brasil","Espírito Santo","Ibatiba","Santa Maria. Propriedade de José Angelo Menegatti.","-41.433611","-20.253611","41W26'1","20S15'13",NA,"Arbusto, ca. 2m. Frutos imaturos verdes. Projeto CORES.","MBML052688",NA,"1394","1394",NA,NA,NA,NA,NA,NA,NA,NA
"99","2018-09-26 12:20:33-03","MBML","MBML-HERBARIO","52690",NA,"Plantae",NA,NA,"Polypodiaceae","Niphidium","crassifolium",NA,"Niphidium crassifolium",NA,"C.V. Miranda/25-09-2018",NA,"A. P. Fontana; K.A. Brahim","3743","2007","08","29",NA,"Brasil","Espírito Santo","Ibatiba","Santa Maria. Propriedade de José Angelo Menegatti.","-41.433611","-20.253611","41W26'1","20S15'13",NA,"Terrestre, na sombra. Folhas verdes. Soros marrons amarelos. Projeto CORES.","MBML052690","MBML052690","1394","1394",NA,NA,NA,NA,NA,NA,NA,NA
"100","2017-09-14 11:50:14-03","MBML","MBML-HERBARIO","10982",NA,"Plantae",NA,NA,"Piperaceae","Piper","corcovadense",NA,"Piper corcovadense",NA,"D. Monteiro/20-06-2012",NA,"G. Hatschbach; et al","48608","1984","12","04",NA,"Brasil","Espírito Santo","Ibatiba","Córrego Espraiado","-41.510278","-20.233889","41W30'37","20S14'2",NA,"Arbusto delgado, 2m. Espigas alva. Mata pluvial, encosta de morro.","MBML010982",NA,NA,NA,NA,NA,NA,NA,NA,NA,NA,NA
"101","2019-09-26 09:07:54-03","MBML","MBML-HERBARIO","54144",NA,"Plantae",NA,NA,"? Pteridofita",NA,NA,NA,NA,NA,NA,NA,"A. P. Fontana; K.A. Brahim","3760","2007","08","29",NA,"Brasil","Espírito Santo","Ibatiba","Santa Maria. Propriedade de José Angelo Menegatti","-41.433611","-20.253611","41W26'1","20S15'13",NA,"Epífita, na sombra. Fértil. Projeto CORES-JBRJ","MBML054144","MBML054144","1394","1394",NA,NA,NA,NA,NA,NA,NA,NA
"102","2019-10-03 16:40:52-03","MBML","MBML-HERBARIO","54171",NA,"Plantae",NA,NA,"? Pteridofita",NA,NA,NA,NA,NA,NA,NA,"A. P. Fontana; K.A. Brahim","3764","2007","08","29",NA,"Brasil","Espírito Santo","Ibatiba","Santa Maria. Propriedade de José Angelo Menegatti","-41.433611","-20.253611","41W26'1","20S15'13",NA,"Terrestre. Soros marrons. Projeto CORES-JBRJ","MBML054171","MBML054171","1394","1394",NA,NA,NA,NA,NA,NA,NA,NA
"103","2019-09-26 09:07:54-03","MBML","MBML-HERBARIO","54142",NA,"Plantae",NA,NA,"Rubiaceae",NA,NA,NA,NA,NA,NA,NA,"A. P. Fontana; K.A. Brahim","3777","2007","08","29",NA,"Brasil","Espírito Santo","Ibatiba","Santa Maria. Propriedade de José Angelo Menegatti","-41.447778","-20.267222","41W26'52","20S16'2",NA,"Árvore ca. 5m. Folhas discolores. Frutos verdes. Projeto CORES-JBRJ","MBML054142",NA,"1212","1212",NA,NA,NA,NA,NA,NA,NA,NA
"104","2017-09-14 11:47:37-03","MBML","MBML-HERBARIO","48113",NA,"Plantae",NA,NA,"Marantaceae","Saranthe","eichleri",NA,"Saranthe eichleri",NA,"M.N. Saka/IX-2012",NA,"J. A. Lombardi; M.N. Saka, L. Biral, L.P. Poli & A.I. Coan","8923","2011","12","15",NA,"Brasil","Espírito Santo","Ibatiba","Fazenda do Carmo Machado, Santa Maria, divisa Iúna/Ibatiba","-41.496139","-20.279361","41W29'46,1","20S16'45,7",NA,"Amostra em sílica. Capões de mata secundária de encosta, em cafezal. Erva rizomatosa, folhas cartáceas, verdes, brácteas verde-amareladas, flores amarelas","MBML048113","MBML048113","851","851",NA,NA,NA,NA,NA,NA,NA,NA
"105","2018-04-05 10:23:21-03","MBML","MBML-HERBARIO","52695",NA,"Plantae",NA,NA,"Simaroubaceae",NA,NA,NA,NA,NA,NA,NA,"A. P. Fontana; K.A. Brahim","3747","2007","08","29",NA,"Brasil","Espírito Santo","Ibatiba","Santa Maria. Propriedade de José Angelo Menegatti.","-41.433611","-20.253611","41W26'1","20S15'13",NA,"Arbusto, ca. 4m, na sombra. Frutos jovens avermelhados e quando maduros vináceos. Projeto CORES-JBRJ.","MBML052695",NA,"1394","1394",NA,NA,NA,NA,NA,NA,NA,NA
"106","2018-04-05 10:23:21-03","MBML","MBML-HERBARIO","52692",NA,"Plantae",NA,NA,"Solanaceae",NA,NA,NA,NA,NA,NA,NA,"A. P. Fontana; K.A. Brahim","3756","2007","08","29",NA,"Brasil","Espírito Santo","Ibatiba","Santa Maria. Propriedade de José Angelo Menegatti.","-41.433611","-20.253611","41W26'1","20S15'13",NA,"Escandente. Frutos verdes com pedicelo vináceo. Projeto CORES-JBRJ.","MBML052692",NA,"1394","1394",NA,NA,NA,NA,NA,NA,NA,NA
"107","2020-03-04 16:41:35-03","MBML","MBML-HERBARIO","52689",NA,"Plantae",NA,NA,"Malpighiaceae","Tetrapterys",NA,NA,"Tetrapterys",NA,NA,NA,"A. P. Fontana; K.A. Brahim","3730","2007","08","28",NA,"Brasil","Espírito Santo","Ibatiba","Santa Maria. Propriedade de José Angelo Menegatti.","-41.429722","-20.260278","41W25'47","20S15'37",NA,"Arbusto, ca. 1m. Flores amarelas. Projeto CORES-JBRJ.","MBML052689","MBML052689","1388","1388",NA,NA,NA,NA,NA,NA,NA,NA
"108","2019-09-26 09:07:54-03","MBML","MBML-HERBARIO","54168",NA,"Plantae",NA,NA,"Bromeliaceae","Tillandsia",NA,NA,"Tillandsia",NA,NA,NA,"A. P. Fontana; K.A. Brahim","3774","2007","08","29",NA,"Brasil","Espírito Santo","Ibatiba","Santa Maria. Propriedade de José Angelo Menegatti","-41.447778","-20.267222","41W26'52","20S16'2",NA,"Epífita. Inflorescência com brácteas avermelhadas. Frutos imaturos verdes. Projeto CORES-JBRJ","MBML054168","MBML054168","1212","1212",NA,NA,NA,NA,NA,NA,NA,NA
"109","2018-04-05 10:23:21-03","MBML","MBML-HERBARIO","52685",NA,"Plantae",NA,NA,"Verbenaceae","Vitex",NA,NA,"Vitex",NA,NA,NA,"A. P. Fontana; K.A. Brahim","3729","2007","08","28",NA,"Brasil","Espírito Santo","Ibatiba","Santa Maria. Propriedade de José Angelo Menegatti.","-41.429722","-20.260278","41W25'47","20S15'37",NA,"Arbusto, ca. 4m Flores lilás. Projeto CORES-JBRJ.","MBML052685",NA,"1388","1388",NA,NA,NA,NA,NA,NA,NA,NA
"110","2019-07-29 16:22:44-03","UNESP-RC","HRCB","56670","S","Plantae",NA,NA,"Araceae","Philodendron","aff.vargealtense",NA,"Philodendron aff.vargealtense","Sakur.","L.S.B.Calazans","2014","Lombardi","8928","2011","12","15",NA,"Brasil","Espírito Santo","Ibatiba","Fazenda do Carmo Machado, Santa Maria, divisa Iúna/Ibatiba","-41.496139","-20.279361","41º29'46.1W","20º16'45,7S",NA,"Epífita, folhas cartáceas, espata verde na base, branca no ápice, flores femininas amarelas, estéreis marrons, masculinas brancas. Amostra em sílica.",NA,NA,"851","851","07",NA,NA,NA,NA,NA,NA,NA
"111","2019-07-29 16:22:44-03","UNESP-RC","HRCB","56664","S","Plantae",NA,NA,"Araceae","Philodendron","propinquum",NA,"Philodendron propinquum","Schott","Poli, L.P.","2011","Lombardi","8922","2011","12","15",NA,"Brasil","Espírito Santo","Ibatiba","Fazenda do Carmo Machado, Santa Maria, divisa Iúna/Ibatiba","-41.496139","-20.279361","41º29'46.1W","20º16'45,7S",NA,"Erva escandente, ramos pêndulos, folhas papireaceas, espata branca, flores femininas creme, masculinas e estéreis brancas. Amostra em sílica.",NA,NA,"851","851","12",NA,NA,NA,NA,NA,NA,NA
"112","2019-07-29 16:22:47-03","UNESP-RC","HRCB","56675","S","Plantae",NA,NA,"Aristolochiaceae","Aristolochia","cymbifera",NA,"Aristolochia cymbifera","Mart. & Zucc.","Saka, M.N.","2011","Lombardi","8933","2011","12","15",NA,"Brasil","Espírito Santo","Ibatiba","Margem da BR-262 Ibatiba/divisa com Minas Gerais","-41.5106010437012","-20.2339000701904","41º34'45.5","20º15'53,5",NA,"Amostra em sílica. Liana, folhas papiráceas, flores fétidas, cálice externamente creme com máculas roxas, lábio superior branco com nervuras vináceas, tubo internamente roxo",NA,NA,"691","691","12",NA,"18895","auto",NA,NA,NA,NA
"113","2019-07-29 16:22:44-03","UNESP-RC","HRCB","56671","S","Plantae",NA,NA,"Araceae","Asterostigma",NA,NA,"Asterostigma",NA,NA,NA,"Lombardi","8929","2011","12","15",NA,"Brasil","Espírito Santo","Ibatiba","Santa Maria","-41.496139","-20.279361","41º29'46.1W","20º16'45,7S",NA,"Erva tuberosa, pecíolo e pedúnciulo branco na base, rajado de branco e conzento no resto, pecíolo vináceo na face adaxial, folhas papiráceas, nervuras brancas na face abaxial e máculas na adaxial, fru",NA,NA,"851","851",NA,NA,NA,NA,NA,NA,NA,NA
"114","2019-07-29 16:23:10-03","UNESP-RC","HRCB","56674","S","Plantae",NA,NA,"Bignoniaceae","Fridericia",NA,NA,"Fridericia",NA,NA,NA,"Lombardi","8932","2011","12","15",NA,"Brasil","Espírito Santo","Ibatiba","Fazenda do Carmo Machado","-41.496139","-20.279361","41º29'46.1W","20º16'45,7S",NA,"Amostra em sílica. Liana, folíolos cartáceos, cálice verde, corola branca na bse e internamente, restante lilás, filetes brancos, anteras negras.",NA,NA,"851","851",NA,NA,NA,NA,NA,NA,NA,NA
"115","2020-01-31 13:35:09-03","CVRD","CVRD","3122","PreservedSpecimen","Plantae","Magnoliophyta","Fabales","Fabaceae","Stryphnodendron","barbatimam",NA,"Stryphnodendron barbatimam","(Vell.) Mart.","Domingos A. Folli","1993","Souza, V.D.","49","1991","03","21","América do Sul","BRASIL","ES","Ibatiba","À beira da BR.262, 5m da BR. lado direito, 4 km depois do trevo para Iúna, sentido à Pequiá.","-41.5106010437012","-20.2339000701904",NA,NA,NA,"Projeto coleta de sementes. <ll>dwc_commonname:</ll> Barbatimão","CVRD003122",NA,NA,NA,"05","14","18895","auto",NA,NA,"Magnoliopsida",NA
"116","2020-01-31 11:24:23-03","CVRD","CVRD","3125","PreservedSpecimen","Plantae","Magnoliophyta","Fabales","Fabaceae","Machaerium","floridum","var. parviflorum","Machaerium floridum var. parviflorum","Kuhlm. & Hoehne","Carlos Victor Mendonça Filho","2004","Folli, D.A.","1319","1991","03","21","América do Sul","BRASIL","ES","Ibatiba","Est. de Criciuma mun. Ibatiba ES.","-41.5106010437012","-20.2339000701904",NA,NA,NA,"Projeto coleta de sementes. <ll>dwc_commonname:</ll> Bico de ganso","CVRD003125",NA,NA,NA,"10","01","18895","auto",NA,NA,"Magnoliopsida",NA
"117","2020-03-09 10:32:42-03","CVRD","CVRD","3121","PreservedSpecimen","Plantae","Magnoliophyta","Lamiales","Lamiaceae","Vitex","polygama",NA,"Vitex polygama","Cham.","J. B. J. Blewett","1992","Souza, V.D.","48","1991","03","21","América do Sul","BRASIL","ES","Ibatiba","Faz. de Dercino Rodrigues, lado esq. da est. indo de Santa Clara p/ Córrego das Pedras, 45m da est., Santa Clara - Ibatiba - ES.","-41.5106010437012","-20.2339000701904",NA,NA,NA,"Projeto coleta de sementes. <ll>dwc_commonname:</ll> Maria branca","CVRD003121",NA,NA,NA,"08","17","18895","auto",NA,NA,"Magnoliopsida",NA
"118","2020-01-31 13:35:23-03","CVRD","CVRD","3120","PreservedSpecimen","Plantae","Magnoliophyta","Malvales","Malvaceae","Luehea","grandiflora",NA,"Luehea grandiflora","Mart. & Zucc.","Domingos A. Folli","2013","Souza, V.D.","47","1991","03","21","América do Sul","BRASIL","ES","Ibatiba","Na Faz. de Dercino Rodriguez, indo de Santa Clara para Córrego da Pedras, lado esq. da est., 50m da est. Córrego das Pedras - S. Clara - Ibatiba - ES.","-41.5106010437012","-20.2339000701904",NA,NA,NA,"Projeto coleta de sementes. <ll>dwc_commonname:</ll> Açoita burro","CVRD003120",NA,NA,NA,"09","16","18895","auto",NA,NA,"Magnoliopsida",NA
"119","2019-12-17 10:42:49-03","UFPE","UFP","75406","PreservedSpecimen","Plantae",NA,NA,NA,"Cymbifera",NA,NA,"Cymbifera","Mart. & Zucc.","Saka, M.N.","2011","Lombardi, J.A.; Saka, M.N.; Biral, L.; Poli, L.P. & Coan, A.I.","8933","2011","12","15",NA,"Brasil","Espírito Santo","Ibatiba","Margem da BR-232.","-41.579167","-20.264722","-41.579167","-20.264722",NA,"Ibatiba/divisa com Minas Gerais.; Amostra em sílica. Mata ombrófila secundária de encosta. Liana, folhas papiráceas, flores fétidas, cálices extremamente creme com máculas roxas, lábio superior branco com nervuras vináceas, tubo intern","UFP075406",NA,"691","691","12",NA,NA,NA,NA,NA,NA,NA
"120","2019-07-24 16:21:13-03","SMITHSONIAN","US","1740192","PreservedSpecimen","Plantae",NA,"Sapindales","Sapindaceae","Serjania","communis","communis","Serjania communis communis","Radlk.","Acevedo-Rodríguez, P., (BOT), Smithsonian Institution - National Museum of Natural History (UNITED STATES)",NA,"G. Hatschbach & J. M. Silva",NA,"1985","06","16","South America - Neotropics","Brazil","Espírito Santo","Ibatiba","Corrego S. Joâo","-41.5106010437012","-20.2339000701904",NA,NA,NA,"<a href=http://n2t.net/ark:/65665/31cc0216e-c711-496e-bcba-5683b7aafd12 target=other class=eLink> <mi>dwc_moreinfo</mi></a>",NA,NA,NA,NA,NA,NA,"18895","auto",NA,NA,"Dicotyledonae",NA
"121","2019-07-24 16:10:18-03","SMITHSONIAN","US","3232983","PreservedSpecimen","Plantae",NA,"Polygalales","Malpighiaceae","Stigmaphyllon","saxicola",NA,"Stigmaphyllon saxicola","C.E. Anderson",NA,NA,"G. Hatschbach & J. M. Silva","49397","1985","06","14","South America - Neotropics","Brazil","Espírito Santo","Ibatiba","Córrego S. João.","-41.5106010437012","-20.2339000701904",NA,NA,NA,"<a href=http://n2t.net/ark:/65665/3247e15b6-f734-44bd-a2ed-fe4108499b6b target=other class=eLink> <mi>dwc_moreinfo</mi></a>","US00610804","US00610804",NA,NA,NA,NA,"18895","auto",NA,"Isotype","Dicotyledonae",NA
"122","2019-07-24 16:02:54-03","SMITHSONIAN","US","3176691","PreservedSpecimen","Plantae",NA,"Laurales","Lauraceae","Ocotea","divaricata",NA,"Ocotea divaricata","(Nees) Mez",NA,NA,"G. Hatschbach","48613","1984","12","04","South America - Neotropics","Brazil","Espírito Santo","Ibatiba","Corrego S. José II","-41.5106010437012","-20.2339000701904",NA,NA,NA,"<a href=http://n2t.net/ark:/65665/32b276da1-3b27-472e-8782-bcd5f1a90805 target=other class=eLink> <mi>dwc_moreinfo</mi></a>",NA,NA,NA,NA,NA,NA,"18895","auto",NA,NA,"Dicotyledonae",NA
"123","2019-07-24 16:25:14-03","SMITHSONIAN","US",NA,"PreservedSpecimen","Plantae",NA,"Violales","Flacourtiaceae","Casearia","arborea",NA,"Casearia arborea","(Rich.) Urb.",NA,NA,"G. Hatschbach & J. M. Silva",NA,"1984","12","04","South America - Neotropics","Brazil","Espírito Santo","Ibatiba","Corrego Espraiado.","-41.5106010437012","-20.2339000701904",NA,NA,NA,"<a href=http://n2t.net/ark:/65665/35b8ebc4b-c2b3-4040-acb2-38736be8c79f target=other class=eLink> <mi>dwc_moreinfo</mi></a>",NA,NA,NA,NA,NA,NA,"18895","auto",NA,NA,"Dicotyledonae",NA
"124","2019-07-24 16:06:10-03","SMITHSONIAN","US","3036833","PreservedSpecimen","Plantae",NA,"Myrtales","Melastomataceae","Leandra","nianga",NA,"Leandra nianga","Cogn.",NA,NA,"G. Hatschbach & J. M. Silva","48615","1984","12","04","South America - Neotropics","Brazil","Espírito Santo","Ibatiba","Corrego S. João II","-41.5106010437012","-20.2339000701904",NA,NA,NA,"<a href=http://n2t.net/ark:/65665/3f94768d7-2927-4647-8550-902c3a6bdc59 target=other class=eLink> <mi>dwc_moreinfo</mi></a>",NA,NA,NA,NA,NA,NA,"18895","auto",NA,NA,"Dicotyledonae",NA
"125","2019-07-24 16:06:27-03","SMITHSONIAN","US","2981280","PreservedSpecimen","Plantae",NA,"Myrtales","Melastomataceae","Meriania","tetramera",NA,"Meriania tetramera","Wurdack",NA,NA,"G. Hatschbach","46686","1983","08","04","South America - Neotropics","Brazil","Espírito Santo","Ibatiba","20km L","-41.5106010437012","-20.2339000701904",NA,NA,NA,"<a href=http://n2t.net/ark:/65665/397f0cf05-e7d7-46cf-be4d-2a24c8e96b28 target=other class=eLink> <mi>dwc_moreinfo</mi></a>",NA,NA,"900","900",NA,NA,"18895","auto",NA,NA,"Dicotyledonae",NA
"126","2019-11-13 11:30:04-03","USP","SPF","177263","PreservedSpecimen","Plantae",NA,NA,"Rubiaceae","Faramea",NA,NA,"Faramea",NA,NA,NA,"Fiaschi, P","3118","2006","07","19",NA,"Brasil","Espírito Santo","Ibatiba",NA,"-41.343417","-20.230278","-41.343417","-20.230278",NA,NA,"SPF00177263",NA,"1050","1050",NA,NA,NA,NA,NA,NA,NA,NA
"127","2019-11-13 11:17:44-03","USP","SPF","177247","PreservedSpecimen","Plantae",NA,NA,"Celastraceae","Maytenus","schumanniana",NA,"Maytenus schumanniana","Loes.","Biral dos Santos, L","2013","Fiaschi, P","3120","2006","07","19",NA,"Brasil","Espírito Santo","Ibatiba",NA,"-41.343417","-20.230278","-41.343417","-20.230278",NA,NA,"SPF00177247",NA,"1050","1050","04",NA,NA,NA,NA,NA,NA,NA
"128","2019-11-13 11:25:29-03","USP","SPF","177257","PreservedSpecimen","Plantae",NA,NA,"Melastomataceae","Miconia",NA,NA,"Miconia",NA,NA,NA,"Fiaschi, P","3119","2006","07","19",NA,"Brasil","Espírito Santo","Ibatiba",NA,"-41.47675","-20.230278","-41.47675","-20.230278",NA,NA,"SPF00177257",NA,"1050","1050",NA,NA,NA,NA,NA,NA,NA,NA
"129","2019-11-13 11:15:39-03","USP","SPF","176379","PreservedSpecimen","Plantae",NA,NA,"Araliaceae","Schefflera",NA,NA,"Schefflera",NA,NA,NA,"Fiaschi, P","3117","2006","07","19",NA,"Brasil","Espírito Santo","Ibatiba",NA,"-41.343417","-20.230278","-41.343417","-20.230278",NA,NA,"SPF00176379","SPF00176379 SPF00176379_1","1050","1050",NA,NA,NA,NA,NA,NA,NA,NA
"130","2019-10-07 09:18:53-03","UEFS","HUEFS","227995","PreservedSpecimen","Plantae","Angiospermae","Caryophyllales","Nyctaginaceae","Guapira","nitida",NA,"Guapira nitida","(Mart. ex J.A.Schmidt) Lundell",NA,NA,"Lombardi, J.A.","8920","2011","12","15",NA,"Brasil","Espírito Santo","Ibatiba","Fazenda do Carmo Machado, Santa Maria, divisa lúna /Ibatiba.","-41.496111","-20.279444","41W29'46''","20S16'46''",NA,NA,"HUEFS0227995","HUEFS0227995","851","851",NA,NA,NA,NA,NA,NA,"Caryophyllanae",NA
"131","2019-01-25 15:38:24-02","IAC","IAC","55565","S","Plantae",NA,NA,"Araceae","Philodendron","propinquum",NA,"Philodendron propinquum","Schott","L.P. Poli","2011","J.A. Lombardi; M.N. Saka; L. Biral; L.P. Poli & A.I. Coan","8922","2011","12","15",NA,"Brasil","Espírito Santo","Ibatiba","Fazenda do Caemp Machado, Santa Maria, divisa Iúna/Ibatiba","-41.496111","-20.279167","-41.496111","-20.279167",NA,"amostra em sílica",NA,NA,NA,NA,"12","15",NA,NA,NA,NA,NA,NA
"132","2019-10-24 12:45:15-03","CEPLAC","CEPEC","113345","S","Plantae",NA,NA,"Rubiaceae","Faramea","involucellata",NA,"Faramea involucellata",NA,"J. G. Jardim",NA,"P. Fiaschi","3118","2006","07","19",NA,"Brasil","Espírito Santo","ibatiba","Ca. 22Km de Ibatiba, na estrada para Vitória. Ramal à esquerda, ca. 1,5Km.","-41.343333","-20.230278","41W20'36","20S13'49",NA,NA,NA,NA,NA,NA,NA,NA,NA,NA,NA,NA,NA,"30/01/2010"
"133","2019-10-15 16:17:41-03","CEPLAC","CEPEC","113346","S","Plantae",NA,NA,"Melastomataceae","Miconia","paniculata",NA,"Miconia paniculata",NA,"R. Goldenberg",NA,"P. Fiaschi","3119","2006","07","19",NA,"Brasil","Espírito Santo","ibatiba","Ca. 22Km de Ibatiba, na estrada para Vitória. Ramal à esquerda, ca. 1,5Km.","-41.343333","-20.230278","41W20'36","20S13'49",NA,NA,NA,NA,NA,NA,NA,NA,NA,NA,NA,NA,NA,"30/12/2014"
"134","2019-10-15 16:17:21-03","CEPLAC","CEPEC","38781","S","Plantae",NA,NA,"Melastomataceae","Meriania","tetramera",NA,"Meriania tetramera",NA,"J. J. Wurdack",NA,"G. Hatschbach","46686","1967","08","05",NA,"Brasil","Espírito Santo","ibatiba","20Km a leste cidade.","-41.5106010437012","-20.2339000701904",NA,NA,NA,NA,NA,NA,NA,NA,NA,NA,"18895","auto",NA,NA,NA,"30/12/1984"
"135","2019-09-16 16:23:32-03","CEPLAC","CEPEC","34397","S","Plantae",NA,NA,"Rubiaceae","Schizocalyx","cuspidatus",NA,"Schizocalyx cuspidatus",NA,"C. M. Taylor",NA,"G. Hatschbach","46687","1983","08","04",NA,"Brasil","Espírito Santo","ibatiba","21Km a leste de Itatiba.","-41.5106010437012","-20.2339000701904",NA,NA,NA,NA,NA,NA,NA,NA,NA,NA,"18895","auto",NA,NA,NA,"30/12/2012"
"136","2018-12-03 11:35:54-02","CEPLAC","CEPEC","42332","S","Plantae",NA,NA,"Solanaceae","Solanum","reptans",NA,"Solanum reptans",NA,"J. R. Stehmann",NA,"G. Hatschbach","46684","2002","02","04",NA,"Brasil","Espírito Santo","ibatiba","22Km a Leste.","-41.5106010437012","-20.2339000701904",NA,NA,NA,NA,NA,NA,NA,NA,NA,NA,"18895","auto",NA,NA,NA,"30/12/2007"
"137","2018-12-03 11:09:56-02","CEPLAC","CEPEC","64651","S","Plantae",NA,NA,"Caesalpiniaceae","Phanera","radiata",NA,"Phanera radiata",NA,"R. F. Machado",NA,"G. Hatschbach","45164","1982","07","21",NA,"Brasil","Espírito Santo","ibatiba","BR-262.","-41.5106010437012","-20.2339000701904",NA,NA,NA,NA,NA,NA,NA,NA,NA,NA,"18895","auto",NA,NA,NA,"30/06/2012"
"138","2018-12-03 11:37:21-02","CEPLAC","CEPEC","77105","S","Plantae",NA,NA,"Vochysiaceae","Vochysia","ferruginea",NA,"Vochysia ferruginea",NA,"F. França",NA,"G. Hatschbach","48599","1996","11","05",NA,"Brasil","Espírito Santo","ibatiba","Corrego Espraiado.","-41.5106010437012","-20.2339000701904",NA,NA,NA,NA,NA,NA,NA,NA,NA,NA,"18895","auto",NA,NA,NA,"30/12/1995"
"139","2018-12-03 11:17:52-02","CEPLAC","CEPEC","36511","S","Plantae",NA,NA,"Flacourtiaceae","Casearia","arborea",NA,"Casearia arborea",NA,"G. Hatschbach",NA,"G. Hatschbach","48604","1984","12","04",NA,"Brasil","Espírito Santo","ibatiba","Corrego Espraiado.","-41.5106010437012","-20.2339000701904","0*0'0","0*0'0",NA,NA,NA,NA,NA,NA,NA,NA,"18895","auto",NA,NA,NA,"30/12/1985"
"140","2018-12-03 11:29:33-02","CEPLAC","CEPEC","38904","S","Plantae",NA,NA,"Piperaceae","Piper","corcovadensis",NA,"Piper corcovadensis",NA,"E. F. Guimarães",NA,"G. Hatschbach","48608","1996","11","05",NA,"Brasil","Espírito Santo","ibatiba","Córrego Espraiado. Encosta de morro.","-41.5106010437012","-20.2339000701904",NA,NA,NA,NA,NA,NA,NA,NA,NA,NA,"18895","auto",NA,NA,NA,"30/12/2008"
"141","2018-12-03 11:21:50-02","CEPLAC","CEPEC","42329","S","Plantae",NA,NA,"Malpighiaceae","Niedenzuella","acutifolia",NA,"Niedenzuella acutifolia",NA,"A. M. Amorim",NA,"G. Hatschbach","48604","1996","11","05",NA,"Brasil","Espírito Santo","ibatiba","Corrego Espraido.","-41.5106010437012","-20.2339000701904",NA,NA,NA,NA,NA,NA,NA,NA,NA,NA,"18895","auto",NA,NA,NA,"30/12/2012"
"142","2018-12-03 11:34:28-02","CEPLAC","CEPEC","40756","S","Plantae",NA,NA,"Sapindaceae","Serjania","communis","mollis","Serjania communis mollis",NA,"M. S. Ferrucci",NA,"G. Hatschbach","49400","1985","06","16",NA,"Brasil","Espírito Santo","ibatiba","Corrego São João.","-41.5106010437012","-20.2339000701904",NA,NA,NA,NA,NA,NA,NA,NA,NA,NA,"18895","auto",NA,NA,NA,"30/12/1986"
"143","2018-12-03 11:34:32-02","CEPLAC","CEPEC","40692","S","Plantae",NA,NA,"Sapindaceae","Serjania","laruotteana",NA,"Serjania laruotteana",NA,"M. S. Ferrucci",NA,"G. Hatschbach","49396","1985","06","11",NA,"Brasil","Espírito Santo","ibatiba","Corrego São João.","-41.5106010437012","-20.2339000701904",NA,NA,NA,NA,NA,NA,NA,NA,NA,NA,"18895","auto",NA,NA,NA,"30/12/1986"
"144","2018-12-03 11:22:06-02","CEPLAC","CEPEC","54492","S","Plantae",NA,NA,"Malpighiaceae","Stigmaphyllon","saxicola",NA,"Stigmaphyllon saxicola",NA,"C. Anderson",NA,"G. Hatschbach","49397","1985","06","14",NA,"Brasil","Espírito Santo","ibatiba","Córrego São João.","-41.5106010437012","-20.2339000701904","0W0'0","0S0'0",NA,NA,NA,NA,NA,NA,NA,NA,"18895","auto",NA,"Isótipo",NA,"30/12/1990"
"145","2018-12-03 11:23:13-02","CEPLAC","CEPEC","40763","S","Plantae",NA,NA,"Melastomataceae","Leandra","nianga",NA,"Leandra nianga",NA,"J. J. Wurdack",NA,"G. Hatschbach","48615","1996","11","05",NA,"Brasil","Espírito Santo","ibatiba","Corrego Sao Joao II.","-41.5106010437012","-20.2339000701904",NA,NA,NA,NA,NA,NA,NA,NA,NA,NA,"18895","auto",NA,NA,NA,"30/12/1985"
"146","2019-10-15 16:17:55-03","CEPLAC","CEPEC","40721","S","Plantae",NA,NA,"Melastomataceae","Ossaea","amygdaloides",NA,"Ossaea amygdaloides",NA,"R. Goldenberg",NA,"G. Hatschbach","48614","1996","11","05",NA,"Brasil","Espírito Santo","ibatiba","Corrego São José II.","-41.5106010437012","-20.2339000701904",NA,NA,NA,NA,NA,NA,NA,NA,NA,NA,"18895","auto",NA,NA,NA,"30/12/2011"
"147","2018-12-03 11:04:46-02","CEPLAC","CEPEC","42342","S","Plantae",NA,NA,"Araceae","Philodendron","deflexum",NA,"Philodendron deflexum",NA,"S. Mayo",NA,"G. Hatschbach","48609","1984","12","04",NA,"Brasil","Espírito Santo","ibatiba","Corrego S. Joao II.","-41.5106010437012","-20.2339000701904","0*0'0","0*0'0",NA,NA,NA,NA,NA,NA,NA,NA,"18895","auto",NA,NA,NA,"30/12/1987"
"148","2018-12-03 11:29:39-02","CEPLAC","CEPEC","38901","S","Plantae",NA,NA,"Piperaceae","Piper","lucaeanum",NA,"Piper lucaeanum",NA,"R. Callejas",NA,"G. Hatschbach","48611","1996","11","05",NA,"Brasil","Espírito Santo","ibatiba","Corrego S. Jose II.","-41.5106010437012","-20.2339000701904",NA,NA,NA,NA,NA,NA,NA,NA,NA,NA,"18895","auto",NA,NA,NA,"30/12/1985"
"149","2018-12-03 11:37:08-02","CEPLAC","CEPEC","91863","S","Plantae",NA,NA,"Violaceae","Anchietea","pyrifolia",NA,"Anchietea pyrifolia",NA,"G. Hatschbach",NA,"G. Hatschbach","45157","1982","07","21",NA,"Brasil","Espírito Santo","ibatiba","Rod. BR-262.","-41.5106010437012","-20.2339000701904",NA,NA,NA,NA,NA,NA,NA,NA,NA,NA,"18895","auto",NA,NA,NA,"30/12/1982"
"150","2018-12-03 11:31:35-02","CEPLAC","CEPEC","93950","S","Plantae",NA,NA,"Rosaceae","Rubus","urticifolius",NA,"Rubus urticifolius",NA,"O. S. Ribas",NA,"G. Hatschbach","45158","1982","07","21",NA,"Brasil","Espírito Santo","ibatiba","Rod. BR-262.","-41.5106010437012","-20.2339000701904",NA,NA,NA,NA,NA,NA,NA,NA,NA,NA,"18895","auto",NA,NA,NA,"30/12/2000"
"151","2018-12-03 11:05:42-02","CEPLAC","CEPEC","38788","S","Plantae",NA,NA,"Asteraceae","Baccharis","dentata",NA,"Baccharis dentata",NA,"H. Robinson",NA,"G. Hatschbach","45163","1982","07","21",NA,"Brasil","Espírito Santo","ibatiba","Rod. BR-262.","-41.5106010437012","-20.2339000701904",NA,NA,NA,NA,NA,NA,NA,NA,NA,NA,"18895","auto",NA,NA,NA,"30/12/1985"
"152","2019-12-13 15:20:27-03","USP","SPFW","3612","PreservedSpecimen","Plantae",NA,NA,"Araliaceae","Schefflera","aff. longipetiolata",NA,"Schefflera aff. longipetiolata","(Pohl ex DC.) Frodin & Fiaschi","P. Fiaschi 2006",NA,"Fiaschi, P. Lopes, M.M.M.; Sant'Ana, S.C.","3117","2006",NA,NA,NA,"Brasil","Espírito Santo","Ibatiba",NA,"-41.343417","-20.230278","41º20'36,3''W","20º13'49''S",NA,NA,NA,NA,"1050","1050",NA,NA,NA,NA,NA,NA,NA,NA
"153","2019-10-16 14:11:34-03","UEL","FUEL","53421","PreservedSpecimen","Plantae","Tracheophyta","Caryophyllales","Nyctaginaceae","Guapira","nitida",NA,"Guapira nitida","(Mart. ex J.A.Schmidt) Lundell","Souza, FS","2014","Lombardi, JA; Saka, MN; Biral, L; Poli, LP; Coan, AI","8920","2011","12","15",NA,"Brasil","Espirito Santo","Ibatiba","Santa Maria, Fazendo do Carmo Machado, divisa Iúna/Ibatiba","-41.496139","-20.279361","-41.496139","-20.279361",NA,"Árvore ca. 6 m, folhas papiráceas, flores verdes, estigmas brancos; Capões de mata secundária de encosta, em cafezal","FUEL002656",NA,"851","851","07",NA,NA,NA,NA,NA,NA,NA
"154","2016-09-19 16:22:03-03","UnB","UB","203193","S","Plantae","Dicotyledoneae",NA,"Vochysiaceae","Vochysia","dasyantha",NA,"Vochysia dasyantha","Warm.","Shimizu, GH","2014","Hatschbach, G; Silva, JM","48599","1984","12","04","Southern America","Brasil","Espírito Santo","Ibatiba",NA,"-41.5106010437012","-20.2339000701904",NA,NA,NA,"Árvore, 8m, flor amarela; Córrego esprairado, mata de encosta de morro",NA,NA,NA,NA,"12","03","18895","auto",NA,NA,NA,NA
"155","2020-03-02 13:44:46-03","UFSC","FLOR","15718","PreservedSpecimen","Plantae",NA,"Myrtales","Melastomataceae","Meriania","tetramera",NA,"Meriania tetramera","Wurdack","Wurdack, J.J.",NA,"Hatschbach, G.","46686","1983","08","04",NA,"Brasil","Espírito Santo","Ibatiba","20 km L.","-41.5106010437012","-20.2339000701904",NA,NA,NA,"árvore, flor alvacenta, 6m altura","FLOR0015718",NA,"900","900",NA,NA,"18895","auto",NA,NA,NA,NA
"156","2020-03-02 13:41:23-03","UFSC","FLOR","8371","PreservedSpecimen","Plantae",NA,"Asterales","Asteraceae","Baccharis","platypoda",NA,"Baccharis platypoda","DC.","Hatschbach, G.",NA,"Hatschbach, G.; Silva, J.M.","49395","1985","06","14",NA,"Brasil","Espírito Santo","Ibatiba","Córrego S. João.","-41.5106010437012","-20.2339000701904",NA,NA,NA,"arbusto, flor capítulo creme, 1,5m altura","FLOR0008371","FLOR0008371",NA,NA,NA,NA,"18895","auto",NA,NA,NA,NA
"157","2020-03-02 13:44:59-03","UFSC","FLOR","18969","PreservedSpecimen","Plantae",NA,"Myrtales","Melastomataceae","Ossaea","marginata",NA,"Ossaea marginata","(Desr.) Triana","Souza, M.L.",NA,"Hatschbach, G.; Silva, J.M.","48612","1984","12","04",NA,"Brasil","Espírito Santo","Ibatiba","Córrego S. João II.","-41.5106010437012","-20.2339000701904",NA,NA,NA,"arbusto, flor anteras amarelas, 1,5m altura","FLOR0018969",NA,NA,NA,NA,NA,"18895","auto",NA,NA,NA,NA
"158","2019-09-30 11:22:57-03","IF","SPSF","49113","PreservedSpecimen","Plantae","Magnoliophyta","Caryophyllales","Nyctaginaceae","Guapira","nitida",NA,"Guapira nitida","(Mart.ex J.A.Schmidt) Lundell","E.F.S.Rossetto","2019","J.A.Lombardi & M.N.Saka & L.Biral & L.P. Poli & A.L.Coan","8920","2011","12","15","América do Sul","Brasil","ES","Ibatiba","Fazenda do Carmo Machado","-41.496111","-20.279167",NA,NA,NA,"COLETA: Árvore com aprox. 6m de altura; folhas papiráceas; flores verdes; estigmas brancos.; GEOGRAFIA: Capões de mata secundária de encosta, em cafezal. Santa Maria, divisa Lúna/Ibatiba.;",NA,NA,"851","851","01","16",NA,NA,NA,NA,"Magnoliopsida",NA
"159","2019-11-21 10:02:51-03","IBt","SP","246360","S","Plantae",NA,NA,"Bromeliaceae","Vriesea","carinata","flavominiata","Vriesea carinata flavominiata","Leme",NA,NA,"Leme, EMC; et al.","674","1985","07",NA,NA,"Brasil","Espírito Santo","Ibatiba",NA,"-41.5106010437012","-20.2339000701904",NA,NA,NA,NA,NA,NA,"1100","1100",NA,NA,"18895","auto",NA,NA,NA,NA
