"record_id","modified","institutionCode","collectionCode","catalogNumber","basisOfRecord","kingdom","phylum","order","family","genus","scientificName","scientificNameAuthorship","recordedBy","recordNumber","year","month","day","continentOcean","country","stateProvince","county","locality","decimalLongitude","decimalLatitude","verbatimLongitude","verbatimLatitude","preparationType","occurrenceRemarks","barcode","imagecode","specificEpithet","identifiedBy","yearIdentified","monthIdentified","coordinatePrecision","geoFlag","dayIdentified","class","typeStatus","minimumElevationInMeters","maximumElevationInMeters","relationshipType","relatedCatalogItem"
"1","2019-12-16 17:48:55-03","NYBG","NYBG","01919162","PreservedSpecimen","Plantae","Magnoliophyta","Lamiales","Lamiaceae","Salvia","Salvia","L.","K. Mizoguchi","1491","1981","02","12","South America","Brazil","Minas Gerais","Ipatinga","Cidade Ipatinga, Usiminas Iron works. (Under joint Japanese-Brazilian management), in the outskirts of Usiminas.","-42.5367","-19.4683","-42.5367","-19.4683","sheet","<a href=http://sweetgum.nybg.org/science/vh/specimen_details.php?irn=2142161 target=other class=eLink> <mi>dwc_moreinfo</mi></a>","NY01919162","NY01919162",NA,NA,NA,NA,NA,NA,NA,NA,NA,NA,NA,NA,NA
"2","2019-12-16 17:46:54-03","NYBG","NYBG","931591","PreservedSpecimen","Plantae","Magnoliophyta","Lamiales","Bignoniaceae","Sparattosperma","Sparattosperma",NA,"K. Mizoguchi","1486","1981","02","12","South America","Brazil","Minas Gerais","Ipatinga","Cidade Ipatinga, Usiminas Iron works (under joint Japanese-Brazilian management) in the outskirts of Usiminas.","-42.5367","-19.4683","-42.5367","-19.4683","sheet","<a href=http://sweetgum.nybg.org/science/vh/specimen_details.php?irn=1013920 target=other class=eLink> <mi>dwc_moreinfo</mi></a>","NY00931591","NY00931591",NA,NA,NA,NA,NA,NA,NA,NA,NA,NA,NA,NA,NA
"3","2019-12-16 19:15:57-03","NYBG","NYBG","821569","PreservedSpecimen","Plantae","Pteridophyta","Polypodiales","Pteridaceae","Adiantum","Adiantum latifolium","Lam.","K. Mizoguchi","1498","1981","02","12","South America","Brazil","Minas Gerais","Ipatinga","Cidade Ipatinga, Usiminas Iron works. (under joint Japanese-Brazilian management) in the outskirts of Usiminas.","-42.5367","-19.4683","-42.5367","-19.4683","sheet","<a href=http://sweetgum.nybg.org/science/vh/specimen_details.php?irn=898737 target=other class=eLink> <mi>dwc_moreinfo</mi></a>","NY00821569","NY00821569","latifolium","J. Prado","2006",NA,NA,NA,NA,NA,NA,NA,NA,NA,NA
"4","2019-12-16 17:18:13-03","NYBG","NYBG","00978602","PreservedSpecimen","Plantae","Magnoliophyta","Fabales","Fabaceae","Chamaecrista","Chamaecrista rotundifolia",NA,"K. Mizoguchi","1495","1981","02","12","South America","Brazil","Minas Gerais","Ipatinga","Cidade Ipatinga, Usiminas Iron works (under joint Japanese-Brazilian management) in the outskirts of Usiminas","-42.5367","-19.4683","-42.5367","-19.4683","sheet","<a href=http://sweetgum.nybg.org/science/vh/specimen_details.php?irn=1061198 target=other class=eLink> <mi>dwc_moreinfo</mi></a>","NY00978602","NY00978602","rotundifolia","R. C. Barneby","1988",NA,NA,NA,NA,NA,NA,NA,NA,NA,NA
"5","2019-12-16 18:15:55-03","NYBG","NYBG","00940051","PreservedSpecimen","Plantae","Magnoliophyta","Myrtales","Lythraceae","Cuphea","Cuphea melvilla","Lindl.","K. Mizoguchi","1485","1981","02","12","South America","Brazil","Minas Gerais","Ipatinga","Usina Iron Works. (Under joint Japanese-Brazilian management) in the outskirts of Usiminas.","-42.5367","-19.4683","-42.5367","-19.4683","sheet","<a href=http://sweetgum.nybg.org/science/vh/specimen_details.php?irn=985756 target=other class=eLink> <mi>dwc_moreinfo</mi></a>","NY00940051","NY00940051","melvilla","S. A. T. Graham","2002","06",NA,NA,NA,NA,NA,NA,NA,NA,NA
"6","2019-12-16 19:11:41-03","NYBG","NYBG","821578","PreservedSpecimen","Plantae","Pteridophyta","Gleicheniales","Gleicheniaceae","Dicranopteris","Dicranopteris flexuosa",NA,"K. Mizoguchi","1492","1981","02","12","South America","Brazil","Minas Gerais","Ipatinga","Cidade Ipatinga, Usiminas Iron works. (Under joint Japanese-Brazilian management), in the outskirts of Usiminas.","-42.5367","-19.4683","-42.5367","-19.4683","sheet","<a href=http://sweetgum.nybg.org/science/vh/specimen_details.php?irn=898749 target=other class=eLink> <mi>dwc_moreinfo</mi></a>","NY00821578","NY00821578","flexuosa","J. Prado","2006",NA,NA,NA,NA,NA,NA,NA,NA,NA,NA
"7","2019-12-16 19:11:41-03","NYBG","NYBG","920448","PreservedSpecimen","Plantae","Pteridophyta","Gleicheniales","Gleicheniaceae","Dicranopteris","Dicranopteris flexuosa",NA,"K. Mizoguchi","1492","1981","02","12","South America","Brazil","Minas Gerais","Ipatinga","Usiminas Iron works. (Under Japanese-Brazilian management) in the outskirts of Usiminas.","-42.5367","-19.4683","-42.5367","-19.4683","sheet","<a href=http://sweetgum.nybg.org/science/vh/specimen_details.php?irn=989661 target=other class=eLink> <mi>dwc_moreinfo</mi></a>","NY00920448",NA,"flexuosa","J. Prado","2006",NA,NA,NA,NA,NA,NA,NA,NA,NA,NA
"8","2019-12-16 18:03:10-03","NYBG","NYBG","1281205","PreservedSpecimen","Plantae","Magnoliophyta","Malpighiales","Euphorbiaceae","Euphorbia","Euphorbia","Lanj.","K. Mizoguchi","1504","1981","02","12","South America","Brazil","Minas Gerais","Ipatinga","Cidade Ipatinga, Usiminas Iron works. (Under joint Japanese-Brazilian management), in the outskirts of Usiminas.","-42.5367","-19.4683","-42.5367","-19.4683","sheet","<a href=http://sweetgum.nybg.org/science/vh/specimen_details.php?irn=1679465 target=other class=eLink> <mi>dwc_moreinfo</mi></a>","NY01281205","NY01281205",NA,NA,NA,NA,NA,NA,NA,NA,NA,NA,NA,NA,NA
"9","2019-12-16 16:55:47-03","NYBG","NYBG","00837967","PreservedSpecimen","Plantae","Magnoliophyta","Caryophyllales","Amaranthaceae","Gomphrena","Gomphrena serrata","L.","K. Mizoguchi","1505","1981","02","12","South America","Brazil","Minas Gerais","Ipatinga","Cidade Ipatinga, Usiminas Iron works. (Under joint Japanese-Brazilian management), in the outskirts of Usiminas.","-42.5367","-19.4683","-42.5367","-19.4683","sheet","<a href=http://sweetgum.nybg.org/science/vh/specimen_details.php?irn=930976 target=other class=eLink> <mi>dwc_moreinfo</mi></a>","NY00837967","NY00837967","serrata","M. H. Nee","1990",NA,NA,NA,NA,NA,NA,NA,NA,NA,NA
"10","2019-12-16 16:54:26-03","NYBG","NYBG","00858193","PreservedSpecimen","Plantae","Magnoliophyta","Boraginales","Boraginaceae","Heliotropium","Heliotropium indicum","L.","K. Mizoguchi","1502","1981","02","12","South America","Brazil","Minas Gerais","Ipatinga","Cidade Ipatinga, Usiminas Iron works in the outskirts of Usiminas.","-42.5367","-19.4683","-42.5367","-19.4683","sheet","<a href=http://sweetgum.nybg.org/science/vh/specimen_details.php?irn=953719 target=other class=eLink> <mi>dwc_moreinfo</mi></a>","NY00858193","NY00858193","indicum","J. A. Kallunki","1988",NA,NA,NA,NA,NA,NA,NA,NA,NA,NA
"11","2019-12-16 18:51:06-03","NYBG","NYBG","00644397","PreservedSpecimen","Plantae","Magnoliophyta","Santalales","Loranthaceae","Passovia","Passovia podoptera","(Mart.) Kuijt","K. Mizoguchi","1487","1981","02","12","South America","Brazil","Minas Gerais","Ipatinga","Cidade Ipatinga, Usiminas Iron works (under joint Japanese-Brazilian management) in the outskirts of Usiminas.","-42.5367","-19.4683","-42.5367","-19.4683","sheet","<a href=http://sweetgum.nybg.org/science/vh/specimen_details.php?irn=1121845 target=other class=eLink> <mi>dwc_moreinfo</mi></a>","NY00644397","NY00644397","podoptera",NA,NA,NA,NA,NA,NA,NA,NA,NA,NA,NA,NA
"12","2019-12-16 19:16:48-03","NYBG","NYBG","920402","PreservedSpecimen","Plantae","Pteridophyta","Polypodiales","Thelypteridaceae","Thelypteris","Thelypteris",NA,"K. Mizoguchi","1497","1981","02","12","South America","Brazil","Minas Gerais","Ipatinga","Usina Iron Works. (Under joint Japanese-Brazilian management) in the outskirts of Usiminas.","-42.5367","-19.4683","-42.5367","-19.4683","sheet","<a href=http://sweetgum.nybg.org/science/vh/specimen_details.php?irn=989007 target=other class=eLink> <mi>dwc_moreinfo</mi></a>","NY00920402","NY00920402",NA,NA,NA,NA,NA,NA,NA,NA,NA,NA,NA,NA,NA
"13","2019-12-16 16:52:50-03","NYBG","NYBG","908806","PreservedSpecimen","Plantae","Magnoliophyta","Asterales","Asteraceae","Tridax","Tridax procumbens","L.","K. Mizoguchi","1500","1981","02","12","South America","Brazil","Minas Gerais","Ipatinga","Usiminas Iron works. In the outskirts of Usiminas.","-42.5367","-19.4683","-42.5367","-19.4683","sheet","<a href=http://sweetgum.nybg.org/science/vh/specimen_details.php?irn=978307 target=other class=eLink> <mi>dwc_moreinfo</mi></a>","NY00908806","NY00908806","procumbens","M. H. Nee","2003",NA,NA,NA,NA,NA,NA,NA,NA,NA,NA
"14","2019-12-16 17:32:02-03","NYBG","NYBG","1523081","PreservedSpecimen","Plantae","Magnoliophyta","Fabales","Fabaceae","Zornia","Zornia latifolia","Sm.","K. Mizoguchi","1496","1981","02","12","South America","Brazil","Minas Gerais","Ipatinga","Cidade Ipatinga, Usiminas Iron works (under joint Japanese-Brazilian management) in the outskirts of Usiminas","-42.5367","-19.4683","-42.5367","-19.4683","sheet","<a href=http://sweetgum.nybg.org/science/vh/specimen_details.php?irn=1791239 target=other class=eLink> <mi>dwc_moreinfo</mi></a>","NY01523081","NY01523081","latifolia","A. P. Fortuna Perez","2008",NA,NA,NA,NA,NA,NA,NA,NA,NA,NA
"15","2019-07-11 10:13:56-03","ESALQ","ESA","114517","S","Plantae","Magnoliophyta",NA,"Sapindaceae","Allophylus","Allophylus racemosus",NA,"Coelho, R.","424","2011","03",NA,NA,"Brasil","Minas Gerais","Ipatinga",NA,"-42.5367012023926","-19.4682998657227",NA,NA,NA,NA,"ESA114517","ESA114517","racemosus","Coelho, R.L.G.","2014",NA,"19070","auto",NA,NA,NA,NA,NA,NA,NA
"16","2019-07-11 10:13:56-03","ESALQ","ESA","114518","S","Plantae","Magnoliophyta",NA,"Sapindaceae","Allophylus","Allophylus semidentatus",NA,"Coelho, R.","425","2011","03",NA,NA,"Brasil","Minas Gerais","Ipatinga",NA,"-42.5367012023926","-19.4682998657227",NA,NA,NA,NA,"ESA114518","ESA114518","semidentatus","Coelho, R.L.G.","2014",NA,"19070","auto",NA,NA,NA,NA,NA,NA,NA
"17","2020-02-13 14:11:40-03","MN","R","230441","S","Plantae",NA,NA,"Mayacaceae","Mayaca","Mayaca fluviatilis","Aubl.","Lourenço, A.R.; Pavan, D. 121","30","2016","04","02",NA,"brasil","Minas Gerais","Ipatinga","MG-381 entre Ipatinga e Perpétuo Socorro","-42.5367012023926","-19.4682998657227",NA,NA,NA,NA,"R010061267","R010061267","fluviatilis","Lourenço, A.R.",NA,NA,"19070","auto",NA,NA,NA,NA,NA,NA,NA
"18","2015-07-02 14:55:42-03","JBP","HPL","9518","S","Plantae",NA,NA,"Polygalaceae","Polygala","Polygala",NA,"R. Tsuji","2359","2007","12","01",NA,"Brasil","MG","Ipatinga","Coletado nas proximidades do município de Ipatinga, na estrada para Ipaneminha.","-42.5367","-19.4683",NA,NA,NA,NA,NA,NA,NA,NA,NA,NA,"19070","auto",NA,NA,NA,NA,NA,NA,NA
"19","2015-07-02 14:00:06-03","JBP","HPL","9525","S","Plantae",NA,NA,"Acanthaceae","Ruellia","Ruellia",NA,"R. Tsuji","2366","2007","12","01",NA,"Brasil","MG","Ipatinga","Coletado em frente à Associação Atlética CENIBRA (AAC).","-42.5367","-19.4683",NA,NA,NA,NA,NA,NA,NA,NA,NA,NA,"19070","auto",NA,NA,NA,NA,NA,NA,NA
"20","2015-07-02 14:04:05-03","JBP","HPL","10030","S","Plantae",NA,NA,"Rubiaceae","Simira","Simira",NA,"R. Tsuji & A. Campos-Rocha","2421","2008","01","10",NA,"Brasil","MG","Ipatinga","Coletado nas proximidades do município de Ipatinga; na localidade de Achado.","-42.5367","-19.4683",NA,NA,NA,NA,NA,NA,NA,NA,NA,NA,"19070","auto",NA,NA,NA,NA,NA,NA,NA
"21","2015-07-02 14:01:39-03","JBP","HPL","9516","S","Plantae",NA,NA,"Elaeocarpaceae","Sloanea","Sloanea retusa",NA,"R. Tsuji","2357","2007","12","01",NA,"Brasil","MG","Ipatinga","Coletado nas proximidades do município de Ipatinga, na estrada Ipaneminha-Achado.","-42.5367","-19.4683",NA,NA,NA,NA,NA,NA,"retusa","R. Tsuji","2007","12","19070","auto","01",NA,NA,NA,NA,NA,NA
"22","2015-07-02 14:02:09-03","JBP","HPL","9521","S","Plantae",NA,NA,"Fabaceae-Mimosoideae","Stryphnodendron","Stryphnodendron polyphyllum",NA,"R. Tsuji","2362","2007","12","01",NA,"Brasil","MG","Ipatinga","Coletado nas proximidades do município de Ipatinga, na estrada para Lagoa do Jacaré, CENIBRA.","-42.5367","-19.4683",NA,NA,NA,NA,NA,NA,"polyphyllum","R. Tsuji","2007","12","19070","auto","01",NA,NA,NA,NA,NA,NA
"23","2015-07-02 14:01:48-03","JBP","HPL","13628","S","Plantae",NA,NA,"Fabaceae","Swartzia","Swartzia oblata","R.S.Cowan","R. Tsuji","2238",NA,NA,NA,NA,"Brasil","MG","Ipatinga","CENIBRA - entre Governador Valadares e Ipatinga, logo após o trevo para Belo Oriente.","-42.5367","-19.4683",NA,NA,NA,NA,NA,NA,"oblata",NA,NA,NA,"19070","auto",NA,NA,NA,NA,NA,NA,NA
"24","2015-07-02 14:03:25-03","JBP","HPL","10022","S","Plantae",NA,NA,"Myrtaceae","Syzigium","Syzigium jambo","(L.) Alston","R. Tsuji & A. Campos-Rocha","2413","2008","01","10",NA,"Brasil","MG","Ipatinga","Coletado nas proximidades do município de Ipatinga; sentido localidade de Achado, ca. 2,1km do entroncamento Ipaneminha-Achado.","-42.5367","-19.4683",NA,NA,NA,NA,NA,NA,"jambo","R. Tsuji","2008","01","19070","auto","10",NA,NA,NA,NA,NA,NA
"25","2015-07-02 14:41:56-03","JBP","HPL","10557","S","Plantae",NA,NA,"Apocynaceae","Tabernaemontana","Tabernaemontana",NA,"R. Tsuji","2229","2007","09","29",NA,"Brasil","MG","Ipatinga","Coletado na localidade de Ipaneminha, na estrada para Belo Oriente.","-42.5367","-19.4683",NA,NA,NA,NA,NA,NA,NA,NA,NA,NA,"19070","auto",NA,NA,NA,NA,NA,NA,NA
"26","2015-07-02 14:41:56-03","JBP","HPL","9512","S","Plantae",NA,NA,"Apocynaceae","Tabernaemontana","Tabernaemontana",NA,"R. Tsuji","2353","2007","12","01",NA,"Brasil","MG","Ipatinga","Coletado nas proximidades do município de Ipatinga, na estrada para Ipaneminha.","-42.5367","-19.4683",NA,NA,NA,NA,NA,NA,NA,NA,NA,NA,"19070","auto",NA,NA,NA,NA,NA,NA,NA
"27","2015-07-02 14:04:25-03","JBP","HPL","9517","S","Plantae",NA,NA,"Theophrastaceae",NA,NA,NA,"R. Tsuji","2358","2007","12","01",NA,"Brasil","MG","Ipatinga","Coletado nas proximidades do município de Ipatinga, na estrada Ipaneminha-Achado.","-42.5367","-19.4683",NA,NA,NA,NA,NA,NA,NA,NA,NA,NA,"19070","auto",NA,NA,NA,NA,NA,NA,NA
"28","2015-07-02 14:01:42-03","JBP","HPL","9519","S","Plantae",NA,NA,"Euphorbiaceae","Alchornea","Alchornea triplinervis",NA,"R. Tsuji","2360","2007","12","01",NA,"Brasil","MG","Ipatinga","Coletado nas proximidades do município de Ipatinga, na estrada Ipaneminha-Achado.","-42.5367","-19.4683",NA,NA,NA,NA,NA,NA,"triplinervis","R. Tsuji","2007","12","19070","auto","01",NA,NA,NA,NA,NA,NA
"29","2015-07-02 14:00:15-03","JBP","HPL","11833","S","Plantae",NA,NA,"Annonaceae","Annona","Annona sylvatica","A. St.-Hil.","H. Lorenzi","6727","2009","09","09",NA,"Brasil","MG","Ipatinga","Coletado em Ipaneminha.","-42.5367","-19.4683",NA,NA,NA,NA,NA,NA,"sylvatica","V.C. Souza","2011","03","19070","auto","07",NA,NA,NA,NA,NA,NA
"30","2015-07-02 14:00:15-03","JBP","HPL","6970","S","Plantae",NA,NA,"Annonaceae","Annona","Annona sylvatica","A. St.-Hil.","R. Tsuji, H. Lorenzi et al.","1549","2007","01","27",NA,"Brasil","MG","Ipatinga","Coletado nas proximidades da cidade subindo em direção a Ipaneminha-ES","-42.5367","-19.4683",NA,NA,NA,NA,NA,NA,"sylvatica","V.C. Souza","2011","03","19070","auto","07",NA,NA,NA,NA,NA,NA
"31","2015-07-02 14:00:15-03","JBP","HPL","8313","S","Plantae",NA,NA,"Annonaceae","Annona","Annona sylvatica","A. St.-Hil.","R. Tsuji","1549","2007","01","27",NA,"Brasil","MG","Ipatinga","Coletado nas proximidades do município de Ipatinga; na estrada para Ipaneminha.","-42.5367","-19.4683",NA,NA,NA,NA,NA,NA,"sylvatica","V.C. Souza","2011","03","19070","auto","07",NA,NA,NA,NA,NA,NA
"32","2015-07-02 14:42:04-03","JBP","HPL","10028","S","Plantae",NA,NA,"Aristolochiaceae","Aristolochia","Aristolochia aff. chiquitensis","Duch.","R. Tsuji & A. Campos-Rocha","2419","2008","01","10",NA,"Brasil","MG","Ipatinga","Coletado nas proximidades do município de Ipatinga; na localidade de Achado, em beira de estrada de terra.","-42.5367","-19.4683",NA,NA,NA,NA,NA,NA,"aff. chiquitensis","D.S. Gissi","2011","02","19070","auto","15",NA,NA,NA,NA,NA,NA
"33","2015-07-02 14:00:19-03","JBP","HPL","6968","S","Plantae",NA,NA,"Apocynaceae","Aspidosperma","Aspidosperma",NA,"R. Tsuji, H. Lorenzi et al.","1545","2007","01","27",NA,"Brasil","MG","Ipatinga","Coletado nas proximidades da cidade subindo em direção a Ipaneminha-ES 19°25'01,7''S 42°38'20,8''W.","-42.5367","-19.4683",NA,NA,NA,NA,NA,NA,NA,NA,NA,NA,"19070","auto",NA,NA,NA,NA,NA,NA,NA
"34","2015-07-02 14:03:57-03","JBP","HPL","9515","S","Plantae",NA,NA,"Rubiaceae","Bathysa","Bathysa",NA,"R. Tsuji","2356","2007","12","01",NA,"Brasil","MG","Ipatinga","Coletado nas proximidades do município de Ipatinga, na estrada para Ipaneminha.","-42.5367","-19.4683",NA,NA,NA,NA,NA,NA,NA,NA,NA,NA,"19070","auto",NA,NA,NA,NA,NA,NA,NA
"35","2015-07-02 14:04:08-03","JBP","HPL","10029","S","Plantae",NA,NA,"Salicaceae","Casearia","Casearia commersoniana","Cambess.","R. Tsuji & A. Campos-Rocha","2420","2008","01","10",NA,"Brasil","MG","Ipatinga","Coletado nas proximidades do município de Ipatinga; na localidade de Achado.","-42.5367","-19.4683",NA,NA,NA,NA,NA,NA,"commersoniana","R. Tsuji","2008","01","19070","auto","10",NA,NA,NA,NA,NA,NA
"36","2015-07-02 14:04:31-03","JBP","HPL","9514","S","Plantae",NA,NA,"Vitaceae","Cissus","Cissus subrhomboidea","(Baker) Planch.","R. Tsuji","2355","2007","12","01",NA,"Brasil","MG","Ipatinga","Coletado nas proximidades do município de Ipatinga, estrada entre o bairro Ipaneminha e Achado, lado direito da estrada de terra, proximo a E. robusto-venosa.","-42.5367","-19.4683",NA,NA,NA,NA,NA,NA,"subrhomboidea","J.A. Lombardi","2012","02","19070","auto","09",NA,NA,NA,NA,NA,NA
"37","2015-07-02 14:01:27-03","JBP","HPL","10027","S","Plantae",NA,NA,"Clethraceae","Clethra","Clethra scabra","Pers.","R. Tsuji & A. Campos-Rocha","2418","2008","01","10",NA,"Brasil","MG","Ipatinga","Coletado nas proximidades do município de Ipatinga; na localidade de Achado.","-42.5367","-19.4683",NA,NA,NA,NA,NA,NA,"scabra","V.C. Souza","2013","03","19070","auto","01",NA,NA,NA,NA,NA,NA
"38","2015-07-02 14:01:15-03","JBP","HPL","6991","S","Plantae",NA,NA,"Boraginaceae","Cordia","Cordia",NA,"R. Tsuji, H. Lorenzi et al.","1571","2006","01","28",NA,"Brasil","MG","Ipatinga","Coletado em beira de estrada sentido Governador Valadares, 19°21'34,4''S; 42°26'47,8''W","-42.5367","-19.4683",NA,NA,NA,NA,NA,NA,NA,NA,NA,NA,"19070","auto",NA,NA,NA,NA,NA,NA,NA
"39","2015-07-02 14:02:52-03","JBP","HPL","6969","S","Plantae",NA,NA,"Marantaceae","Ischnosiphon","Ischnosiphon ovatus","Koern.","R. Tsuji, H. Lorenzi et al.","1548","2007","01","27",NA,"Brasil","MG","Ipatinga","Coletado nas proximidades da cidade subindo em direção a Ipaneminha-ES 19°25'01,7''S 42°38'20,8''W.","-42.5367","-19.4683",NA,NA,NA,NA,NA,NA,"ovatus","S. Vieira","2008","11","19070","auto","05",NA,NA,NA,NA,NA,NA
"40","2015-07-02 14:01:24-03","JBP","HPL","9523","S","Plantae",NA,NA,"Chrysobalanaceae","Licania","Licania",NA,"R. Tsuji","2364","2007","12","01",NA,"Brasil","MG","Ipatinga","Coletado nas proximidades do município de Ipatinga, na estrada para Lagoa do Jacaré, CENIBRA.","-42.5367","-19.4683",NA,NA,NA,NA,NA,NA,NA,NA,NA,NA,"19070","auto",NA,NA,NA,NA,NA,NA,NA
"41","2015-07-02 14:01:26-03","JBP","HPL","6971","S","Plantae",NA,NA,"Chrysobalanaceae","Licania","Licania kunthiana",NA,"R. Tsuji, H. Lorenzi et al.","1550","2007","01","27",NA,"Brasil","MG","Ipatinga","Coletado nas proximidades da cidade subindo em direção a Ipaneminha-ES","-42.5367","-19.4683",NA,NA,NA,NA,NA,NA,"kunthiana","R. Tsuji","2007","01","19070","auto","27",NA,NA,NA,NA,NA,NA
"42","2015-07-02 14:01:26-03","JBP","HPL","9513","S","Plantae",NA,NA,"Chrysobalanaceae","Licania","Licania kunthiana",NA,"R. Tsuji","2354","2007","12","01",NA,"Brasil","MG","Ipatinga","Coletado nas proximidades do município de Ipatinga, na estrada para Ipaneminha.","-42.5367","-19.4683",NA,NA,NA,NA,NA,NA,"kunthiana","R. Tsuji","2007","12","19070","auto","01",NA,NA,NA,NA,NA,NA
"43","2015-07-02 14:01:26-03","JBP","HPL","13631","S","Plantae",NA,NA,"Chrysobalanaceae","Licania","Licania kunthiana","Hook.f.","R. Tsuji","2234",NA,NA,NA,NA,"Brasil","MG","Ipatinga","Estrada entre Ipatinga e Ipaneminha, logo após a segunda entrada para Tribuna.","-42.5367","-19.4683",NA,NA,NA,NA,NA,NA,"kunthiana",NA,NA,NA,"19070","auto",NA,NA,NA,NA,NA,NA,NA
"44","2015-07-02 14:02:21-03","JBP","HPL","10026","S","Plantae",NA,NA,"Hypericaceae","Vismia","Vismia",NA,"R. Tsuji & A. Campos-Rocha","2417","2008","01","10",NA,"Brasil","MG","Ipatinga","Coletado nas proximidades do município de Ipatinga; na localidade de Achado.","-42.5367","-19.4683",NA,NA,NA,NA,NA,NA,NA,NA,NA,NA,"19070","auto",NA,NA,NA,NA,NA,NA,NA
"45","2015-07-02 14:02:10-03","JBP","HPL","9373","S","Plantae",NA,NA,"Fabaceae-Mimosoideae","Zygia","Zygia latifolia",NA,"R. Tsuji","2083","2007","08","26",NA,"Brasil","MG","Ipatinga","Coletado no Clube da CENIBRA; próximo à lagoa.","-42.5367","-19.4683",NA,NA,NA,NA,NA,NA,"latifolia","R. Tsuji","2007","08","19070","auto","26",NA,NA,NA,NA,NA,NA
"46","2015-07-02 14:02:10-03","JBP","HPL","9524","S","Plantae",NA,NA,"Fabaceae-Mimosoideae","Zygia","Zygia latifolia",NA,"R. Tsuji","2365","2007","12","01",NA,"Brasil","MG","Ipatinga","Coletado na Associação Atlética CENIBRA (AAC); às margens da Lagoa da Marola.","-42.5367","-19.4683",NA,NA,NA,NA,NA,NA,"latifolia","R. Tsuji","2007","12","19070","auto","01",NA,NA,NA,NA,NA,NA
"47","2020-03-10 08:30:07-03","UFV","VIC","44459","PreservedSpecimen","Plantae",NA,NA,"Pestalotiopsidaceae","Neopestalotiopsis","Neopestalotiopsis rosae","Maharachch., K.D. Hyde & Crous","CENIBRA","DOA 1431 07 CN","2017","07","05",NA,"Brasil","Minas Gerais","Ipatinga","CENIBRA","-42.5367012023926","-19.4682998657227",NA,NA,NA,"Eucalyptus","VIC044459",NA,"rosae",NA,NA,NA,"19070","auto",NA,NA,NA,NA,NA,NA,NA
"48","2020-03-10 08:30:07-03","UFV","VIC","44466","PreservedSpecimen","Plantae",NA,NA,"Pestalotiopsidaceae","Neopestalotiopsis","Neopestalotiopsis rosae","Maharachch., K.D. Hyde & Crous","CENIBRA","DOA 1508 Menice","2018","03","20",NA,"Brasil","Minas Gerais","Ipatinga","CENIBRA","-42.5367012023926","-19.4682998657227",NA,NA,NA,"Eucalyptus hibrido","VIC044466",NA,"rosae",NA,NA,NA,"19070","auto",NA,NA,NA,NA,NA,NA,NA
"49","2020-03-10 08:29:36-03","UFV","VIC","21874F","PreservedSpecimen","Plantae",NA,NA,"Mycosphaerellaceae","Mycovellosiella","Mycovellosiella lantane","(Chupp) Deighton","Pereira, Mauricio J","93","1996","08","28",NA,"Brasil","Minas Gerais","Ipatinga","Rodovia Governador Valadares","-42.5367012023926","-19.4682998657227",NA,NA,NA,"Lantana camara L.","VIC21874F",NA,"lantane",NA,NA,NA,"19070","auto",NA,NA,NA,NA,NA,NA,NA
"50","2019-11-21 14:47:18-03","UFJF","CESJ","27098","PreservedSpecimen","Plantae","Angiosperma",NA,"Verbenaceae","Lantana","Lantana camara","L.","C.P.Guerra","05","1990","04","30","América do Sul","Brasil","Minas Gerais","Ipatinga","Coletada na Fazenda do Sr.Valquir no bairro limoeiro.","-42.5367012023926","-19.4682998657227",NA,NA,NA,"Arbustiva.","CESJ027098",NA,"camara","T.R.S. Silva","1999","10","19070","auto",NA,NA,NA,NA,NA,NA,NA
"51","2019-11-21 14:33:22-03","UFJF","CESJ","43652","PreservedSpecimen","Plantae","Angiosperma",NA,"Chrysobalanaceae","Hirtella","Hirtella gracilipes","(Hook.f.) Prance","G.S. França","s.n.","2003","09","04","América do Sul","Brasil","Minas Gerais","Ipatinga","Ponte Perdida","-42.5367012023926","-19.4682998657227",NA,NA,NA,"Arboreo-3,5m,Mata Ciliar.","CESJ043652",NA,"gracilipes",NA,NA,NA,"19070","auto",NA,NA,NA,NA,NA,NA,NA
"52","2019-08-20 10:25:40-03","UNICAMP","UEC","167907","S","Plantae","Magnoliopsida",NA,"Sapindaceae","Allophylus","Allophylus sericeus","Radlk.","Coelho, R; Zoca, M","425","2011","03",NA,NA,"Brazil","Minas Gerais","Ipatinga","Estrada para Caratinga.","-42.5367012023926","-19.4682998657227",NA,NA,NA,"Arvoreta de 3 m. Frutos vermelhos maduros.","UEC091988","UEC091988","sericeus",NA,NA,NA,"19070","auto",NA,NA,NA,NA,NA,NA,NA
"53","2019-08-20 10:25:40-03","UNICAMP","UEC","167878","S","Plantae","Magnoliopsida",NA,"Sapindaceae","Allophylus","Allophylus sericeus","Radlk.","Coelho, R; Zoca, M","424","2011","03",NA,NA,"Brazil","Minas Gerais","Ipatinga","Estrada para Caratinga.","-42.5367012023926","-19.4682998657227",NA,NA,NA,"Árvore de 6 m alt.","UEC091986","UEC091986","sericeus",NA,NA,NA,"19070","auto",NA,NA,NA,NA,NA,NA,NA
"54","2019-11-05 16:32:31-03","UFOP","OUPR","8968","PreservedSpecimen","Plantae",NA,NA,"Adoxaceae","Sambucus","Sambucus australis","Cham. & Schltdl.","Queiroz, D.A.","s.n.","1999","10","25",NA,"Brasil","Minas Gerais","Ipatinga","Bairro Limoeiro","-42.5367012023926","-19.4682998657227",NA,NA,NA,"Arbusto. Cultivado",NA,NA,"australis","Queiroz, D.A.","2000","03","19070","auto","15",NA,NA,NA,NA,NA,NA
"55","2019-11-05 16:45:09-03","UFOP","OUPR","22765","PreservedSpecimen","Plantae",NA,NA,"Asteraceae","Mikania","Mikania glomerata","Spreng.","Silva, C.C.","s.n.","2003","01","14",NA,"Brasil","Minas Gerais","Ipatinga","Parque Ipanema","-42.5367012023926","-19.4682998657227",NA,NA,NA,"Região Sul e Sudeste do Brasil, nas matas e cerrados. Planta trepadeira arbustiva",NA,NA,"glomerata","Silva, C.C.","2003","01","19070","auto","14",NA,NA,NA,NA,NA,NA
"56","2019-11-06 09:56:59-03","UFOP","OUPR","19363","PreservedSpecimen","Plantae",NA,NA,"Phyllanthaceae","Phyllanthus","Phyllanthus tenellus","Roxb.","Silva, C.C.","s.n.","2003","01","14",NA,"Brasil","Minas Gerais","Ipatinga","Parque Ipanema","-42.5367012023926","-19.4682998657227",NA,NA,NA,"Locais úmidpos e de meia sombra",NA,NA,"tenellus","Martins, E.R.","2011","12","19070","auto","07",NA,NA,NA,NA,NA,NA
"57","2019-11-05 16:32:31-03","UFOP","OUPR","6977","PreservedSpecimen","Plantae",NA,NA,"Amaranthaceae",NA,NA,NA,"Queiroz, D.A.","s.n.","1998","05","15",NA,"Brasil","Minas Gerais","Ipatinga","Horto Medicinal do Laboratório de Fitoterapia da Prefeitura de Ipatinga.","-42.5367012023926","-19.4682998657227",NA,NA,NA,"Erva. Flores com cálice verde claro e corola amarela. Folhas verde escuro. Cultivado.",NA,NA,NA,NA,NA,NA,"19070","auto",NA,NA,NA,NA,NA,NA,NA
"58","2019-11-06 09:55:53-03","UFOP","OUPR","6973","PreservedSpecimen","Plantae",NA,NA,"Lamiaceae",NA,NA,NA,"Queiroz, D.A.","s.n.","1998","05","15",NA,"Brasil","Minas Gerais","Ipatinga","Horto Medicinal do Laboratório de Fitoterapia da Prefeitura de Ipatinga.","-42.5367012023926","-19.4682998657227",NA,NA,NA,"Erva. Flor com cálice verde e corola branca. Folhas verde-claras. Cultivado.",NA,NA,NA,NA,NA,NA,"19070","auto",NA,NA,NA,NA,NA,NA,NA
"59","2019-11-06 09:55:53-03","UFOP","OUPR","6975","PreservedSpecimen","Plantae",NA,NA,"Lamiaceae",NA,NA,NA,"Fragoas, O.C.A.","s.n.","1998","05","15",NA,"Brasil","Minas Gerais","Ipatinga","Horto Medicinal do Laboratório de Fitoterapia da Prefeitura de Ipatinga.","-42.5367012023926","-19.4682998657227",NA,NA,NA,"Erva. Flores com cálice arroxeado e corola branca. Caule arroxeado. Folhas verde-escuras. Cultivado.",NA,NA,NA,NA,NA,NA,"19070","auto",NA,NA,NA,NA,NA,NA,NA
"60","2019-11-05 16:32:31-03","UFOP","OUPR","6979","PreservedSpecimen","Plantae",NA,NA,"Amaranthaceae",NA,NA,NA,"Queiroz, D.A.","s.n.","1998","05","15",NA,"Brasil","Minas Gerais","Ipatinga","Horto Medicinal do Laboratório de Fitoterapia da Prefeitura de Ipatinga.","-42.5367012023926","-19.4682998657227",NA,NA,NA,"Erva. Flores brancas. Folhas verdes e caule avermelhado. Cultivado.",NA,NA,NA,NA,NA,NA,"19070","auto",NA,NA,NA,NA,NA,NA,NA
"61","2019-11-05 16:32:31-03","UFOP","OUPR","6978","PreservedSpecimen","Plantae",NA,NA,"Amaranthaceae",NA,NA,NA,"Fragoas, O.C.A.","s.n.","1998","05","15",NA,"Brasil","Minas Gerais","Ipatinga","Horto Medicinal do Laboratório de Fitoterapia da Prefeitura de Ipatinga.","-42.5367012023926","-19.4682998657227",NA,NA,NA,"Erva. Folhas verde-claras, amareladas quando novas. Flores brancas. Cultivado.",NA,NA,NA,NA,NA,NA,"19070","auto",NA,NA,NA,NA,NA,NA,NA
"62","2019-11-06 09:55:53-03","UFOP","OUPR","6974","PreservedSpecimen","Plantae",NA,NA,"Lamiaceae",NA,NA,NA,"Queiroz, D.A.","s.n.",NA,NA,NA,NA,"Brasil","Minas Gerais","Ipatinga","Horto Medicinal do Laboratório de Fitoterapia da Prefeitura de Ipatinga.","-42.5367012023926","-19.4682998657227",NA,NA,NA,"Erva. Flores com cálice verde e corola branca. Folhas verde claras. Cultivado.",NA,NA,NA,NA,NA,NA,"19070","auto",NA,NA,NA,NA,NA,NA,NA
"63","2019-11-06 09:57:17-03","UFOP","OUPR","8967","PreservedSpecimen","Plantae",NA,NA,"Pteridaceae","Adiantum","Adiantum capillus-veneris","L.","Queiroz, D.A.","s.n.","1999","10","25",NA,"Brasil","Minas Gerais","Ipatinga","Bairro Cariru","-42.5367012023926","-19.4682998657227",NA,NA,NA,"Erva. Cultivado.",NA,NA,"capillus-veneris","Queiroz, D.A.","2000","03","19070","auto","15",NA,NA,NA,NA,NA,NA
"64","2019-11-05 16:32:31-03","UFOP","OUPR","6980","PreservedSpecimen","Plantae",NA,NA,"Amaranthaceae","Alternanthera","Alternanthera","Forssk.","Fragoas, O.C.A.","s.n.","1998","05","15",NA,"Brasil","Minas Gerais","Ipatinga","Horto Medicinal do Laboratório de Fitoterapia da Prefeitura de Ipatinga.","-42.5367012023926","-19.4682998657227",NA,NA,NA,"Erva. Folhas e caule roxos. Flor branca. Cultivado.",NA,NA,NA,NA,NA,NA,"19070","auto",NA,NA,NA,NA,NA,NA,NA
"65","2019-11-06 09:55:00-03","UFOP","OUPR","19366","PreservedSpecimen","Plantae",NA,NA,"Equisetaceae","Equisetum","Equisetum giganteum","L.","Silva, C.C.","s.n.","2003","01","14",NA,"Brasil","Minas Gerais","Ipatinga","Parque Ipanema","-42.5367012023926","-19.4682998657227",NA,NA,NA,"Terreno arenosos e úmido",NA,NA,"giganteum","Silva, C.C.","2003","01","19070","auto","14",NA,NA,NA,NA,NA,NA
"66","2019-11-05 16:45:19-03","UFOP","OUPR","6976","PreservedSpecimen","Plantae",NA,NA,"Asteraceae","Solidago","Solidago microglossa","DC.","Queiroz, D.A.","s.n.","1998","05","15",NA,"Brasil","Minas Gerais","Ipatinga","Horto Medicinal do Laboratório de Fitoterapia da Prefeitura de Ipatinga","-42.5367012023926","-19.4682998657227",NA,NA,NA,"Cultivado. Erva. Folhas verde escuro. Corola amarela. Cálice verde",NA,NA,"microglossa","Messias, M.C.T.B.","2002","10","19070","auto",NA,NA,NA,NA,NA,NA,NA
"67","2013-04-01 09:19:51-03","IPT","BCTW","19829","S","Plantae","Magnoliophyta",NA,NA,"Sloanea","Sloanea retusa","Uittien","Lorenzi, H.","457",NA,NA,NA,NA,"Brasil","Minas Gerais","Ipatinga",NA,"-42.5367","-19.4683",NA,NA,NA,NA,NA,NA,"retusa","Instituto Plantarum",NA,NA,"19070","auto",NA,"Magnoliopsida",NA,NA,NA,NA,NA
"68","2013-04-01 09:20:22-03","IPT","BCTW","19806","S","Plantae","Magnoliophyta",NA,NA,"Vismia","Vismia sp.",NA,"Lorenzi, H.","504",NA,NA,NA,NA,"Brasil","Minas Gerais","Ipatinga",NA,"-42.5367","-19.4683",NA,NA,NA,NA,NA,NA,"sp.","Instituto Plantarum",NA,NA,"19070","auto",NA,"Magnoliopsida",NA,NA,NA,NA,NA
"69","2019-12-06 15:08:06-03","MBM","MBM","409955","S","Plantae",NA,NA,"Myrtaceae","Eugenia","Eugenia grandissima","Sobral, Mazine & E.A.D. Melo","Sobral, M.; Melo, E.A.D.; Melo, E.A.D.","15783","2016","02","17","Southern America","Brazil","Minas Gerais","Ipatinga","Bairro Ipanemão","-42.163889","-19.419722","-42.163889","-19.419722",NA,NA,"MBM409955","MBM409955","grandissima",NA,NA,NA,NA,NA,NA,NA,"ISOTYPE","596","596",NA,NA
"70","2020-02-18 22:20:31-03","UFMG","BHCB","56418","PreservedSpecimen","Plantae","Dicotyledon",NA,"Podostemaceae","Cipoia","Cipoia inserta","C.T.Philbrick, Novelo & Irgang","Philbrick, CT; et al.","s.n.","2001","07","13","Southern America","Brasil","Minas Gerais","Ipatinga","Rio Doce.","-42.477222","-19.48","-42.477222","-19.48",NA,NA,NA,NA,"inserta",NA,NA,NA,NA,NA,NA,NA,NA,"239","239",NA,NA
"71","2019-10-02 15:00:05-03","UFMG","BHCB","189916","PreservedSpecimen","Plantae","Dicotyledon",NA,"Myrtaceae","Eugenia","Eugenia grandissima","Sobral, Mazine & E.A.D.Melo","Sobral, M; Melo, EA","15783","2016","02","17","Southern America","Brasil","Minas Gerais","Ipatinga","Bairro Ipanemão","-42.163889","-19.419722","-42.163889","-19.419722",NA,"Arvoreta ca. 5 metros, com dois ou três troncos crescendo a partir de um mesmo ponto, o maior com ca. 100 mm de diâmetro à altura do peito, flores com sépalas castanhas e pétalas brancas, com odor suave","BHCB189916",NA,"grandissima",NA,"2016",NA,NA,NA,NA,NA,"Isotypus","596","596",NA,NA
"72","2019-10-02 15:08:21-03","UFMG","BHCB","68775","PreservedSpecimen","Plantae","Monocotyledon",NA,"Poaceae","Gynerium","Gynerium sagittatum","(Aubl.) P.Beauv.","Greco, MKB","s.n.","2002","01","21","Southern America","Brasil","Minas Gerais","Ipatinga","Rio Doce.",NA,"-19.466667",NA,"-19.466667",NA,NA,NA,NA,"sagittatum",NA,NA,NA,NA,NA,NA,NA,NA,NA,NA,NA,NA
"73","2019-10-02 14:52:41-03","UFMG","BHCB","83062","PreservedSpecimen","Plantae","Dicotyledon",NA,"Elaeocarpaceae","Sloanea","Sloanea guianensis","(Aubl.) Benth.","França, GS","411","2003","09","04","Southern America","Brasil","Minas Gerais","Ipatinga","Ponte perdida","-42.521667","-19.554167","-42.521667","-19.554167",NA,"Arbóreo 6 met, flores amarelas; Mata ciliar","BHCB020308",NA,"guianensis",NA,"2015",NA,NA,NA,NA,NA,NA,"140","140",NA,NA
"74","2019-10-02 15:08:43-03","UFMG","BHCB","68776","PreservedSpecimen","Plantae","Monocotyledon",NA,"Poaceae","Urochloa","Urochloa mutica","(Forssk.) T.Q.Nguyen","Greco, MKB","s.n.","2002","01","21","Southern America","Brasil","Minas Gerais","Ipatinga","Rio Doce.",NA,"-19.466667",NA,"-19.466667",NA,NA,NA,NA,"mutica",NA,NA,NA,NA,NA,NA,NA,NA,NA,NA,NA,NA
"75","2019-10-02 14:55:01-03","UFMG","BHCB","22307","PreservedSpecimen","Plantae","Dicotyledon",NA,"Lacistemataceae","Lacistema","Lacistema pubescens","Mart.","Costa, LV; Atalla, NC","s.n.","1992","09","30","Southern America","Brasil","Minas Gerais","Ipatinga",NA,"-42.5367012023926","-19.4682998657227",NA,NA,NA,NA,NA,NA,"pubescens",NA,NA,NA,"19070","auto",NA,NA,NA,NA,NA,NA,NA
"76","2019-10-24 17:20:27-03","UFMG","BHCB","22284","PreservedSpecimen","Plantae","Dicotyledon",NA,"Piperaceae","Piper","Piper klotzschianum","(Kunth) C.DC.","Costa, LV; Atalla, NC","s.n.","1992","09","29","Southern America","Brasil","Minas Gerais","Ipatinga",NA,"-42.5367012023926","-19.4682998657227",NA,NA,NA,"Cenibra, Projeto Cenibra II.; Arbustivo.; Sub-bosque de eucalipto.","BHCB052481",NA,"klotzschianum",NA,"1995","07","19070","auto",NA,NA,NA,NA,NA,NA,NA
"77","2019-10-02 15:01:33-03","UFMG","BHCB","22284","PreservedSpecimen","Plantae","Dicotyledon",NA,"Piperaceae","Piper","Piper klotzschianum","(Kunth) C.DC.","Costa, LV; Atalla, NC","s.n.","1992","09","29","Southern America","Brasil","Minas Gerais","Ipatinga",NA,"-42.5367012023926","-19.4682998657227",NA,NA,NA,NA,NA,NA,"klotzschianum",NA,NA,NA,"19070","auto",NA,NA,NA,NA,NA,NA,NA
"78","2019-10-02 14:56:30-03","UFMG","BHCB","17648","PreservedSpecimen","Plantae","Dicotyledon",NA,"Malvaceae","Sida","Sida",NA,"Guerra, CP","2","1990","04","30","Southern America","Brasil","Minas Gerais","Ipatinga",NA,"-42.5367012023926","-19.4682998657227",NA,NA,NA,NA,"BHCB045432",NA,NA,NA,NA,NA,"19070","auto",NA,NA,NA,NA,NA,NA,NA
"79","2019-10-02 15:01:31-03","UFMG","BHCB","22282","PreservedSpecimen","Plantae","Dicotyledon",NA,"Piperaceae","Piper","Piper","L.","Costa, LV; Atalla, NC","s.n.","1992","09","29","Southern America","Brasil","Minas Gerais","Ipatinga",NA,"-42.5367012023926","-19.4682998657227",NA,NA,NA,NA,NA,NA,NA,NA,NA,NA,"19070","auto",NA,NA,NA,NA,NA,NA,NA
"80","2019-10-02 15:04:54-03","UFMG","BHCB","17658","PreservedSpecimen","Plantae","Dicotyledon",NA,"Verbenaceae","Lantana","Lantana camara","L.","Guerra, CP","5","1990","04","30","Southern America","Brasil","Minas Gerais","Ipatinga",NA,"-42.5367012023926","-19.4682998657227",NA,NA,NA,NA,NA,NA,"camara",NA,NA,NA,"19070","auto",NA,NA,NA,NA,NA,NA,NA
"81","2019-10-02 14:56:37-03","UFMG","BHCB","17650","PreservedSpecimen","Plantae","Dicotyledon",NA,"Malvaceae","Wissadula","Wissadula amplissima","(L.) R.E.Fr.","Guerra, CP","4","1990","04","30","Southern America","Brasil","Minas Gerais","Ipatinga",NA,"-42.5367012023926","-19.4682998657227",NA,NA,NA,NA,NA,NA,"amplissima",NA,NA,NA,"19070","auto",NA,NA,NA,NA,NA,NA,NA
"82","2019-10-02 15:01:31-03","UFMG","BHCB","22282","PreservedSpecimen","Plantae","Dicotyledon",NA,"Piperaceae","Piper","Piper","L.","Costa, LV; Atalla, NC","s.n.","1992","09","29","Southern America","Brasil","Minas Gerais","Ipatinga",NA,"-42.5367012023926","-19.4682998657227",NA,NA,NA,NA,NA,NA,NA,NA,NA,NA,"19070","auto",NA,NA,NA,NA,NA,NA,NA
"83","2019-10-02 15:00:36-03","UFMG","BHCB","22301","PreservedSpecimen","Plantae","Dicotyledon",NA,"Myrtaceae","Myrcia","Myrcia splendens","(Sw.) DC.","Costa, LV; Atalla, NC","s.n.","1992","09","28","Southern America","Brasil","Minas Gerais","Ipatinga",NA,"-42.5367012023926","-19.4682998657227",NA,NA,NA,"Arbóreo, 13m; Floresta Atlântica","BHCB018142",NA,"splendens",NA,"2014","08","19070","auto","12",NA,NA,NA,NA,NA,NA
"84","2019-10-02 14:59:40-03","UFMG","BHCB","25583","PreservedSpecimen","Plantae","Dicotyledon",NA,"Moraceae","Ficus","Ficus eximia","Schott",NA,"s.n.",NA,NA,NA,"Southern America","Brasil","Minas Gerais","Ipatinga",NA,"-42.5367012023926","-19.4682998657227",NA,NA,NA,NA,NA,NA,"eximia",NA,NA,NA,"19070","auto",NA,NA,NA,NA,NA,NA,NA
"85","2019-10-02 14:55:01-03","UFMG","BHCB","22307","PreservedSpecimen","Plantae","Dicotyledon",NA,"Lacistemataceae","Lacistema","Lacistema pubescens","Mart.","Costa, LV; Atalla, NC","s.n.","1992","09","30","Southern America","Brasil","Minas Gerais","Ipatinga",NA,"-42.5367012023926","-19.4682998657227",NA,NA,NA,NA,NA,NA,"pubescens",NA,NA,NA,"19070","auto",NA,NA,NA,NA,NA,NA,NA
"86","2019-10-02 14:59:40-03","UFMG","BHCB","25583","PreservedSpecimen","Plantae","Dicotyledon",NA,"Moraceae","Ficus","Ficus eximia","Schott",NA,"s.n.",NA,NA,NA,"Southern America","Brasil","Minas Gerais","Ipatinga",NA,"-42.5367012023926","-19.4682998657227",NA,NA,NA,NA,NA,NA,"eximia",NA,NA,NA,"19070","auto",NA,NA,NA,NA,NA,NA,NA
"87","2019-10-02 14:57:15-03","UFMG","BHCB","22251","PreservedSpecimen","Plantae","Dicotyledon",NA,"Melastomataceae","Miconia","Miconia splendens","(Sw.) Griseb.","Costa, LV; Atalla, NC","s.n.","1992","10","01","Southern America","Brasil","Minas Gerais","Ipatinga",NA,"-42.5367012023926","-19.4682998657227",NA,NA,NA,NA,NA,NA,"splendens",NA,NA,NA,"19070","auto",NA,NA,NA,NA,NA,NA,NA
"88","2019-10-02 14:55:01-03","UFMG","BHCB","22308","PreservedSpecimen","Plantae","Dicotyledon",NA,"Lacistemataceae","Lacistema","Lacistema pubescens","Mart.","Costa, LV; Atalla, NC","s.n.","1992","09","28","Southern America","Brasil","Minas Gerais","Ipatinga",NA,"-42.5367012023926","-19.4682998657227",NA,NA,NA,NA,NA,NA,"pubescens",NA,NA,NA,"19070","auto",NA,NA,NA,NA,NA,NA,NA
"89","2019-10-02 14:55:01-03","UFMG","BHCB","22308","PreservedSpecimen","Plantae","Dicotyledon",NA,"Lacistemataceae","Lacistema","Lacistema pubescens","Mart.","Costa, LV; Atalla, NC","s.n.","1992","09","28","Southern America","Brasil","Minas Gerais","Ipatinga",NA,"-42.5367012023926","-19.4682998657227",NA,NA,NA,NA,NA,NA,"pubescens",NA,NA,NA,"19070","auto",NA,NA,NA,NA,NA,NA,NA
"90","2019-10-02 14:57:15-03","UFMG","BHCB","22251","PreservedSpecimen","Plantae","Dicotyledon",NA,"Melastomataceae","Miconia","Miconia prasina","(Sw.) DC.","Costa, LV; Atalla, NC","s.n.","1992","10","01","Southern America","Brasil","Minas Gerais","Ipatinga","Cenibra","-42.5367012023926","-19.4682998657227",NA,NA,NA,"Cenibra, Proj. Cenibra II","BHCB003085",NA,"prasina",NA,"2011","02","19070","auto","22",NA,NA,NA,NA,NA,NA
"91","2020-01-07 18:14:55-03","UFMG","BHCB","17649","PreservedSpecimen","Plantae","Dicotyledon",NA,"Acanthaceae","Thunbergia","Thunbergia alata","Bojer","Guerra, CP","3","1990","04","30","Southern America","Brasil","Minas Gerais","Ipatinga","Fazenda do Sr. Valquir do bairro Limoeiro.","-42.5367012023926","-19.4682998657227",NA,NA,NA,"Invasora.; Trepadeira.","BHCB053660","BHCB053660","alata",NA,NA,NA,"19070","auto",NA,NA,NA,NA,NA,NA,NA
"92","2020-02-18 22:20:31-03","UFMG","BHCB","56418","PreservedSpecimen","Plantae","Dicotyledon",NA,"Podostemaceae","Cipoia","Cipoia inserta","C.T.Philbrick, Novelo & Irgang","Philbrick, CT; et al.","s.n.","2001","07","13","Southern America","Brasil","Minas Gerais","Ipatinga","Rio Doce.","-42.5367012023926","-19.4682998657227",NA,NA,NA,NA,NA,NA,"inserta",NA,NA,NA,"19070","auto",NA,NA,NA,NA,NA,NA,NA
"93","2020-03-09 08:20:29-03","UFPR","UPCB","51171","PreservedSpecimen","Plantae",NA,NA,"Melastomataceae","Miconia","Miconia serrulata","(DC.) Naudin","França, G.S.","413","2003","09","04",NA,"Brasil","Minas Gerais","Ipatinga","Ponte Perdida","-42.5367012023926","-19.4682998657227",NA,NA,NA,"Arbusto 2,5m, frutos verdes, mata ciliar..","UPCB0020011","UPCB0020011","serrulata","Goldenberg, R.","2004","01","19070","auto","01",NA,NA,NA,NA,NA,NA
"94","2019-02-20 14:17:33-03","INPA","INPA","273901","S","Plantae","Dicotyledon Com-Clade","Myrtales","Myrtaceae","Eugenia","Eugenia grandissima","Sobral, Mazine & E.A.D.Melo","Sobral, M","15783","2016","02","17","Southern America","Brasil","Minas Gerais","Ipatinga","Ipatinga, Bairro Ipanemão.","-42.163889","-19.419722","-42.163889","-19.419722",NA,NA,"INPA0273901",NA,"grandissima",NA,NA,NA,NA,NA,NA,NA,NA,"596","596",NA,NA
"95","2018-04-26 14:54:07-03","UFRPE","CONVOLVULACEAE_BR",NA,"O","Plantae",NA,NA,"Convolvulaceae","Ipomoea","Ipomoea cairica","(L.) Sweet","Ferreira, FM","1973",NA,NA,NA,"Southern America","Brazil","Minas Gerais","Ipatinga","BR 381, entre Coronel Fabriciano e","-42.466667","-19.4","-42.466667","-19.4",NA,"Liana volúvel. Flres lilases.","CONV018490",NA,"cairica","Simão-Bianchini, R; Vasconcelos, LV","2012",NA,NA,NA,NA,NA,NA,NA,NA,"voucher","142397"
"96","2019-12-13 08:11:24-03","ICAUFMG","MCCA","584","S","Plantae",NA,NA,"Apiaceae","Foeniculum","Foeniculum vulgare","Mill.","ZAMBALDI, K.","s.n.","2007","09","30",NA,"Brasil","Minas Gerais","Ipatinga","Vale do Aço, Fazenda.","-42.5367012023926","-19.4682998657227",NA,NA,NA,NA,"MCCA00591","MCCA00591","vulgare","ZAMBALDI, K.","2007","09","19070","auto","30",NA,NA,NA,NA,NA,NA
"97","2019-05-23 11:07:27-03","UFLA","ESAL","21992","S","Plantae",NA,NA,"Amaranthaceae","Gomphrena","Gomphrena globosa","L.","Ana Paula de Assis","s.n.",NA,NA,NA,NA,"Brasil","Minas Gerais","Ipatinga","Viveiro Municipal","-42.5367012023926","-19.4682998657227",NA,NA,NA,"erva; ; ;",NA,NA,"globosa",NA,NA,NA,"19070","auto",NA,NA,NA,NA,NA,NA,NA
"98","2020-01-15 17:59:57-03","USP","SPF","232922","PreservedSpecimen","Plantae",NA,NA,"Piperaceae","Piper","Piper",NA,"Kato, MJ","2293","2015","09","07",NA,"Brasil","Minas Gerais","Ipatinga","Parque Estadual do Rio Doce.","-42.621111","-19.771667","-42.621111","-19.771667",NA,"Arbusto, ca. 1,5 m alt. Folhas glabras, oblongas, verde claras. Frutos eretos, claros quando imaturos.; Mata Atlântica.","SPF00232922","SPF00232922",NA,NA,NA,NA,NA,NA,NA,NA,NA,"300","300",NA,NA
"99","2020-01-15 17:59:57-03","USP","SPF","232920","PreservedSpecimen","Plantae",NA,NA,"Piperaceae","Piper","Piper",NA,"Kato, MJ","2289","2015","09","07",NA,"Brasil","Minas Gerais","Ipatinga","Parque Estadual do Rio Doce.","-42.621111","-19.771667","-42.621111","-19.771667",NA,"Arbusto, ca. 1,5 m alt. Folhas pilosas. Frutos eretos, curtos, verde escuros.; Mata Atlântica.","SPF00232920","SPF00232920",NA,NA,NA,NA,NA,NA,NA,NA,NA,"300","300",NA,NA
"100","2020-01-15 17:59:57-03","USP","SPF","232919","PreservedSpecimen","Plantae",NA,NA,"Piperaceae","Piper","Piper arboreum","Aubl.","Kato, MJ","2288","2015","09","07",NA,"Brasil","Minas Gerais","Ipatinga","Parque Estadual do Rio Doce.","-42.626389","-19.771389","-42.626389","-19.771389",NA,"Arbusto, ca. 3 m alt., folhas com base assimétrica, bainha percorrendo toda extensão do pecíolo, pilosa na face adaxial, espigas eretas.; Mata Atlântica.","SPF00232919","SPF00232919","arboreum","Kato, MJ","2015","12",NA,NA,"20",NA,NA,"300","300",NA,NA
"101","2020-01-15 17:59:57-03","USP","SPF","232921","PreservedSpecimen","Plantae",NA,NA,"Piperaceae","Piper","Piper arboreum","Aubl.","Kato, MJ","2292","2015","09","07",NA,"Brasil","Minas Gerais","Ipatinga","Parque Estadual do Rio Doce.","-42.621111","-19.771667","-42.621111","-19.771667",NA,"Arbusto, ca. 3 m alt., folhas com base assimétrica, bainha percorrendo toda extensão do pecíolo, pilosa na face adaxial, espigas eretas.; Mata Atlântica.","SPF00232921","SPF00232921","arboreum","Kato, MJ","2015","12",NA,NA,"20",NA,NA,"300","300",NA,NA
"102","2019-11-13 11:27:24-03","USP","SPF","162134","PreservedSpecimen","Plantae",NA,NA,"Myrtaceae","Syzygium","Syzygium jambos","(L.) Alston","França, GS","409","2003","09","04",NA,"Brasil","Minas Gerais","Ipatinga",NA,"-42.521667","-19.554167","-42.521667","-19.554167",NA,NA,"SPF00162134",NA,"jambos","Sobral, M","2004",NA,NA,NA,NA,NA,NA,"140","140",NA,NA
"103","2019-11-13 11:22:25-03","USP","SPF","118255","PreservedSpecimen","Plantae",NA,NA,"Leguminosae","Inga","Inga flagelliformis","(Vell.) Mart.","Stehmann, JR","s.n.","1991","08","21",NA,"Brasil","Minas Gerais","Ipatinga",NA,"-42.5367012023926","-19.4682998657227",NA,NA,NA,NA,"SPF00118255",NA,"flagelliformis","Borges, LM","2008",NA,"19070","auto",NA,NA,NA,NA,NA,NA,NA
"104","2019-11-13 11:14:53-03","USP","SPF","193491","PreservedSpecimen","Plantae",NA,NA,"Apocynaceae","Calotropis","Calotropis procera","(Aiton) W.T.Aiton","Marcondes-Ferreira, W","1283","1996","10","09",NA,"Brasil","Minas Gerais","Ipatinga","Cerca de 10 km adiante de Ipatinga, ruma a Governador Valadares.","-42.5367012023926","-19.4682998657227",NA,NA,NA,"Arbusto até 2 m; flores brancacentas, com manchas vináceas (cor de carne); com frutos jovens. Em biera da estrada frequente.","SPF00193491",NA,"procera","Farinaccio, MA","2009",NA,"19070","auto",NA,NA,NA,NA,NA,NA,NA
"105","2019-10-07 09:15:20-03","UEFS","HUEFS","124375","PreservedSpecimen","Plantae","Angiospermae","Lamiales","Bignoniaceae","Adenocalymma","Adenocalymma aurantiacum","Udulutsch & Assis","Silva-Castro, M.M.","1335","2007","08","28",NA,"Brasil","Minas Gerais","Ipatinga","758 logo após o estroncamento. Ipatinga-Novo Oriente, ca. 4 Km. Estrada Belo Oriente- MG, beira de estrada no barranco, perto da entrada do aterro industrial Cenibra.","-42.4","-19.266667","42W24'0''","19S16'0''",NA,NA,"HUEFS0124375","HUEFS0124375","aurantiacum","L.H.M.Fonseca","2014","10",NA,NA,NA,"Asteranae",NA,"804","804",NA,NA
"106","2019-10-07 09:13:07-03","UEFS","HUEFS","79283","PreservedSpecimen","Plantae","Angiospermae","Gentianales","Apocynaceae","Allamanda","Allamanda",NA,"França, G.S.","412","2003","09","04",NA,"Brasil","Minas Gerais","Ipatinga","Ponte Perdida.","-42.521667","-19.554167","42W31'18''","19S33'15''",NA,NA,"HUEFS0079283","HUEFS0079283",NA,NA,NA,NA,NA,NA,NA,"Asteranae",NA,NA,NA,NA,NA
"107","2019-10-07 09:29:58-03","UEFS","HUEFS","79365","PreservedSpecimen","Plantae","Angiospermae","Malpighiales","Chrysobalanaceae","Hirtella","Hirtella",NA,"França, G.S.","410","2003","09","04",NA,"Brasil","Minas Gerais","Ipatinga","Ponte Perdida","-42.521667","-19.554167","42W31'18''","19S33'15''",NA,NA,"HUEFS0079365","HUEFS0079365 HUEFS0079365_e1",NA,"R.Asprino","2018","11",NA,NA,NA,"Rosanae",NA,"140","140",NA,NA
"108","2019-10-07 09:17:42-03","UEFS","HUEFS","142397","PreservedSpecimen","Plantae","Angiospermae","Solanales","Convolvulaceae","Ipomoea","Ipomoea cairica","(L.) Sweet","Ferreira, F.M.","1973","2008","09","06",NA,"Brasil","Minas Gerais","Ipatinga","BR 381, entre Coronel Fabriciano e Ipatinga, ramal secundário à direita da estrada no sentido para Ipatinga","-42.466667","-19.4","42W28'","19S24'0''",NA,"Mata Estacional Semidecídua","HUEFS0142397","HUEFS0142397","cairica","R.Simão-Bianchini & L.V.Vasconcelos","2012","06",NA,NA,NA,"Asteranae",NA,NA,NA,NA,NA
"109","2019-10-07 09:15:43-03","UEFS","HUEFS","124374","PreservedSpecimen","Plantae","Angiospermae","Lamiales","Bignoniaceae","Manaosella","Manaosella cordifolia","(DC.) A.H.Gentry","Silva-Castro, M.M.","1334","2007","08","28",NA,"Brasil","Minas Gerais","Ipatinga","BR 381 - estrada para Governador Valadares, acima de Santana do Paraíso, antes de Bom Jesus do Agre antes da entrada de Cenibra aproximadamente 500 m.","-42.406667","-19.328889","42W24'24''","19S19'44''",NA,NA,"HUEFS0124374","HUEFS0124374","cordifolia","M.M.Silva-Castro","2012","08",NA,NA,NA,"Asteranae",NA,NA,NA,NA,NA
"110","2019-10-07 09:15:43-03","UEFS","HUEFS","124373","PreservedSpecimen","Plantae","Angiospermae","Lamiales","Bignoniaceae","Mansoa","Mansoa glaziovii","Bureau & K.Schum.","Silva-Castro, M.M.","1333","2007","08","28",NA,"Brasil","Minas Gerais","Ipatinga","BR 381 - estrada para Governador Valadares, acima de Santana do Paraíso, antes de Bom Jesus do Agre antes da entrada de Cenibra aproximadamente 500 m.","-42.406667","-19.328889","42W24'24''","19S19'44''",NA,NA,"HUEFS0124373","HUEFS0124373","glaziovii",NA,"2008","03",NA,NA,NA,"Asteranae",NA,NA,NA,NA,NA
"111","2019-10-07 09:36:15-03","UEFS","HUEFS","79367","PreservedSpecimen","Plantae","Angiospermae","Oxalidales","Elaeocarpaceae","Sloanea","Sloanea guianensis","(Aubl.) Benth.","França, G.S.","411","2003","09","04",NA,"Brasil","Minas Gerais","Ipatinga","Ponte Perdida.","-42.521667","-19.554167","42W31'18''","19S33'15''",NA,NA,"HUEFS0079367","HUEFS0079367","guianensis","D.Sampaio","2009",NA,NA,NA,NA,"Rosanae",NA,"140","140",NA,NA
"112","2019-01-25 15:35:11-02","IAC","IAC","37934","S","Plantae",NA,NA,"Lacistemataceae","Lacistema","Lacistema pubescens","Mart.","L.V. Costa & N.C.Atalla","s/nº","1992","09","28",NA,"Brasil","Minas Gerais","Ipatinga","Cenibra, Projeto de aviação","-42.5367","-19.4683","-42.5367","-19.4683",NA,NA,NA,NA,"pubescens","R.B. Torres","1999","05",NA,NA,"06",NA,NA,NA,NA,NA,NA
"113","2019-12-09 15:03:43-03","IAC","IAC","56391","S","Plantae",NA,NA,"Myrtaceae-2.Myrtoideae","Eugenia","Eugenia grandissima","Sobral, Mazine & E.A.D.Melo","M.E.G. Sobral & E.A.D. Melo","15783","2016","02","17",NA,"Brasil","Minas Gerais","Ipatinga","Bairro Ipanemão","-42.163889","-19.419722","-42.163889","-19.419722",NA,"HOLOTYPUS - Phytotaxa 253(1): 63, f.4#?#7. 2016. Coordenadas originais: 42w09#?#50, 19s25#?#11.",NA,NA,"grandissima","M.E.G. Sobral","2016","03",NA,NA,"21",NA,"Holótipo",NA,NA,NA,NA
"114","2019-02-27 14:03:38-03","UFSJ","HUFSJ","8273","S","Plantae",NA,NA,"Salicaceae","Casearia","Casearia",NA,"Sobral, M; Melo, EAD","15779","2016","02","17",NA,"Brasil","Minas Gerais","Ipatinga","Bairro Ipanemão","-42.663944","-19.419667","-42.663944","-19.419667",NA,"Árvore ca. 10 m; flores creme.","HUFSJ008273",NA,NA,NA,NA,NA,NA,NA,NA,NA,NA,"596","596",NA,NA
"115","2019-12-09 10:46:02-03","UFSJ","HUFSJ","8272","S","Plantae",NA,NA,"Myrtaceae","Eugenia","Eugenia grandissima","Sobral, Mazine & E.A.D. Melo","Sobral, M; Melo, EAD","15778","2016","02","17",NA,"Brasil","Minas Gerais","Ipatinga","Bairro Ipanemão","-42.663944","-19.419667","-42.663944","-19.419667",NA,"Paratipo; Árvore até 4 m, com diversos troncos (cerca de dez), cada um com no máximo 50 mm de diâmetro à altura do peito; casca rugosa; flores com cálices castanhos e pétalas brancas, com odor suave.","HUFSJ008272","HUFSJ008272","grandissima",NA,NA,NA,NA,NA,NA,NA,"paratype","596","596",NA,NA
"116","2019-02-27 14:02:14-03","UFSJ","HUFSJ","8276","S","Plantae",NA,NA,"Lauraceae",NA,NA,NA,"Sobral, M; Melo, EAD","15782","2016","02","17",NA,"Brasil","Minas Gerais","Ipatinga","Bairro Ipanemão","-42.663944","-19.419667","-42.663944","-19.419667",NA,"Árvore 4 m, em interior de mata; frutos imaturos.","HUFSJ008276",NA,NA,NA,NA,NA,NA,NA,NA,NA,NA,"596","596",NA,NA
"117","2019-12-09 10:46:02-03","UFSJ","HUFSJ","8277","S","Plantae",NA,NA,"Myrtaceae","Eugenia","Eugenia grandissima","Sobral, Mazine & E.A.D. Melo","Sobral, M; Melo, EAD","15783","2016","02","17",NA,"Brasil","Minas Gerais","Ipatinga","Bairro Ipanemão","-42.163944","-19.419667","-42.163944","-19.419667",NA,"Isotipo; Árvore ca. 5 m, com dois ou três troncos crescendo a partir de um mesmo ponto, o maior deles com ca. 100 mm de diâmetro à altura do peito; flores com sépalas castanhas e pétalas brancas, com odor suave.","HUFSJ008277","HUFSJ008277","grandissima","Sobral, M","2016",NA,NA,NA,NA,NA,"isotype","596","596",NA,NA
"118","2019-02-27 14:02:00-03","UFSJ","HUFSJ","3225","S","Plantae",NA,NA,"Dilleniaceae","Davilla","Davilla",NA,"Sobral, M","14632","2011","12","23",NA,"Brasil","Minas Gerais","Ipatinga",NA,"-42.528333","-19.416667","-42.528333","-19.416667",NA,"Trepadeira em beira de mata; frutos imaturos.","HUFSJ003225","HUFSJ003225_v00",NA,NA,NA,NA,NA,NA,NA,NA,NA,NA,NA,NA,NA
"119","2019-02-27 14:03:41-03","UFSJ","HUFSJ","8275","S","Plantae",NA,NA,"Solanaceae","Solanum","Solanum asterophorum","Mart.","Sobral, M; Melo, EAD","15781","2016","02","17",NA,"Brasil","Minas Gerais","Ipatinga","Bairro Ipanemão","-42.663944","-19.419667","-42.663944","-19.419667",NA,"Arbusto 1,5 m, em interior de mata à beira de estrada; flores com corolas brancas e estames amarelos.","HUFSJ008275",NA,"asterophorum","Sobral, M","2016",NA,NA,NA,NA,NA,NA,"596","596",NA,NA
"120","2019-02-27 14:02:14-03","UFSJ","HUFSJ","8274","S","Plantae",NA,NA,"Lamiaceae","Vitex","Vitex megapotamica","(Spreng.) Moldenk","Sobral, M; Melo, EAD","15780","2016","02","17",NA,"Brasil","Minas Gerais","Ipatinga","Bairro Ipanemão","-42.663944","-19.419667","-42.663944","-19.419667",NA,"Árvore 3 m, em interior de mata; frutos imaturos.","HUFSJ008274",NA,"megapotamica","Sobral, M","2016",NA,NA,NA,NA,NA,NA,"596","596",NA,NA
"121","2020-02-28 17:22:30-03","UESB","HUESB","11943","S","Plantae","Dicotyledoneae",NA,"Salicaceae","Casearia","Casearia",NA,"Sobral, M.; Melo, E.A.D.; Melo, E.A.D.","15779","2016","02","17",NA,"Brasil","Minas Gerais","Ipatinga","Bairro Ipanemão","-42.663889","-19.419722","-42.663889","-19.419722",NA,"Árvore Ca. 10m. Flores creme.","HUESB000011943",NA,NA,NA,NA,NA,NA,NA,NA,NA,NA,"596","596",NA,NA
"122","2016-12-19 13:51:34-02","PERD","PERD","677","S","Plantae",NA,NA,"Proteaceae","Grevillea","Grevillea",NA,"Pereira, RM","s.n.",NA,NA,NA,NA,"Brasil","MG","Ipatinga",NA,"-42.5367012023926","-19.4682998657227",NA,NA,NA,"Árvore ca. 5m de alt., com flores. Planta exótica.",NA,NA,NA,NA,NA,NA,"19070","auto",NA,NA,NA,NA,NA,NA,NA
"123","2018-12-05 16:19:50-02","UnB","UB",NA,"S","Plantae","Dicotyledoneae",NA,"Myrtaceae","Eugenia","Eugenia grandissima","Sobral, Mazine & E.A.D. Melo","Sobral, M; Melo, EAD","15783","2016","02","17","Southern America","Brasil","Minas Gerais","Ipatinga","Bairro Ipanemão","-42.163889","-19.419722","-42.163889","-19.419722",NA,"Árvore ca. 5 m, com dois ou três troncos crescendo a partir de um mesmo ponto, o maior deles com ca. 100 mm diâmetro à altura do peito; flores com sépalas castanhas e pétalas brancas, com odor suave.","UB0037605","UB0037605","grandissima","Sobral, M","2016","03",NA,NA,"21",NA,"isotype","596","596",NA,NA
"124","2020-01-29 11:44:59-03","UFSCar","SORO","7868","PreserveSpecimen","Plantae",NA,NA,"Myrtaceae","Eugenia","Eugenia grandissima","Sobral, Mazine & E.A.D. Melo","Sobral, M.; Melo, E.A.D.","15783","2016","02","17",NA,"Brasil","Minas Gerais","Ipatinga","Bairro Ipanemão.","-42.163889","-19.419722","42°09'50''W","19°25'11''S",NA,"Árvore ca. 5m, com dois ou três troncos crescendo a partir de um mesmo ponto, o maior deles com ca. 100 mm de diâmetro à altura do peito; flores com sépalas castanhas e pétalas brancas, com odor suave.",NA,NA,"grandissima",NA,NA,NA,NA,NA,NA,NA,"Isotypus","596","596",NA,NA
"125","2020-01-29 11:44:59-03","UFSCar","SORO","7869","PreserveSpecimen","Plantae",NA,NA,"Myrtaceae","Eugenia","Eugenia grandissima","Sobral, Mazine & E.A.D. Melo","Sobral, M.; Melo, E.A.D.","15778","2016","02","17",NA,"Brasil","Minas Gerais","Ipatinga","Bairro Ipanemão.","-42.163889","-19.419722","42°09'50''W","19°25'11''S",NA,"Árvore até 4m, com diversos troncos (cerca de dez), cada um com no máximo 50 mm de diâmetro à altura do peito; casca rugosa; flores com cálices castanhos e pétalas brancas, com odor suave.",NA,NA,"grandissima",NA,NA,NA,NA,NA,NA,NA,"Isotypus","596","596",NA,NA
"126","2019-09-30 11:25:24-03","IF","SPSF","40990","PreservedSpecimen","Plantae","Magnoliophyta","Malvales","Elaeocarpaceae","Sloanea","Sloanea retusa","Uittien","R.Tsuji","2357","2007","12","01","América do Sul","Brasil","MG","Ipatinga","proximidades do municipio","-42.5367012023926","-19.4682998657227",NA,NA,NA,"COLETA: Árvore 8m, troncos múltiplos, frutos verdes.; GEOGRAFIA: Estrada Ipaneminha-Achado;",NA,NA,"retusa","R.Tsuji","2007","12","19070","auto","01","Magnoliopsida",NA,NA,NA,NA,NA
"127","2019-09-30 11:23:54-03","IF","SPSF","21073","PreservedSpecimen","Plantae","Magnoliophyta","Gentianales","Asclepiadaceae","Calotropis","Calotropis procera","(Aiton) W.T.Aiton","W.Marcondes-Ferreira","1283","1996","10","09","América do Sul","Brasil","MG","Ipatinga","beira de estrada","-42.5367012023926","-19.4682998657227",NA,NA,NA,"COLETA: XLS: SPSFAntigo;",NA,NA,"procera","M.A.Farinaccio","2009","12","19070","auto","11","Magnoliopsida",NA,NA,NA,NA,NA
"128","2019-09-30 11:23:15-03","IF","SPSF","40984","PreservedSpecimen","Plantae","Magnoliophyta","Fabales","Chrysobalanaceae","Licania","Licania kunthiana","Hook.f.","R.Tsuji","2354","2007","12","01","América do Sul","Brasil","MG","Ipatinga","proximidades do municipio","-42.5367012023926","-19.4682998657227",NA,NA,NA,"COLETA: Árvore 10-12m altura, 40cm de DAP.&nf;Frutos imaturos verdes.; GEOGRAFIA: Estrada para Ipaneminha;",NA,NA,"kunthiana","R.Tsuji","2007","12","19070","auto","01","Magnoliopsida",NA,NA,NA,NA,NA
"129","2020-03-06 14:31:11-03","UFRGS","ICN","132492","S","Plantae","Dicotyledon",NA,"Podostemaceae","Cipoia","Cipoia inserta","C.T. Philbrick, Novelo & Irgang","Philbrick, CT; et al.","5666","2001","07","13","América do Sul","Brasil","MG","Ipatinga","ca. 5 Km E of Ipatinga Rio Doce lat. 19°28'48 1 S long. 42°28'37 5 W","-42.476944","-19.48","-42.476944","-19.48",NA,"Doação de Western Connecticut State University.","ICN00029361",NA,"inserta",NA,NA,NA,NA,NA,NA,NA,"Paratypus","239","239",NA,NA
"130","2019-11-21 10:04:16-03","IBt","SP","364532","S","Plantae",NA,NA,"Euphorbiaceae","Euphorbia","Euphorbia umbellata","(Pax) Bruyns","Diniz, MJF","s.n.","1999","08","20",NA,"Brasil","Minas Gerais","Ipatinga","Viveiro da Prefeitura.","-42.5367012023926","-19.4682998657227",NA,NA,NA,"Arbusto. Usada em forma de tintura em pacientes aidéticos.",NA,NA,"umbellata","Cordeiro, I","1999","09","19070","auto","21",NA,NA,NA,NA,NA,NA
