"record_id","modified","institutionCode","collectionCode","catalogNumber","basisOfRecord","kingdom","phylum","family","genus","specificEpithet","scientificName","scientificNameAuthorship","identifiedBy","yearIdentified","monthIdentified","dayIdentified","recordedBy","recordNumber","year","month","day","country","stateProvince","county","decimalLongitude","decimalLatitude","coordinatePrecision","barcode","imagecode","geoFlag","locality","occurrenceRemarks","continentOcean","verbatimLongitude","verbatimLatitude","minimumElevationInMeters","maximumElevationInMeters","typeStatus","class","order","infraspecificEpithet","relatedCatalogItem"
"1","2019-07-11 10:14:50-03","ESALQ","ESA","66075","S","Plantae","Magnoliophyta","Violaceae","Pombalia","atropurpurea","Pombalia atropurpurea","(A.St.-Hil.) Paula-Souza","Souza, J.P.","2000","06","01","Tameirão Neto, E.","2450","1997","10","28","Brasil","Minas Gerais","Itueta","-41.1702995300293","-19.3941993713379","29671","ESA066075","ESA066075","auto",NA,NA,NA,NA,NA,NA,NA,NA,NA,NA,NA,NA
"2","2019-02-22 15:06:46-03","ESALQ","ESA","137372","S","Plantae",NA,"Meliaceae","Trichilia","pallida","Trichilia pallida","Sw.","T.B. Flores","2014",NA,NA,"A.A. Luz","393","2007","04","11","Brasil","Minas Gerais","Itueta","-41.1702995300293","-19.3941993713379","29671","ESA137372",NA,"auto","Mariane",NA,NA,NA,NA,NA,NA,NA,NA,NA,NA,NA
"3","2020-03-10 08:27:52-03","UFV","VIC","24443","PreservedSpecimen","Plantae",NA,"Caesalpinioideae","Chamaecrista",NA,"Chamaecrista","Moench.","Garcia, F.C.P.","2000","03","14","Tameirão Neto, E.","2426","1997","07","10","Brasil","Minas Gerais","Itueta","-41.1702995300293","-19.3941993713379","29671","VIC024443","VIC024443","auto","UHE Aimorés, Fazenda Adolfo Shumaker, Floresta Semidecidual.","Arbóreo.",NA,NA,NA,NA,NA,NA,NA,NA,NA,NA
"4","2019-11-21 14:36:55-03","UFJF","CESJ","33316","PreservedSpecimen","Plantae","Angiosperma","Fabaceae","Myroxylon","peruiferum","Myroxylon peruiferum","L.f.","E. Tameirão-Neto",NA,NA,NA,"E. Tameirão-Neto","2427","1997","07","10","Brasil","Minas Gerais","Itueta","-41.1702995300293","-19.3941993713379","29671","CESJ033316",NA,"auto",NA,"Floresta Semidecidual. Arbóreo. UHE Aimorés. Fazenda Adolfo Shumaker.","América do Sul",NA,NA,NA,NA,NA,NA,NA,NA,NA
"5","2020-01-10 18:17:05-03","UFJF","CESJ","72917","PreservedSpecimen","Plantae","Angiosperma","Lamiaceae","Vitex","megapotamica","Vitex megapotamica","(Spreng.) Moldenke","D.A. Folli","2005","03","22","A.A. da Luz","278","2005","03","22","Brasil","Minas Gerais","Itueta","-41.1702995300293","-19.3941993713379","29671","CESJ072917",NA,"auto","estrada Quatituba a Com. Sta. Angélica","N.v.: Tarumã preto. Capoeirão. Arbóreo, terrestre; com 5m; e 1m fuste; com CAP 20 e com o diâmetro de copa 2. Fruto preto; verde. Exsudação incolor, seiva.","América do Sul",NA,NA,NA,NA,NA,NA,NA,NA,NA
"6","2019-11-21 14:36:48-03","UFJF","CESJ","37757","PreservedSpecimen","Plantae","Angiosperma","Fabaceae","Lonchocarpus","cultratus","Lonchocarpus cultratus","(Vell.) A.M.G.Azevedo & H.C.Lima","E. Tameirão-Neto",NA,NA,NA,"E. Tameirão-Neto","2402","1997","03","26","Brasil","Minas Gerais","Itueta","-41.1702995300293","-19.3941993713379","29671","CESJ037757",NA,"auto","UHE Aimorés","Habitat: Floresta Semidecidual. Habitus: Arbóreo.","América do Sul",NA,NA,NA,NA,NA,NA,NA,NA,NA
"7","2019-11-21 14:36:59-03","UFJF","CESJ","33315","PreservedSpecimen","Plantae","Angiosperma","Fabaceae","Platymiscium","pubescens","Platymiscium pubescens","Micheli","E. Tameirão-Neto",NA,NA,NA,"E. Tameirão-Neto","2463","1997","10","28","Brasil","Minas Gerais","Itueta","-41.1702995300293","-19.3941993713379","29671","CESJ033315",NA,"auto","UHE Aimorés","Floresta Semidecidual. Arbórea.","América do Sul",NA,NA,NA,NA,NA,NA,NA,NA,NA
"8","2019-11-21 14:36:59-03","UFJF","CESJ","37756","PreservedSpecimen","Plantae","Angiosperma","Fabaceae","Pterocarpus","rohrii","Pterocarpus rohrii","Vahl","E. Tameirão-Neto","1997",NA,NA,"E. Tameirão-Neto","2397","1997","03","26","Brasil","Minas Gerais","Itueta","-41.1702995300293","-19.3941993713379","29671","CESJ037756",NA,"auto","UHE Aimorés. Fazenda Adolfo Schumaker","Floresta semidecidual. Arbórea. N.V: Pau-sangue.","América do Sul",NA,NA,NA,NA,NA,NA,NA,NA,NA
"9","2019-11-21 14:36:59-03","UFJF","CESJ","33313","PreservedSpecimen","Plantae","Angiosperma","Fabaceae","Pterocarpus","rohrii","Pterocarpus rohrii","Vahl","E. Tameirão-Neto","1997",NA,NA,"E. Tameirão-Neto","2449","1997","10","28","Brasil","Minas Gerais","Itueta","-41.1702995300293","-19.3941993713379","29671","CESJ033313",NA,"auto","UHE Aimorés. Fazenda Adolfo Schumaker","Floresta semidecidual. Arbóreo. N.V: Pau sangue.","América do Sul",NA,NA,NA,NA,NA,NA,NA,NA,NA
"10","2019-11-21 14:36:48-03","UFJF","CESJ","33314","PreservedSpecimen","Plantae","Angiosperma","Fabaceae","Lonchocarpus","cultratus","Lonchocarpus cultratus","(Vell.) A.M.G.Azevedo & H.C.Lima","E. Tameirão-Neto",NA,NA,NA,"E. Tameirão-Neto","2457","1997","10","28","Brasil","Minas Gerais","Itueta","-41.1702995300293","-19.3941993713379","29671","CESJ033314",NA,"auto","UHE Aimorés. Fazenda Adolfo Schumaker","Habitat: Floresta Semidecidual. Habitus: Arbóreo.","América do Sul",NA,NA,NA,NA,NA,NA,NA,NA,NA
"11","2020-03-19 11:41:03-03","UFES","VIES","32089","S","Plantae",NA,"Fabaceae","Samanea","inopinata","Samanea inopinata","(Harms) Barneby & J.W.Grimes","Folli, D.A.","2004","09","29","Luz, A.A. da","234","2001","09","29","Brasil","Minas Gerais","Itueta","-41.1702995300293","-19.3941993713379","29671","VIES032089","VIES032089","auto",NA,NA,NA,NA,NA,NA,NA,NA,NA,NA,NA,NA
"12","2020-03-19 11:40:45-03","UFES","VIES","32032","S","Plantae",NA,"Fabaceae","Abarema","cochliacarpos","Abarema cochliacarpos","(Gomes) Barneby & J.W.Grimes","Folli, D.A.","2004","09","29","Luz, A.A. da","235","2004","09","29","Brasil","Minas Gerais","Itueta","-41.1702995300293","-19.3941993713379","29671","VIES032032","VIES032032","auto",NA,NA,NA,NA,NA,NA,NA,NA,NA,NA,NA,NA
"13","2019-12-04 12:52:31-03","UTFPR","HCF","29989","S","Plantae",NA,"Commelinaceae","Dichorisandra",NA,"Dichorisandra",NA,NA,NA,NA,NA,"A. Pujals",NA,"2019","01","25","Brasil","MG","Itueta","-41.105556","-19.393889",NA,NA,NA,NA,NA,"Mata nativa.",NA,"41°06'20 W","19°23'38 S","120","120",NA,NA,NA,NA,NA
"14","2019-11-28 12:59:36-03","UTFPR","HCF","29891","S","Plantae",NA,"Asteraceae","Eclipta","prostrata","Eclipta prostrata","(L.) L.","F. Marinero","2019","03","20","F. Marinero","1189","2019","02","16","Brasil","MG","Itueta","-41.1075","-19.393889",NA,NA,NA,NA,"Rio Doce","herbácea 60 cm. Capítulos alvos. Várzea.",NA,"41°06'27 W","19°23'38 S","95","95",NA,NA,NA,NA,NA
"15","2019-11-15 20:23:39-03","UTFPR","HCF","29622","S","Plantae",NA,"Malvaceae","Pavonia","cancellata","Pavonia cancellata","(L.) Cav.","F. Marinero","2019","03","25","F. Marinero","1181","2019","02","15","Brasil","MG","Itueta","-41.191111","-19.363611",NA,NA,NA,NA,NA,"arbusto glutinoso 60 cm. Frutos esverdeados. Vegetação secundária em estágio inicial.",NA,"41°11'28 W","19°21'49 S","120","120",NA,NA,NA,NA,NA
"16","2019-10-11 09:42:45-03","UFC","EAC","55199","PreservedSpecimen","Plantae",NA,"Erythroxylaceae","Erythroxylum","pelletarianum","Erythroxylum pelletarianum","A.St.-Hil.","Loiola, M.I.B.","2014","03","20","Luz, A.A.","85","2002","11","19","Brasil","Minas Gerais","Itueta","-41.1702995300293","-19.3941993713379","29671","EAC0055199","EAC0055199","auto","Distrito Quatituba","Árvore; alt. total 6m, alt. fuste 3m, diâmetro da copa 3m, cap do fuste 0,45m, fuste cilíndrico; casca áspera; seiva incolor; fruto vermelho.; Mata ciliar","Southern America",NA,NA,NA,NA,NA,NA,NA,NA,NA
"17","2019-12-06 14:40:12-03","MBM","MBM","418930","S","Plantae",NA,"Convolvulaceae","Ipomoea","alba","Ipomoea alba","L.","Marinero, F.","2019","03","22","Marinero, F.; Nardin, E.C.; Nardin, E.C.","1190","2019","02","16","Brazil","Minas Gerais","Itueta","-41.1075","-19.393889",NA,"MBM418930",NA,NA,"Rio Doce",NA,"Southern America","-41.1075","-19.393889","95","95",NA,NA,NA,NA,NA
"18","2019-12-06 15:24:51-03","MBM","MBM","418882","S","Plantae",NA,"Verbenaceae","Lantana","undulata","Lantana undulata","Schrank","Marinero, F.; Nardin, E.C.","2019","05","16","Marinero, F.; Nardin, E.C.; Nardin, E.C.","1142","2019","02","01","Brazil","Minas Gerais","Itueta","-41.191111","-19.363611",NA,"MBM418882",NA,NA,NA,NA,"Southern America","-41.191111","-19.363611","120","120",NA,NA,NA,NA,NA
"19","2019-12-06 15:04:09-03","MBM","MBM","418928","S","Plantae",NA,"Marsileaceae","Marsilea",NA,"Marsilea",NA,NA,NA,NA,NA,"Marinero, F.; Nardin, E.C.; Nardin, E.C.","1188","2019","02","16","Brazil","Minas Gerais","Itueta","-41.1075","-19.393889",NA,"MBM418928",NA,NA,"Rio Doce",NA,"Southern America","-41.1075","-19.393889","95","95",NA,NA,NA,NA,NA
"20","2019-12-06 15:03:23-03","MBM","MBM","418921","S","Plantae",NA,"Malvaceae","Pavonia","cancellata","Pavonia cancellata","(L.) Cav.","Marinero, F.","2019","03","25","Marinero, F.; Nardin, E.C.; Nardin, E.C.","1181","2019","02","15","Brazil","Minas Gerais","Itueta","-41.191111","-19.363611",NA,"MBM418921",NA,NA,NA,NA,"Southern America","-41.191111","-19.363611","120","120",NA,NA,NA,NA,NA
"21","2019-12-06 14:59:51-03","MBM","MBM","422209","S","Plantae",NA,"Loganiaceae","Spigelia","anthelmia","Spigelia anthelmia","L.","Marinero, F.","2019","04","10","Marinero, F.; Nardin, E.C.; Nardin, E.C.","853","2019","02","15","Brazil","Minas Gerais","Itueta","-41.191389","-19.363611",NA,"MBM422209",NA,NA,NA,NA,"Southern America","-41.191389","-19.363611","123","123",NA,NA,NA,NA,NA
"22","2019-12-06 14:23:56-03","MBM","MBM","420769","S","Plantae",NA,"Acanthaceae","Ruellia","solitaria","Ruellia solitaria","Vell.","Mazziero, F.F.F.","2019","02","01","Mazziero, F.F.F.; Bonin Junior, P.; Bonin Junior, P.","4218","2019","01","28","Brazil","Minas Gerais","Itueta","-41.105278","-19.393889",NA,"MBM420769",NA,NA,NA,NA,"Southern America","-41.105278","-19.393889","110","110",NA,NA,NA,NA,NA
"23","2019-12-06 14:35:00-03","MBM","MBM","418922","S","Plantae",NA,"Asteraceae","Wedelia","hookeriana","Wedelia hookeriana","Gardn.","Marinero, F.","2019","03","21","Marinero, F.; Nardin, E.C.; Nardin, E.C.","1182","2019","02","15","Brazil","Minas Gerais","Itueta","-41.191111","-19.363611",NA,"MBM418922",NA,NA,NA,NA,"Southern America","-41.191111","-19.363611","120","120",NA,NA,NA,NA,NA
"24","2019-12-06 15:15:28-03","MBM","MBM","418920","S","Plantae",NA,"Poaceae","Setaria","vulpiseta","Setaria vulpiseta","(Lam.) Roem. & Schult.","Marinero, F.","2019","03","27","Marinero, F.; Nardin, E.C.; Nardin, E.C.","1180","2019","02","15","Brazil","Minas Gerais","Itueta","-41.191111","-19.363611",NA,"MBM418920",NA,NA,NA,NA,"Southern America","-41.191111","-19.363611","120","120",NA,NA,NA,NA,NA
"25","2019-12-06 14:50:07-03","MBM","MBM","271615","S","Plantae",NA,"Fabaceae","Poecilanthe","grandiflora","Poecilanthe grandiflora","Benth.","Lima, H.C.","2009","06","18","Trameirão Neto, E.","2471","1997","10","28","Brazil","Minas Gerais","Itueta","-41.1702995300293","-19.3941993713379","29671","MBM271615","MBM271615","auto","UHE Aimorés","Arbóreo. Floresta semidecidual","Southern America",NA,NA,NA,NA,NA,NA,NA,NA,NA
"26","2019-12-06 14:46:08-03","MBM","MBM","233848","S","Plantae",NA,"Fabaceae","Anadenanthera","peregrina","Anadenanthera peregrina","(L.) Speg.","Trameirão Neto, E.",NA,NA,NA,"Trameirão Neto, E.","2378",NA,NA,NA,"Brazil","Minas Gerais","Itueta","-41.1702995300293","-19.3941993713379","29671","MBM233848","MBM233848","auto","Usina Hidrelétrica Aimorés",NA,"Southern America",NA,NA,NA,NA,NA,NA,NA,NA,NA
"27","2019-12-06 14:23:31-03","MBM","MBM","420764","S","Plantae",NA,"Acanthaceae",NA,NA,NA,NA,NA,NA,NA,NA,"Mazziero, F.F.F.; Bonin Junior, P.; Bonin Junior, P.","4215","2019","01","28","Brazil","Minas Gerais","Itueta","-41.132778","-19.393611",NA,"MBM420764",NA,NA,NA,NA,"Southern America","-41.132778","-19.393611","98","98",NA,NA,NA,NA,NA
"28","2019-12-06 14:27:55-03","MBM","MBM","420658","S","Plantae",NA,"Araceae","Asterostigma","colubrinum","Asterostigma colubrinum","Schott","Mazziero, F.F.F.","2019","02","01","Mazziero, F.F.F.; Bonin Junior, P.; Bonin Junior, P.","4216","2019","01","28","Brazil","Minas Gerais","Itueta","-41.132778","-19.393611",NA,"MBM420658",NA,NA,NA,NA,"Southern America","-41.132778","-19.393611","98","98",NA,NA,NA,NA,NA
"29","2019-12-06 14:37:08-03","MBM","MBM","420646","S","Plantae",NA,"Bromeliaceae","Cryptanthus",NA,"Cryptanthus",NA,"Mazziero, F.F.F.","2019","02","01","Mazziero, F.F.F.; Bonin Junior, P.; Bonin Junior, P.","4212","2019","01","28","Brazil","Minas Gerais","Itueta","-41.133056","-19.393611",NA,"MBM420646",NA,NA,NA,NA,"Southern America","-41.133056","-19.393611","110","110",NA,NA,NA,NA,NA
"30","2019-12-06 14:39:53-03","MBM","MBM","420818","S","Plantae",NA,"Commelinaceae","Dichorisandra",NA,"Dichorisandra",NA,NA,NA,NA,NA,"Pujals, A.; Molina, J.M.P.; Molina, J.M.P.","s.n.","2019","01","25","Brazil","Minas Gerais","Itueta","-41.105556","-19.393889",NA,"MBM420818",NA,NA,NA,NA,"Southern America","-41.105556","-19.393889","120","120",NA,NA,NA,NA,NA
"31","2019-12-06 15:07:04-03","MBM","MBM","420651","S","Plantae",NA,"Moraceae","Dorstenia","bonijesu","Dorstenia bonijesu","Carauta & C. Valente","Mazziero, F.F.F.","2019","02","01","Mazziero, F.F.F.; Bonin Junior, P.; Bonin Junior, P.","4217","2019","01","28","Brazil","Minas Gerais","Itueta","-41.105278","-19.393889",NA,"MBM420651",NA,NA,NA,NA,"Southern America","-41.105278","-19.393889","110","110",NA,NA,NA,NA,NA
"32","2019-12-06 14:31:24-03","MBM","MBM","418929","S","Plantae",NA,"Asteraceae","Eclipta","prostrata","Eclipta prostrata","(L.) L.","Marinero, F.","2019","03","20","Marinero, F.; Nardin, E.C.; Nardin, E.C.","1189","2019","02","16","Brazil","Minas Gerais","Itueta","-41.1075","-19.393889",NA,"MBM418929",NA,NA,"Rio Doce",NA,"Southern America","-41.1075","-19.393889","95","95",NA,NA,NA,NA,NA
"33","2019-12-06 15:08:17-03","MBM","MBM","241630","S","Plantae",NA,"Myrtaceae","Eugenia","neomyrtifolia","Eugenia neomyrtifolia","Sobral","Kawasaki, M.L.","1999",NA,NA,"Trameirão Neto, E.","2451","1997","10","28","Brazil","Minas Gerais","Itueta","-41.1702995300293","-19.3941993713379","29671","MBM241630","MBM241630","auto","UHE AImorés. Fazenda Adolfo Schumaker","Floresta Semidecidual. Árvore","Southern America",NA,NA,NA,NA,NA,NA,NA,NA,NA
"34","2019-12-06 15:03:58-03","MBM","MBM","420806","S","Plantae",NA,"Marantaceae","Goeppertia","grazielae","Goeppertia grazielae","(H. Kenn. & J.M.A. Braga) Borchs. & S. Suárez","Mazziero, F.F.F.","2019","02","01","Mazziero, F.F.F.; Bonin Junior, P.; Bonin Junior, P.","4214","2019","01","28","Brazil","Minas Gerais","Itueta","-41.133056","-19.393611",NA,"MBM420806",NA,NA,NA,NA,"Southern America","-41.133056","-19.393611","110","110",NA,NA,NA,NA,NA
"35","2019-10-02 14:53:31-03","UFMG","BHCB","39987","PreservedSpecimen","Plantae","Dicotyledon","Fabaceae","Bauhinia","forficata","Bauhinia forficata","Link",NA,NA,NA,NA,NA,"s.n.",NA,NA,NA,"Brasil","Minas Gerais","Itueta","-41.1702995300293","-19.3941993713379","29671",NA,NA,"auto",NA,NA,"Southern America",NA,NA,NA,NA,NA,NA,NA,NA,NA
"36","2019-10-02 14:52:59-03","UFMG","BHCB","45664","PreservedSpecimen","Plantae","Dicotyledon","Euphorbiaceae","Acalypha",NA,"Acalypha",NA,NA,NA,NA,NA,"Tameirão Neto, E","2478","1997","10","28","Brasil","Minas Gerais","Itueta","-41.1702995300293","-19.3941993713379","29671","BHCB039720",NA,"auto",NA,"Arbóreo.; Floresta decidual.","Southern America",NA,NA,NA,NA,NA,NA,NA,NA,NA
"37","2019-10-02 14:56:15-03","UFMG","BHCB","45646","PreservedSpecimen","Plantae","Dicotyledon","Malpighiaceae","Tetrapterys",NA,"Tetrapterys",NA,NA,NA,NA,NA,"Tameirão Neto, E","2460","1997","10","28","Brasil","Minas Gerais","Itueta","-41.1702995300293","-19.3941993713379","29671","BHCB008416",NA,"auto",NA,"arboreo; floresta semidecidual","Southern America",NA,NA,NA,NA,NA,NA,NA,NA,NA
"38","2019-10-02 14:56:22-03","UFMG","BHCB","39967","PreservedSpecimen","Plantae","Dicotyledon","Malvaceae","Helicteres","macropetala","Helicteres macropetala","A.St.-Hil.",NA,NA,NA,NA,NA,"s.n.",NA,NA,NA,"Brasil","Minas Gerais","Itueta","-41.1702995300293","-19.3941993713379","29671",NA,NA,"auto",NA,NA,"Southern America",NA,NA,NA,NA,NA,NA,NA,NA,NA
"39","2019-10-02 15:04:11-03","UFMG","BHCB","192416","PreservedSpecimen","Plantae","Dicotyledon","Solanaceae","Solanum","crinitum","Solanum crinitum","Lam.",NA,"2018","11","12","Luz, AA da","283","2005","04","14","Brasil","Minas Gerais","Itueta","-41.1702995300293","-19.3941993713379","29671","BHCB192416",NA,"auto",NA,"Porte arbustivo, terrestre. Cor do botão verde; cor da flor roxa. Altura 2m.; capoeira","Southern America",NA,NA,NA,NA,NA,NA,NA,NA,NA
"40","2019-10-02 14:54:32-03","UFMG","BHCB","45540","PreservedSpecimen","Plantae","Dicotyledon","Fabaceae","Samanea","inopinata","Samanea inopinata","(Harms) Barneby & J.W.Grimes",NA,"2011","05","10","Tameirão Neto, E","2354","1997","01","29","Brasil","Minas Gerais","Itueta","-41.1702995300293","-19.3941993713379","29671","BHCB031238",NA,"auto",NA,"Fruto na carpoteca. UHE Aimorés.; Arbóreo; Floresta Semidecidual","Southern America",NA,NA,NA,NA,NA,NA,NA,NA,NA
"41","2019-10-02 15:03:15-03","UFMG","BHCB","45566","PreservedSpecimen","Plantae","Dicotyledon","Sapotaceae","Chrysophyllum","splendens","Chrysophyllum splendens","Spreng.",NA,"2008","12","04","Tameirão Neto, E","2380","1997","03","26","Brasil","Minas Gerais","Itueta","-41.1702995300293","-19.3941993713379","29671","BHCB004649",NA,"auto",NA,"UHE Aimorés. margem direita córrego resplendor. Árvore isolada, arbóreo","Southern America",NA,NA,NA,NA,NA,NA,NA,NA,NA
"42","2019-10-02 14:53:36-03","UFMG","BHCB","39968","PreservedSpecimen","Plantae","Dicotyledon","Fabaceae","Calliandra","harrisii","Calliandra harrisii","(Lindl.) Benth.",NA,NA,NA,NA,NA,"s.n.","1997","09","14","Brasil","Minas Gerais","Itueta","-41.1702995300293","-19.3941993713379","29671","BHCB008894",NA,"auto",NA,"Arbustivo. Visitada pelos beija-flores: Chlorostilbon aureoventris e Arnazilia lactea.; Mata Estacional Semidecidual.","Southern America",NA,NA,NA,NA,NA,NA,NA,NA,NA
"43","2020-02-20 17:34:17-03","UFMG","BHCB","39986","PreservedSpecimen","Plantae","Monocotyledon","Amaryllidaceae","Griffinia","liboniana","Griffinia liboniana",NA,NA,"2015","06",NA,"Vasconcelos, MF de","s.n.","1997","10","19","Brasil","Minas Gerais","Itueta","-41.1702995300293","-19.3941993713379","29671","BHCB012366","BHCB012366","auto",NA,"Herbáceo.; Mata estacional decidual.","Southern America",NA,NA,NA,NA,NA,NA,NA,NA,NA
"44","2019-10-02 15:02:59-03","UFMG","BHCB","45638","PreservedSpecimen","Plantae","Dicotyledon","Salicaceae","Casearia","luetzelburgii","Casearia luetzelburgii","Sleumer",NA,"2012","07",NA,"Tameirão Neto, E","2452","1997","10","28","Brasil","Minas Gerais","Itueta","-41.1702995300293","-19.3941993713379","29671","BHCB004280",NA,"auto",NA,"Floresta Semidecidual. arbóreo, UHE Aimorés. Fazenda Adolfo Schumaker","Southern America",NA,NA,NA,NA,NA,NA,NA,NA,NA
"45","2019-10-02 15:03:15-03","UFMG","BHCB","45645","PreservedSpecimen","Plantae","Dicotyledon","Sapotaceae","Chrysophyllum","lucentifolium","Chrysophyllum lucentifolium","Cronquist",NA,"2002","01",NA,"Tameirão Neto, E","2459","1997","10","28","Brasil","Minas Gerais","Itueta","-41.1702995300293","-19.3941993713379","29671","BHCB004705",NA,"auto",NA,"Floresta Semidecidual, arbóreo, UHE Aimorés. Fazenda Adolfo Schumaker","Southern America",NA,NA,NA,NA,NA,NA,NA,NA,NA
"46","2019-10-02 15:03:15-03","UFMG","BHCB","45601","PreservedSpecimen","Plantae","Dicotyledon","Sapotaceae","Chrysophyllum","lucentifolium","Chrysophyllum lucentifolium","Cronquist",NA,"2002","01",NA,"Tameirão Neto, E","2415","1997","07","10","Brasil","Minas Gerais","Itueta","-41.1702995300293","-19.3941993713379","29671","BHCB004704",NA,"auto",NA,"Floresta Semidecidual, arbóreo, UHE Aimorés. Fazenda Adolfo Shumaker","Southern America",NA,NA,NA,NA,NA,NA,NA,NA,NA
"47","2019-11-14 18:36:40-03","UFMG","BHCB","45595","PreservedSpecimen","Plantae","Dicotyledon","Euphorbiaceae","Cnidoscolus","oligandrus","Cnidoscolus oligandrus",NA,NA,"2018",NA,NA,"Tameirão Neto, E","2409","1997","03","26","Brasil","Minas Gerais","Itueta","-41.1702995300293","-19.3941993713379","29671","BHCB021125",NA,"auto",NA,"Arbóreo; Floresta Semidecidual","Southern America",NA,NA,NA,NA,NA,NA,NA,NA,NA
"48","2019-10-02 15:06:04-03","UFMG","BHCB","45616","PreservedSpecimen","Plantae","Monocotyledon","Bromeliaceae","Cryptanthus","minarum","Cryptanthus minarum","L.B.Sm.",NA,NA,NA,NA,"Tameirão Neto, E","s.n.","1997","07","10","Brasil","Minas Gerais","Itueta","-41.1702995300293","-19.3941993713379","29671",NA,NA,"auto",NA,"UHE Aimorés; Faz. Adolfo Shumaker. Herbáceo.","Southern America",NA,NA,NA,NA,NA,NA,NA,NA,NA
"49","2019-10-02 14:54:13-03","UFMG","BHCB","45576","PreservedSpecimen","Plantae","Dicotyledon","Fabaceae","Machaerium","ovalifolium","Machaerium ovalifolium","Glaz. ex Rudd",NA,"2000","09","06","Tameirão Neto, E","2390","1997","03","26","Brasil","Minas Gerais","Itueta","-41.1702995300293","-19.3941993713379","29671","BHCB046698",NA,"auto",NA,"UHE Aimorés.","Southern America",NA,NA,NA,NA,NA,NA,NA,NA,NA
"50","2019-10-02 14:54:25-03","UFMG","BHCB","45644","PreservedSpecimen","Plantae","Dicotyledon","Fabaceae","Parapiptadenia","pterosperma","Parapiptadenia pterosperma","(Benth.) Brenan",NA,"2012","11","01","Tameirão Neto, E","2458","1997","10","28","Brasil","Minas Gerais","Itueta","-41.1702995300293","-19.3941993713379","29671",NA,NA,"auto","Fazenda Adolfo Schumaker","Arbóreo.","Southern America",NA,NA,NA,NA,NA,NA,NA,NA,NA
"51","2019-10-02 14:56:08-03","UFMG","BHCB","39979","PreservedSpecimen","Plantae","Dicotyledon","Malpighiaceae","Heteropterys","chrysophylla","Heteropterys chrysophylla","Kunth",NA,"2001",NA,NA,NA,"s.n.","1997","10","22","Brasil","Minas Gerais","Itueta","-41.1702995300293","-19.3941993713379","29671","BHCB027625","BHCB027625","auto","Fazenda Nicoli.","Trepadeira; Borda de mata","Southern America",NA,NA,NA,NA,NA,NA,NA,NA,NA
"52","2019-10-02 14:52:02-03","UFMG","BHCB","40073","PreservedSpecimen","Plantae","Dicotyledon","Celastraceae","Maytenus",NA,"Maytenus",NA,NA,NA,NA,NA,"Vasconcelos, MF de","s.n.","1997","10","22","Brasil","Minas Gerais","Itueta","-41.1702995300293","-19.3941993713379","29671",NA,NA,"auto","Fazenda Nicoli.",NA,"Southern America",NA,NA,NA,NA,NA,NA,NA,NA,NA
"53","2019-10-02 15:02:51-03","UFMG","BHCB","40075","PreservedSpecimen","Plantae","Dicotyledon","Rutaceae",NA,NA,NA,NA,NA,NA,NA,NA,"Vasconcelos, MF de","s.n.","1997","10","22","Brasil","Minas Gerais","Itueta","-41.1702995300293","-19.3941993713379","29671",NA,NA,"auto","Fazenda Nicoli.",NA,"Southern America",NA,NA,NA,NA,NA,NA,NA,NA,NA
"54","2019-10-02 14:52:11-03","UFMG","BHCB","40072","PreservedSpecimen","Plantae","Dicotyledon","Chrysobalanaceae","Hirtella","triandra","Hirtella triandra","Sw.",NA,NA,NA,NA,"Vasconcelos, MF de","s.n.","1997","10","22","Brasil","Minas Gerais","Itueta","-41.1702995300293","-19.3941993713379","29671",NA,NA,"auto","Fazenda Nicoli.",NA,"Southern America",NA,NA,NA,NA,NA,NA,NA,NA,NA
"55","2019-10-02 14:53:19-03","UFMG","BHCB","40074","PreservedSpecimen","Plantae","Dicotyledon","Euphorbiaceae","Pachystroma","longifolium","Pachystroma longifolium","(Nees) I.M.Johnst.",NA,"2009",NA,NA,"Vasconcelos, MF de","s.n.","1997","10","22","Brasil","Minas Gerais","Itueta","-41.1702995300293","-19.3941993713379","29671","BHCB046053",NA,"auto","Fazenda Nicoli.",NA,"Southern America",NA,NA,NA,NA,NA,NA,NA,NA,NA
"56","2019-10-02 15:01:31-03","UFMG","BHCB","39978","PreservedSpecimen","Plantae","Dicotyledon","Piperaceae","Piper","amalago","Piper amalago","L.",NA,NA,NA,NA,NA,"s.n.",NA,NA,NA,"Brasil","Minas Gerais","Itueta","-41.1702995300293","-19.3941993713379","29671",NA,NA,"auto","Fazenda Nicoli.",NA,"Southern America",NA,NA,NA,NA,NA,NA,NA,NA,NA
"57","2019-10-02 14:50:08-03","UFMG","BHCB","45663","PreservedSpecimen","Plantae","Dicotyledon","Asteraceae","Gorceixia","decurrens","Gorceixia decurrens","Baker",NA,NA,NA,NA,"Tameirão Neto, E","2477","1997","10","28","Brasil","Minas Gerais","Itueta","-41.1702995300293","-19.3941993713379","29671",NA,NA,"auto","UHE Aimorés.","Floresta Decidual. Arbóreo.","Southern America",NA,NA,NA,NA,NA,NA,NA,NA,NA
"58","2019-10-02 14:54:12-03","UFMG","BHCB","45568","PreservedSpecimen","Plantae","Dicotyledon","Fabaceae","Machaerium","cantarellianum","Machaerium cantarellianum","Hoehne",NA,"2014","10","10","Tameirão Neto, E","2382","1997","03","26","Brasil","Minas Gerais","Itueta","-41.1702995300293","-19.3941993713379","29671","BHCB023129",NA,"auto","UHE Aimorés.","Floresta semidecidual","Southern America",NA,NA,NA,NA,NA,NA,NA,NA,NA
"59","2019-10-02 15:01:38-03","UFMG","BHCB","45650","PreservedSpecimen","Plantae","Dicotyledon","Polygalaceae","Acanthocladus","pulcherrimus","Acanthocladus pulcherrimus","(Kuhlm.) J.F.B.Pastore & D.B.O.S.Cardoso",NA,NA,NA,NA,"Tameirão Neto, E","2464","1997","10","28","Brasil","Minas Gerais","Itueta","-41.1702995300293","-19.3941993713379","29671",NA,NA,"auto","UHE Aimorés.","Floresta semidecidual. Arbóreo","Southern America",NA,NA,NA,NA,NA,NA,NA,NA,NA
"60","2019-12-16 17:40:50-03","UFMG","BHCB","45655","PreservedSpecimen","Plantae","Dicotyledon","Acanthaceae","Justicia","martiana","Justicia martiana",NA,NA,"2002","05",NA,"Tameirão Neto, E","2469","1997","10","28","Brasil","Minas Gerais","Itueta","-41.1702995300293","-19.3941993713379","29671","BHCB053052","BHCB053052","auto","UHE Aimorés.","Herbáceo.; Floresta Semidecidual.","Southern America",NA,NA,NA,NA,NA,NA,NA,NA,NA
"61","2019-12-16 17:40:50-03","UFMG","BHCB","45653","PreservedSpecimen","Plantae","Dicotyledon","Acanthaceae","Justicia","scheidweileri","Justicia scheidweileri","V. A. W. Graham",NA,"2002","05",NA,"Tameirão Neto, E","2467","1997","10","28","Brasil","Minas Gerais","Itueta","-41.1702995300293","-19.3941993713379","29671","BHCB053112","BHCB053112","auto","UHE Aimorés.","Herbáceo.; Floresta Semidecidual.","Southern America",NA,NA,NA,NA,NA,NA,NA,NA,NA
"62","2019-12-16 17:40:45-03","UFMG","BHCB","45654","PreservedSpecimen","Plantae","Dicotyledon","Acanthaceae","Chamaeranthemum","gaudichaudii","Chamaeranthemum gaudichaudii","Nees",NA,"2002","05",NA,"Tameirão Neto, E","2468","1997","10","28","Brasil","Minas Gerais","Itueta","-41.1702995300293","-19.3941993713379","29671","BHCB052830","BHCB052830","auto","UHE Aimorés.","Herbáceo.; Floresta Semidecidual.","Southern America",NA,NA,NA,NA,NA,NA,NA,NA,NA
"63","2019-10-02 14:54:10-03","UFMG","BHCB","45657","PreservedSpecimen","Plantae","Dicotyledon","Fabaceae","Lonchocarpus",NA,"Lonchocarpus",NA,NA,"2009","04",NA,"Tameirão Neto, E","2471","1997","10","28","Brasil","Minas Gerais","Itueta","-41.1702995300293","-19.3941993713379","29671","BHCB011581",NA,"auto","UHE Aimorés.","Arbóreo.; Floresta Semidecidual.","Southern America",NA,NA,NA,NA,NA,NA,NA,NA,NA
"64","2019-10-02 14:53:55-03","UFMG","BHCB","45584","PreservedSpecimen","Plantae","Dicotyledon","Fabaceae","Dalbergia","glaucescens","Dalbergia glaucescens","(Mart. ex Benth.) Benth.",NA,"2014","10","16","Tameirão Neto, E","2398","1997","03","26","Brasil","Minas Gerais","Itueta","-41.1702995300293","-19.3941993713379","29671","BHCB023131",NA,"auto","UHE Aimorés. Fazenda Adolfo Shumaker","Árvore; Floresta semidecidual","Southern America",NA,NA,NA,NA,NA,NA,NA,NA,NA
"65","2019-10-02 14:53:36-03","UFMG","BHCB","45634","PreservedSpecimen","Plantae","Dicotyledon","Fabaceae","Calliandra","harrisii","Calliandra harrisii","(Lindl.) Benth.",NA,NA,NA,NA,"Tameirão Neto, E","2448","1997","10","28","Brasil","Minas Gerais","Itueta","-41.1702995300293","-19.3941993713379","29671","BHCB008858",NA,"auto","UHE Aimorés. Fazenda Adolfo Shumaker","Arbustivo.; Floresta Semidecidual.","Southern America",NA,NA,NA,NA,NA,NA,NA,NA,NA
"66","2019-10-02 15:01:48-03","UFMG","BHCB","45605","PreservedSpecimen","Plantae","Dicotyledon","Polygonaceae","Coccoloba",NA,"Coccoloba","P. Browne",NA,NA,NA,NA,"Tameirão Neto, E","2419","1997","07","10","Brasil","Minas Gerais","Itueta","-41.1702995300293","-19.3941993713379","29671",NA,NA,"auto","UHE Aimorés. Fazenda Adolfo Shumaker","Floresta Semidecidual. Escandente","Southern America",NA,NA,NA,NA,NA,NA,NA,NA,NA
"67","2019-10-02 15:00:52-03","UFMG","BHCB","45600","PreservedSpecimen","Plantae","Dicotyledon","Nyctaginaceae","Guapira","hirsuta","Guapira hirsuta","(Choisy) Lundell",NA,"2018","12","13","Tameirão Neto, E","s.n.2414","1997","07","10","Brasil","Minas Gerais","Itueta","-41.1702995300293","-19.3941993713379","29671","BHCB047045",NA,"auto","UHE Aimorés. Fazenda Adolfo Shumaker","Arbóreo.; Floresta Semidecidual.","Southern America",NA,NA,NA,NA,NA,NA,NA,NA,NA
"68","2019-10-02 14:54:10-03","UFMG","BHCB","45582","PreservedSpecimen","Plantae","Dicotyledon","Fabaceae","Lonchocarpus",NA,"Lonchocarpus",NA,NA,"2009","04",NA,"Tameirão Neto, E","2396","1997","03","26","Brasil","Minas Gerais","Itueta","-41.1702995300293","-19.3941993713379","29671","BHCB011574",NA,"auto","UHE Aimorés. Fazenda Adolfo Shumaker.","Arbóreo.; Floresta Semidecidual.","Southern America",NA,NA,NA,NA,NA,NA,NA,NA,NA
"69","2019-10-02 14:51:16-03","UFMG","BHCB","45607","PreservedSpecimen","Plantae","Dicotyledon","Bignoniaceae","Adenocalymma","aurantiacum","Adenocalymma aurantiacum","Udulutsch & Assis",NA,"2013",NA,NA,"Tameirão Neto, E","2421","1997","07","10","Brasil","Minas Gerais","Itueta","-41.1702995300293","-19.3941993713379","29671","BHCB046867","BHCB046867","auto","UHE Aimorés., Fazenda Adolfo Shumaker","Escandente; Floresta Semidecidual","Southern America",NA,NA,NA,NA,"Paratypus",NA,NA,NA,NA
"70","2019-12-15 13:42:11-03","UNESP-RC","HRCB","57599","S","Plantae",NA,"Lauraceae","Nectandra","reticulata","Nectandra reticulata","Mez","Quinet, A.","2006","11","14","Luz, A.A. da","218","2004","08","18","Brasil","Minas Gerais","Itueta","-41.1702995300293","-19.3941993713379","29671",NA,NA,"auto","Estrada Córrego Coqueiro a Quatituba","Arbóreo, terrestre, fuste cilíndrico, casca áspera, altura total 9m, fuste 3m, cap fuste 40cm, diâmetro copa 4m. Botão verde, flor branca, seiva incolor, descamação ausente. <ll>dwc_commonname:</ll> canela peluda",NA,NA,NA,NA,NA,NA,NA,NA,NA,NA
"71","2019-12-15 13:41:26-03","UNESP-RC","HRCB","42833","S","Plantae",NA,"Dioscoreaceae","Dioscorea",NA,"Dioscorea",NA,NA,NA,NA,NA,"Tameirão Neto, E.","2473","1997","10","28","Brasil","Minas Gerais","Itueta","-41.1702995300293","-19.3941993713379","29671",NA,NA,"auto","UHE Aimorés","Escandente",NA,NA,NA,NA,NA,NA,NA,NA,NA,NA
"72","2019-12-15 13:41:26-03","UNESP-RC","HRCB","42831","S","Plantae",NA,"Dioscoreaceae","Dioscorea","piperifolia","Dioscorea piperifolia","Humb. & Bonpl. ex Willd.","Araújo, D.","2011","09","02","Tameirão Neto, E.","2472","1997","10","28","Brasil","Minas Gerais","Itueta","-41.1702995300293","-19.3941993713379","29671",NA,NA,"auto","UHE Aimorés","Escandente",NA,NA,NA,NA,NA,NA,NA,NA,NA,NA
"73","2019-12-15 13:41:00-03","UNESP-RC","HRCB","41397","S","Plantae",NA,"Celastraceae","Maytenus","aquifolia","Maytenus aquifolia","Mart.","Lombardi, J.A.","2007","05",NA,"Tameirão Neto, E.","2383","1997","02","26","Brasil","Minas Gerais","Itueta","-41.1702995300293","-19.3941993713379","29671",NA,NA,"auto","UHE Aimorés","Arbóreo <ll>dwc_commonname:</ll> Folha da serra",NA,NA,NA,NA,NA,NA,NA,NA,NA,NA
"74","2020-03-09 10:33:02-03","CVRD","CVRD","12547","PreservedSpecimen","Plantae","Magnoliophyta","Moraceae","Brosimum","gaudichaudii","Brosimum gaudichaudii","Trécul","Sergio Romaniuc Neto","2009","12","11","Luz, A.A. da","512","2009","09","24","BRASIL","MG","Itueta","-41.257936","-19.388981",NA,"CVRD012547",NA,NA,NA,"<ll>dwc_commonname:</ll> Sally branco","América do Sul","-41.257936","-19.388981",NA,NA,NA,"Magnoliopsida","Rosales",NA,NA
"75","2020-03-09 10:32:51-03","CVRD","CVRD","12106","PreservedSpecimen","Plantae","Magnoliophyta","Calophyllaceae","Calophyllum","brasiliense","Calophyllum brasiliense","Cambess.","Domingos A. Folli","2009","03","31","Luz, A.A. da","502","2009","03","31","BRASIL","MG","Itueta","-41.236593","-19.481812",NA,"CVRD012106",NA,NA,NA,"<ll>dwc_commonname:</ll> Guanandi preto","América do Sul","-41.236593","-19.481812",NA,NA,NA,"Magnoliopsida","Malpighiales",NA,NA
"76","2020-03-09 10:32:57-03","CVRD","CVRD","12533","PreservedSpecimen","Plantae","Magnoliophyta","Malvaceae","Cavanillesia","umbellata","Cavanillesia umbellata","Ruiz & Pav.","Geovane S. Siqueira","2018","08","17","Luz, A.A. da","508","2009","09","03","BRASIL","MG","Itueta","-41.284297","-19.441252",NA,"CVRD012533","CVRD012533",NA,NA,"<ll>dwc_commonname:</ll> Barriguda","América do Sul","-41.284297","-19.441252",NA,NA,NA,"Magnoliopsida","Malvales",NA,NA
"77","2020-01-31 11:24:21-03","CVRD","CVRD","14888","PreservedSpecimen","Plantae","Magnoliophyta","Fabaceae","Dahlstedtia","floribunda","Dahlstedtia floribunda","(Vogel) M.J. Silva & A.M.G. Azevedo","Geovane S. Siqueira","2015","03","04","Luz, A.A. da","517","2012","03","14","BRASIL","MG","Itueta","-41.261667","-19.424722",NA,"CVRD014888",NA,NA,NA,"<ll>dwc_commonname:</ll> Óleo grande","América do Sul","41°15'42W","19°25'29S",NA,NA,NA,"Magnoliopsida","Fabales",NA,NA
"78","2020-01-31 11:24:21-03","CVRD","CVRD","14890","PreservedSpecimen","Plantae","Magnoliophyta","Fabaceae","Dahlstedtia","floribunda","Dahlstedtia floribunda","(Vogel) M.J. Silva & A.M.G. Azevedo","Geovane S. Siqueira","2015","03","04","Folli, D.A.","7192","2014","04","14","BRASIL","MG","Itueta","-41.261667","-19.424722",NA,"CVRD014890","CVRD014890",NA,NA,"Mata ciliar <ll>dwc_commonname:</ll> Óleo grande","América do Sul","41°15'42W","19°25'29S","140","140",NA,"Magnoliopsida","Fabales",NA,NA
"79","2020-03-09 10:32:57-03","CVRD","CVRD","8012","PreservedSpecimen","Plantae","Magnoliophyta","Erythroxylaceae","Erythroxylum","pelleterianum","Erythroxylum pelleterianum"," A.St.-Hil.","Loila, M.I.B.","2014","04","07","Luz, A.A. da","85","2002","11","19","BRASIL","MG","Itueta","-41.1702995300293","-19.3941993713379","29671","CVRD008012",NA,"auto",NA,"<ll>dwc_commonname:</ll> Epadú de grotão","América do Sul",NA,NA,NA,NA,NA,"Magnoliopsida","Malpighiales",NA,NA
"80","2020-01-31 13:35:07-03","CVRD","CVRD","8904","PreservedSpecimen","Plantae","Magnoliophyta","Fabaceae","Samanea","inopinata","Samanea inopinata","(Harms) R.C.Barneby & J.W.Grimes","Domingos A. Folli","2004","09","29","Luz, A.A. da","234","2004","09","29","BRASIL","MG","Itueta","-41.1702995300293","-19.3941993713379","29671","CVRD008904",NA,"auto",NA,"<ll>dwc_commonname:</ll> Sete cascas","América do Sul",NA,NA,NA,NA,NA,"Magnoliopsida","Fabales",NA,NA
"81","2020-01-31 13:35:01-03","CVRD","CVRD","10634","PreservedSpecimen","Plantae","Magnoliophyta","Fabaceae","Bauhinia","forficata","Bauhinia forficata subsp. forficata","Link","Domingos A. Folli","2008","01","11","Luz, A.A. da","482","2008","01","11","BRASIL","MG","Itueta","-41.1702995300293","-19.3941993713379","29671","CVRD010634",NA,"auto",NA,"Está coleta foi coletada em 11/dez/2007 <ll>dwc_commonname:</ll> Unha de vaca","América do Sul",NA,NA,NA,NA,NA,"Magnoliopsida","Fabales","subsp. forficata",NA
"82","2020-01-31 11:25:35-03","CVRD","CVRD","9095","PreservedSpecimen","Plantae","Magnoliophyta","Rutaceae","Hortia","brasiliana","Hortia brasiliana","Vand. ex DC.","Domingos A. Folli","2005","03","22","Luz, A.A. da","279","2005","03","22","BRASIL","MG","Itueta","-41.1702995300293","-19.3941993713379","29671","CVRD009095",NA,"auto",NA,"<ll>dwc_commonname:</ll> Paratudo vermelho","América do Sul",NA,NA,NA,NA,NA,"Magnoliopsida","Sapindales",NA,NA
"83","2020-01-31 13:35:04-03","CVRD","CVRD","9096","PreservedSpecimen","Plantae","Magnoliophyta","Fabaceae","Melanoxylon","brauna","Melanoxylon brauna","Schott","Domingos A. Folli","2005","03","22","Luz, A.A. da","277","2005","03","22","BRASIL","MG","Itueta","-41.1702995300293","-19.3941993713379","29671","CVRD009096",NA,"auto",NA,"<ll>dwc_commonname:</ll> Braúna preta","América do Sul",NA,NA,NA,NA,NA,"Magnoliopsida","Fabales",NA,NA
"84","2020-01-31 11:24:20-03","CVRD","CVRD","10032","PreservedSpecimen","Plantae","Magnoliophyta","Fabaceae","Centrolobium","tomentosum","Centrolobium tomentosum","Guillem. ex Benth.","Domingos A. Folli","2007","03","20","Luz, A.A. da","380","2007","03","20","BRASIL","MG","Itueta","-41.1702995300293","-19.3941993713379","29671","CVRD010032",NA,"auto",NA,"400 Metros antes da igreja de Santa Luzia <ll>dwc_commonname:</ll> Araribá vermelho","América do Sul",NA,NA,NA,NA,NA,"Magnoliopsida","Fabales",NA,NA
"85","2020-03-09 10:32:37-03","CVRD","CVRD","8857","PreservedSpecimen","Plantae","Magnoliophyta","Bignoniaceae","Handroanthus","ochraceus","Handroanthus ochraceus","(Cham.) Mattos","Lúcia G. Lohmann","2007","05","23","Luz, A.A. da","223","2004","09","01","BRASIL","MG","Itueta","-41.1702995300293","-19.3941993713379","29671","CVRD008857",NA,"auto",NA,"flores com listras vermelhas. <ll>dwc_commonname:</ll> Ipê coceira","América do Sul",NA,NA,NA,NA,NA,"Magnoliopsida","Lamiales",NA,NA
"86","2020-01-31 11:25:28-03","CVRD","CVRD","8942","PreservedSpecimen","Plantae","Magnoliophyta","Moraceae","Maclura","tinctoria","Maclura tinctoria","(L.) D. Don ex Stevd.","Domingos A. Folli","2004","10","07","Luz, A.A. da","244","2004","10","07","BRASIL","MG","Itueta","-41.1702995300293","-19.3941993713379","29671","CVRD008942",NA,"auto",NA,"<ll>dwc_commonname:</ll> Moreira","América do Sul",NA,NA,NA,NA,NA,"Magnoliopsida","Rosales",NA,NA
"87","2020-01-31 11:23:53-03","CVRD","CVRD","9224","PreservedSpecimen","Plantae","Magnoliophyta","Asteraceae","Eremanthus","erythropappus","Eremanthus erythropappus","(DC.) MacLeish","Marcelo Monge","2011","08","17","Luz, A.A. da","304","2005","10","06","BRASIL","MG","Itueta","-41.1702995300293","-19.3941993713379","29671","CVRD009224",NA,"auto",NA,"<ll>dwc_commonname:</ll> Candeia","América do Sul",NA,NA,NA,NA,NA,"Magnoliopsida","Asterales",NA,NA
"88","2020-01-31 13:35:01-03","CVRD","CVRD","8969","PreservedSpecimen","Plantae","Magnoliophyta","Fabaceae","Dimorphandra","jorgei","Dimorphandra jorgei","M.F.Silva","Domingos A. Folli","2004","11","08","Luz, A.A. da","252","2004","11","03","BRASIL","MG","Itueta","-41.1702995300293","-19.3941993713379","29671","CVRD008969",NA,"auto",NA,"<ll>dwc_commonname:</ll> Pau para tudo","América do Sul",NA,NA,NA,NA,NA,"Magnoliopsida","Fabales",NA,NA
"89","2020-01-31 11:25:22-03","CVRD","CVRD","8609","PreservedSpecimen","Plantae","Magnoliophyta","Myrtaceae","Myrciaria","floribunda","Myrciaria floribunda","(H.West ex Willd.) O.Berg","Marcelo C. Souza","2005","11","23","Luz, A.A. da","157","2004","02","26","BRASIL","MG","Itueta","-41.1702995300293","-19.3941993713379","29671","CVRD008609",NA,"auto",NA,"<ll>dwc_commonname:</ll> Vassourinha lisa","América do Sul",NA,NA,NA,NA,NA,"Magnoliopsida","Myrtales",NA,NA
"90","2020-01-31 13:35:06-03","CVRD","CVRD","9244","PreservedSpecimen","Plantae","Magnoliophyta","Fabaceae","Parapiptadenia","pterosperma","Parapiptadenia pterosperma","Benth.) Brenan","Pétala G. Ribeiro","2013","05","03","Luz, A.A. da","305","2005","11","03","BRASIL","MG","Itueta","-41.1702995300293","-19.3941993713379","29671","CVRD009244",NA,"auto",NA,"<ll>dwc_commonname:</ll> Angico vermelho","América do Sul",NA,NA,NA,NA,NA,"Magnoliopsida","Fabales",NA,NA
"91","2020-01-31 13:35:21-03","CVRD","CVRD","10544","PreservedSpecimen","Plantae","Magnoliophyta","Malvaceae","Cavanillesia","umbellata","Cavanillesia umbellata","Ruiz & Pav.","Geovane S. Siqueira","2018","08","17","Folli, D.A.","5762","2007","11","07","BRASIL","MG","Itueta","-41.1702995300293","-19.3941993713379","29671","CVRD010544",NA,"auto",NA,"<ll>dwc_commonname:</ll> Barriguda","América do Sul",NA,NA,NA,NA,NA,"Magnoliopsida","Malvales",NA,NA
"92","2020-01-31 11:25:33-03","CVRD","CVRD","10107","PreservedSpecimen","Plantae","Magnoliophyta","Meliaceae","Trichilia","pallida","Trichilia pallida","Sw.","Domingos A. Folli","2007","05","17","Luz, A.A. da","393","2007","04","11","BRASIL","MG","Itueta","-41.1702995300293","-19.3941993713379","29671","CVRD010107",NA,"auto",NA,"<ll>dwc_commonname:</ll> Cedro cascudo","América do Sul",NA,NA,NA,NA,NA,"Magnoliopsida","Sapindales",NA,NA
"93","2020-01-31 13:35:07-03","CVRD","CVRD","13443","PreservedSpecimen","Plantae","Magnoliophyta","Fabaceae","Senegalia","kallunkiae","Senegalia kallunkiae","(J.W. Grimes & Barneby) Seigler & Ebinger","Pétala G. Ribeiro","2013","05","03","Folli, D.A.","6788","2011","08","04","BRASIL","MG","Itueta","-41.1702995300293","-19.3941993713379","29671","CVRD013443",NA,"auto",NA,"<ll>dwc_commonname:</ll> Cobi de espinho","América do Sul",NA,NA,NA,NA,NA,"Magnoliopsida","Fabales",NA,NA
"94","2020-01-31 13:35:00-03","CVRD","CVRD","8905","PreservedSpecimen","Plantae","Magnoliophyta","Fabaceae","Abarema","cochliacarpos","Abarema cochliacarpos","(Gomes) Barneby & J.W.Grimes","Domingos A. Folli","2004","09","29","Luz, A.A. da","235","2004","09","29","BRASIL","MG","Itueta","-41.1702995300293","-19.3941993713379","29671","CVRD008905",NA,"auto",NA,"<ll>dwc_commonname:</ll> Ingá preto","América do Sul",NA,NA,NA,NA,NA,"Magnoliopsida","Fabales",NA,NA
"95","2020-03-09 10:32:39-03","CVRD","CVRD","8858","PreservedSpecimen","Plantae","Magnoliophyta","Bignoniaceae","Tabebuia","obtusifolia","Tabebuia obtusifolia","(Cham.) Bureau","Domingos A. Folli","2004","09","01","Luz, A.A. da","224","2004","09","01","BRASIL","MG","Itueta","-41.1702995300293","-19.3941993713379","29671","CVRD008858",NA,"auto",NA,"<ll>dwc_commonname:</ll> Pau tamanco","América do Sul",NA,NA,NA,NA,NA,"Magnoliopsida","Lamiales",NA,NA
"96","2020-01-31 11:25:42-03","CVRD","CVRD","9106","PreservedSpecimen","Plantae","Magnoliophyta","Solanaceae","Solanum","sp.","Solanum sp.",NA,NA,NA,NA,NA,"Luz, A.A. da","283","2005","04","14","BRASIL","MG","Itueta","-41.1702995300293","-19.3941993713379","29671","CVRD009106",NA,"auto",NA,"<ll>dwc_commonname:</ll> Lobeira","América do Sul",NA,NA,NA,NA,NA,"Magnoliopsida","Solanales",NA,NA
"97","2020-03-09 10:32:42-03","CVRD","CVRD","9094","PreservedSpecimen","Plantae","Magnoliophyta","Lamiaceae","Vitex","aff. megapotamica","Vitex aff. megapotamica","(Spreng.) Moldenke","Domingos A. Folli","2005","03","22","Luz, A.A. da","278","2005","03","22","BRASIL","MG","Itueta","-41.1702995300293","-19.3941993713379","29671","CVRD009094",NA,"auto",NA,"<ll>dwc_commonname:</ll> Tarumã preto","América do Sul",NA,NA,NA,NA,NA,"Magnoliopsida","Lamiales",NA,NA
"98","2020-01-31 11:24:23-03","CVRD","CVRD","9614","PreservedSpecimen","Plantae","Magnoliophyta","Fabaceae","Lonchocarpus","cultratus","Lonchocarpus cultratus","(Vell.) A.M.G. Azevedo & H.C. Lima","Domingos A. Folli","2006","06","01","Luz, A.A. da","332","2006","06","01","BRASIL","MG","Itueta","-41.1702995300293","-19.3941993713379","29671","CVRD009614",NA,"auto",NA,"<ll>dwc_commonname:</ll> Óleo amarelo","América do Sul",NA,NA,NA,NA,NA,"Magnoliopsida","Fabales",NA,NA
"99","2020-01-31 11:25:28-03","CVRD","CVRD","10633","PreservedSpecimen","Plantae","Magnoliophyta","Moraceae","Maclura","tinctoria","Maclura tinctoria","(L.) D. Don ex Stevd.","Geovane S. Siqueira","2008","03","10","Luz, A.A. da","481","2008","01","11","BRASIL","MG","Itueta","-41.1702995300293","-19.3941993713379","29671","CVRD010633",NA,"auto",NA,"Está coleta foi coletada em 11/dez/2007 <ll>dwc_commonname:</ll> Moreira","América do Sul",NA,NA,NA,NA,NA,"Magnoliopsida","Rosales",NA,NA
"100","2020-03-09 10:32:51-03","CVRD","CVRD","9467","PreservedSpecimen","Plantae","Magnoliophyta","Calophyllaceae","Calophyllum","brasiliense","Calophyllum brasiliense","Cambess.","Domingos A. Folli","2006","03","07","Luz, A.A. da","314","2006","03","07","BRASIL","MG","Itueta","-41.1702995300293","-19.3941993713379","29671","CVRD009467",NA,"auto",NA,"<ll>dwc_commonname:</ll> Guanandi preto","América do Sul",NA,NA,NA,NA,NA,"Magnoliopsida","Malpighiales",NA,NA
"101","2020-01-31 11:23:59-03","CVRD","CVRD","9465","PreservedSpecimen","Plantae","Magnoliophyta","Phytolaccaceae","Seguieria","langsdorffii","Seguieria langsdorffii","Moq.","Domingos A. Folli","2006","04","18","Luz, A.A. da","312","2006","03","07","BRASIL","MG","Itueta","-41.1702995300293","-19.3941993713379","29671","CVRD009465",NA,"auto",NA,"<ll>dwc_commonname:</ll> Beija-flor","América do Sul",NA,NA,NA,NA,NA,"Magnoliopsida","Caryophyllales",NA,NA
"102","2020-01-31 13:35:03-03","CVRD","CVRD","9466","PreservedSpecimen","Plantae","Magnoliophyta","Fabaceae","Goniorrhachis","marginata","Goniorrhachis marginata","Taub.","Domingos A. Folli","2006","03","07","Luz, A.A. da","313","2006","03","07","BRASIL","MG","Itueta","-41.1702995300293","-19.3941993713379","29671","CVRD009466",NA,"auto",NA,"<ll>dwc_commonname:</ll> Guaribú amarelo","América do Sul",NA,NA,NA,NA,NA,"Magnoliopsida","Fabales",NA,NA
"103","2020-01-31 13:35:07-03","CVRD","CVRD","8906","PreservedSpecimen","Plantae","Magnoliophyta","Fabaceae","Pseudopiptadenia","contorta","Pseudopiptadenia contorta","(DC.) G.P.Lewis & M.P.M.de Lima","Domingos A. Folli","2004","09","29","Luz, A.A. da","236","2004","09","29","BRASIL","MG","Itueta","-41.1702995300293","-19.3941993713379","29671","CVRD008906",NA,"auto",NA,"<ll>dwc_commonname:</ll> Angico rosa","América do Sul",NA,NA,NA,NA,NA,"Magnoliopsida","Fabales",NA,NA
"104","2020-01-31 11:24:05-03","CVRD","CVRD","6897","PreservedSpecimen","Plantae","Magnoliophyta","Ebenaceae","Diospyros","hispida","Diospyros hispida","A. DC.","Bruno Wallnöfer","2010","03","05","Luz, A.A. da","9","2001","06","19","BRASIL","MG","Itueta","-41.1702995300293","-19.3941993713379","29671","CVRD006897",NA,"auto",NA,"<ll>dwc_commonname:</ll> Abricó da mata","América do Sul",NA,NA,NA,NA,NA,"Magnoliopsida","Ericales",NA,NA
"105","2020-01-31 11:25:24-03","CVRD","CVRD","9435","PreservedSpecimen","Plantae","Magnoliophyta","Connaraceae","Connarus","sp.","Connarus sp.",NA,NA,NA,NA,NA,"Luz, A.A. da","307","2005","12","11","BRASIL","MG","Itueta","-41.1702995300293","-19.3941993713379","29671","CVRD009435",NA,"auto",NA,"<ll>dwc_commonname:</ll> Pitomba de bobo","América do Sul",NA,NA,NA,NA,NA,"Magnoliopsida","Oxalidales",NA,NA
"106","2020-01-31 11:24:05-03","CVRD","CVRD","9615","PreservedSpecimen","Plantae","Magnoliophyta","Ebenaceae","Diospyros","hispida","Diospyros hispida","A. DC.","Bruno Wallnöfer","2010","03","05","Luz, A.A. da","331","2006","06","01","BRASIL","MG","Itueta","-41.1702995300293","-19.3941993713379","29671","CVRD009615",NA,"auto",NA,"<ll>dwc_commonname:</ll> Abricó da mata","América do Sul",NA,NA,NA,NA,NA,"Magnoliopsida","Ericales",NA,NA
"107","2020-03-09 10:32:45-03","CVRD","CVRD","8846","PreservedSpecimen","Plantae","Magnoliophyta","Lauraceae","Nectandra","reticulata","Nectandra reticulata","(Ruíz & Pav.) Mez","Alexandre Quinet","2006","11","14","Luz, A.A. da","218","2004","08","18","BRASIL","MG","Itueta","-41.1702995300293","-19.3941993713379","29671","CVRD008846",NA,"auto",NA,"<ll>dwc_commonname:</ll> Canela peluda","América do Sul",NA,NA,NA,NA,NA,"Magnoliopsida","Laurales",NA,NA
"108","2020-01-31 11:24:24-03","CVRD","CVRD","8979","PreservedSpecimen","Plantae","Magnoliophyta","Fabaceae","Platypodium","elegans","Platypodium elegans","Vog.","Domingos A. Folli","2004","11","17","Luz, A.A. da","262","2004","11","17","BRASIL","MG","Itueta","-41.1702995300293","-19.3941993713379","29671","CVRD008979",NA,"auto",NA,"<ll>dwc_commonname:</ll> Uruvalheira","América do Sul",NA,NA,NA,NA,NA,"Magnoliopsida","Fabales",NA,NA
"109","2020-03-09 10:32:42-03","CVRD","CVRD","10635","PreservedSpecimen","Plantae","Magnoliophyta","Verbenaceae","Aloysia","virgata","Aloysia virgata","(Ruiz & Pav.) Pers.","Geovane S. Siqueira","2009","03","24","Luz, A.A. da","483","2008","01","11","BRASIL","MG","Itueta","-41.1702995300293","-19.3941993713379","29671","CVRD010635",NA,"auto","10 KM antes de chegar em Aimores.","Está coleta foi coletada em 11/dez/2007 <ll>dwc_commonname:</ll> Cidreira branca","América do Sul",NA,NA,NA,NA,NA,"Magnoliopsida","Lamiales",NA,NA
"110","2020-02-14 15:53:37-03","CVRD","CVRD","8713","PreservedSpecimen","Plantae","Magnoliophyta","Fabaceae","Mimosa","schomburgkii","Mimosa schomburgkii","Benth.","Geovane S. Siqueira","2020","02","05","Luz, A.A. da","181","2004","04","29","BRASIL","MG","Itueta","-41.1702995300293","-19.3941993713379","29671","CVRD008713",NA,"auto","Aimorés a Respledor","<ll>dwc_commonname:</ll> Angico cangalha","América do Sul",NA,NA,NA,NA,NA,"Magnoliopsida","Fabales",NA,NA
"111","2020-01-31 11:24:21-03","CVRD","CVRD","10727","PreservedSpecimen","Plantae","Magnoliophyta","Fabaceae","Dahlstedtia","floribunda","Dahlstedtia floribunda","(Vogel) M.J. Silva & A.M.G. Azevedo","Geovane S. Siqueira","2015","03","04","Luz, A.A. da","488","2007","12","11","BRASIL","MG","Itueta","-41.1702995300293","-19.3941993713379","29671","CVRD010727",NA,"auto","coletado em 11-12-2007","saindo de Itueta para Quatituba 1Km.lado direito. <ll>dwc_commonname:</ll> Óleo grande","América do Sul",NA,NA,NA,NA,NA,"Magnoliopsida","Fabales",NA,NA
"112","2020-01-31 13:35:06-03","CVRD","CVRD","10730","PreservedSpecimen","Plantae","Magnoliophyta","Fabaceae","Parapiptadenia","pterosperma","Parapiptadenia pterosperma","Benth.) Brenan","Pétala G. Ribeiro","2013","05","03","Luz, A.A. da","485","2008","02","11","BRASIL","MG","Itueta","-41.1702995300293","-19.3941993713379","29671","CVRD010730",NA,"auto","coletado em 11-12-2007","Estr. Corrego coqueiro 1 km. <ll>dwc_commonname:</ll> Angico vermelho","América do Sul",NA,NA,NA,NA,NA,"Magnoliopsida","Fabales",NA,NA
"113","2020-03-09 10:32:37-03","CVRD","CVRD","9464","PreservedSpecimen","Plantae","Magnoliophyta","Bignoniaceae","Handroanthus","heptaphyllus","Handroanthus heptaphyllus","(Vell.) Mattos","Lúcia G. Lohmann","2007","05","23","Luz, A.A. da","311","2006","03","07","BRASIL","MG","Itueta","-41.1702995300293","-19.3941993713379","29671","CVRD009464",NA,"auto","Córrego Aldeia Faz. Do Nicoli","<ll>dwc_commonname:</ll> Ipê roxo","América do Sul",NA,NA,NA,NA,NA,"Magnoliopsida","Lamiales",NA,NA
"114","2020-01-31 11:24:21-03","CVRD","CVRD","9198","PreservedSpecimen","Plantae","Magnoliophyta","Fabaceae","Crotalaria","spectabilis","Crotalaria spectabilis","Röth","Geovane S. Siqueira","2005","08","24","Reis, R.","70","2005","07","20","BRASIL","MG","Itueta","-41.1702995300293","-19.3941993713379","29671","CVRD009198",NA,"auto","Km 200 + 100","Linha 1 àrea C <ll>dwc_commonname:</ll> Guando mineiro","América do Sul",NA,NA,NA,NA,NA,"Magnoliopsida","Fabales",NA,NA
"115","2019-11-13 11:22:13-03","USP","SPF","226075","PreservedSpecimen","Plantae",NA,"Leguminosae","Dahlstedtia","floribunda","Dahlstedtia floribunda","(Vogel) M.J.Silva & A.M.G.Azevedo","Siqueira, GS","2015","03","04","Folli, DA","7192","2014","04","14","Brasil","Minas Gerais","Itueta","-41.261667","-19.424722",NA,"SPF00226075",NA,NA,"Quatituba.",NA,NA,"-41.261667","-19.424722","140","140",NA,NA,NA,NA,NA
"116","2019-11-13 11:22:13-03","USP","SPF","226076","PreservedSpecimen","Plantae",NA,"Leguminosae","Dahlstedtia","floribunda","Dahlstedtia floribunda","(Vogel) M.J.Silva & A.M.G.Azevedo","Siqueira, GS","2015","03","04","Luz, AA","517","2012","03","14","Brasil","Minas Gerais","Itueta","-41.261667","-19.424722",NA,"SPF00226076",NA,NA,"Quatituba.",NA,NA,"-41.261667","-19.424722",NA,NA,NA,NA,NA,NA,NA
"117","2019-11-13 11:26:13-03","USP","SPF","139752","PreservedSpecimen","Plantae",NA,"Meliaceae","Trichilia","hirta","Trichilia hirta","L.","Pirani, JR","2003",NA,NA,"Tameirão Neto, E","2474","1997","10","28","Brasil","Minas Gerais","Itueta","-41.1702995300293","-19.3941993713379","29671","SPF00139752",NA,"auto",NA,NA,NA,NA,NA,NA,NA,NA,NA,NA,NA,NA
"118","2020-01-21 16:15:10-03","USP","SPF","199245","PreservedSpecimen","Plantae",NA,"Bignoniaceae","Handroanthus","ochraceus","Handroanthus ochraceus","(Cham.) Mattos","Lohmann, LG","2009",NA,NA,"Luz, AA","223","2004","09","01","Brasil","Minas Gerais","Itueta","-41.1702995300293","-19.3941993713379","29671","SPF00199245",NA,"auto","EstrNova Itueta a Quatituba., Km 2","Arborea, 7m de alt. Botão amarelado. Flor amarelada com listras vermelhas. Seiva incolor.",NA,NA,NA,NA,NA,NA,NA,NA,NA,NA
"119","2019-11-13 11:22:13-03","USP","SPF","226077","PreservedSpecimen","Plantae",NA,"Leguminosae","Dahlstedtia","floribunda","Dahlstedtia floribunda","(Vogel) M.J.Silva & A.M.G.Azevedo","Siqueira, GS","2015","03","04","Luz, AA","488","2007","12","11","Brasil","Minas Gerais","Itueta","-41.1702995300293","-19.3941993713379","29671","SPF00226077",NA,"auto","Quatituba.",NA,NA,NA,NA,NA,NA,NA,NA,NA,NA,NA
"120","2019-11-13 11:30:39-03","USP","SPF","136336","PreservedSpecimen","Plantae",NA,"Rutaceae","Balfourodendron","riedelianum","Balfourodendron riedelianum","(Engl.) Engl.","Tameirão Neto, E",NA,NA,NA,"Tameirão Neto, E","2384","1997","03","26","Brasil","Minas Gerais","Itueta","-41.1702995300293","-19.3941993713379","29671","SPF00136336",NA,"auto","UHE Aimorés.",NA,NA,NA,NA,NA,NA,NA,NA,NA,NA,NA
"121","2019-11-13 11:30:45-03","USP","SPF","136333","PreservedSpecimen","Plantae",NA,"Rutaceae","Conchocarpus","rubrus","Conchocarpus rubrus","(A.St.-Hil.) Bruniera & Groppo","Pirani, JR","2015",NA,NA,"Tameirão Neto, E","2423","1997","07","10","Brasil","Minas Gerais","Itueta","-41.1702995300293","-19.3941993713379","29671","SPF00136333",NA,"auto","Usina Hidrelétrica de Aimorés",NA,NA,NA,NA,NA,NA,NA,NA,NA,NA,NA
"122","2019-11-13 11:31:13-03","USP","SPF","136347","PreservedSpecimen","Plantae",NA,"Rutaceae","Zanthoxylum","riedelianum","Zanthoxylum riedelianum","Engl.","Tameirão Neto, E",NA,NA,NA,"Tameirão Neto, E","2412","1997","03","26","Brasil","Minas Gerais","Itueta","-41.1702995300293","-19.3941993713379","29671","SPF00136347",NA,"auto","Usina Hidrelétrica de Aimorés","Hábito arbóreo.; Floresta Semidecidual.",NA,NA,NA,NA,NA,NA,NA,NA,NA,NA
"123","2019-11-13 11:30:52-03","USP","SPF","136343","PreservedSpecimen","Plantae",NA,"Rutaceae","Galipea","jasminiflora","Galipea jasminiflora","(A.St.-Hil.) Engl.","Pirani, JR","2002",NA,NA,"Tameirão Neto, E","2424","1997","07","10","Brasil","Minas Gerais","Itueta","-41.1702995300293","-19.3941993713379","29671","SPF00136343",NA,"auto","Usina Hidrelétrica de Aimorés, Fazenda Adolfo Shumaker. Floresta semidecidual.","Arbóreo.",NA,NA,NA,NA,NA,NA,NA,NA,NA,NA
"124","2019-10-07 09:22:59-03","UEFS","HUEFS","166884","PreservedSpecimen","Plantae","Angiospermae","Lauraceae","Nectandra","reticulata","Nectandra reticulata","(Ruiz & Pav.) Mez","A.Quinet","2006","11",NA,"Luz, A.A.da","218","2004","08","18","Brasil","Minas Gerais","Itueta","-41.1702995300293","-19.3941993713379","29671","HUEFS0166884","HUEFS0166884","auto",NA,"Capoeira.",NA,NA,NA,NA,NA,NA,"Magnolianae","Laurales",NA,NA
"125","2020-03-19 10:53:02-03","UEFS","HUEFS","199271","PreservedSpecimen","Plantae","Angiospermae","Leguminosae Subfam. Caesalpinioideae (Mimosoide)","Mimosa","artemisiana","Mimosa artemisiana","Heringer & Paula",NA,NA,NA,NA,"Luz, A.A.da","181","2004","04","29","Brasil","Minas Gerais","Itueta","-41.1702995300293","-19.3941993713379","29671","HUEFS0199271","HUEFS0199271","auto","Aimorés a Resplendor.",NA,NA,NA,NA,NA,NA,NA,"Rosanae","Fabales",NA,NA
"126","2020-03-19 10:53:21-03","UEFS","HUEFS","196512","PreservedSpecimen","Plantae","Angiospermae","Leguminosae Subfam. Caesalpinioideae (Mimosoide)","Parapiptadenia","pterosperma","Parapiptadenia pterosperma","(Benth.) Brenan","P.G.Ribeiro","2016","07",NA,"Luz, A.A.da","305","2005","11","03","Brasil","Minas Gerais","Itueta","-41.1702995300293","-19.3941993713379","29671","HUEFS0196512",NA,"auto","BR- 259",NA,NA,NA,NA,NA,NA,NA,"Rosanae","Fabales",NA,NA
"127","2020-03-19 10:53:34-03","UEFS","HUEFS","199282","PreservedSpecimen","Plantae","Angiospermae","Leguminosae Subfam. Caesalpinioideae (Mimosoide)","Pseudopiptadenia","contorta","Pseudopiptadenia contorta","(DC.) G.P.Lewis & M.P.Lima",NA,NA,NA,NA,"Luz, A.A.da","236","2004","09","29","Brasil","Minas Gerais","Itueta","-41.1702995300293","-19.3941993713379","29671","HUEFS0199282",NA,"auto","Correégo a com. Do Rosário.","Capoeirão.",NA,NA,NA,NA,NA,NA,"Rosanae","Fabales",NA,NA
"128","2020-03-19 10:53:21-03","UEFS","HUEFS","198921","PreservedSpecimen","Plantae","Angiospermae","Leguminosae Subfam. Caesalpinioideae (Mimosoide)","Parapiptadenia","pterosperma","Parapiptadenia pterosperma","(Benth.) Brenan","P.G.Ribeiro","2016","07",NA,"Luz, A.A.da","485","2008","02","11","Brasil","Minas Gerais","Itueta","-41.1702995300293","-19.3941993713379","29671","HUEFS0198921",NA,"auto","Estrada Corrego Coqueiro 1 Km.",NA,NA,NA,NA,NA,NA,NA,"Rosanae","Fabales",NA,NA
"129","2020-03-19 10:53:35-03","UEFS","HUEFS","208911","PreservedSpecimen","Plantae","Angiospermae","Leguminosae Subfam. Caesalpinioideae (Mimosoide)","Samanea","inopinata","Samanea inopinata","(Harms) Barneby & J.W.Grimes",NA,NA,NA,NA,"Luz, A.A.da","234","2004","09","29","Brasil","Minas Gerais","Itueta","-41.1702995300293","-19.3941993713379","29671","HUEFS0208911",NA,"auto","Estrada Quatituba a com. Rosario. Pasto.",NA,NA,NA,NA,NA,NA,NA,"Rosanae","Fabales",NA,NA
"130","2020-03-19 10:53:38-03","UEFS","HUEFS","198928","PreservedSpecimen","Plantae","Angiospermae","Leguminosae Subfam. Caesalpinioideae (Mimosoide)","Senegalia","kallunkiae","Senegalia kallunkiae","(J.W.Grimes & Barneby) Seigler & Ebinger","D.S.Seigler & P.G.Ribeiro","2018","02",NA,NA,"6788","2011","08","04","Brasil","Minas Gerais","Itueta","-41.1702995300293","-19.3941993713379","29671","HUEFS0198928",NA,"auto","Estrada Tabaúra.",NA,NA,NA,NA,NA,NA,NA,"Rosanae","Fabales",NA,NA
"131","2018-12-03 11:16:42-02","CEPLAC","CEPEC","95796","S","Plantae",NA,"Fabaceae","Dalbergia",NA,"Dalbergia",NA,"Sem Informação",NA,NA,NA,"E. T. Neto","2398","1997","03","26","Brasil","Minas Gerais","itueta","-41.1702995300293","-19.3941993713379","29671",NA,NA,"auto","EHE Aimorés. Fazenda Adolfo Shumaker.",NA,NA,NA,NA,NA,NA,NA,NA,NA,NA,NA
"132","2018-12-03 11:17:15-02","CEPLAC","CEPEC","95776","S","Plantae",NA,"Fabaceae","Machaerium","ovalifolium","Machaerium ovalifolium",NA,"F. L. R. Filardi",NA,NA,NA,"E. T. Neto","2390","1997","03","26","Brasil","Minas Gerais","itueta","-41.1702995300293","-19.3941993713379","29671",NA,NA,"auto","UHE Aimorés.",NA,NA,NA,NA,NA,NA,NA,NA,NA,NA,"30/01/2008"
"133","2018-12-03 11:17:11-02","CEPLAC","CEPEC","95795","S","Plantae",NA,"Fabaceae","Machaerium","fulvovenosum","Machaerium fulvovenosum",NA,"F. L. R. Filardi",NA,NA,NA,"E. T. Neto","2400","1997","03","26","Brasil","Minas Gerais","itueta","-41.1702995300293","-19.3941993713379","29671",NA,NA,"auto","UHE Aimorés.",NA,NA,NA,NA,NA,NA,NA,NA,NA,NA,"30/01/2008"
"134","2018-12-03 11:17:11-02","CEPLAC","CEPEC","95777","S","Plantae",NA,"Fabaceae","Machaerium","frutescens","Machaerium frutescens",NA,"F. L. R. Filardi",NA,NA,NA,"E. T. Neto","2382","1997","03","26","Brasil","Minas Gerais","itueta","-41.1702995300293","-19.3941993713379","29671",NA,NA,"auto","UHE Aimorés.",NA,NA,NA,NA,NA,NA,NA,NA,NA,NA,"30/01/2008"
"135","2018-12-03 11:17:11-02","CEPLAC","CEPEC","95774","S","Plantae",NA,"Fabaceae","Machaerium","brasiliense","Machaerium brasiliense",NA,"F. L. R. Filardi",NA,NA,NA,"E. T. Neto","2417","1997","07","10","Brasil","Minas Gerais","itueta","-41.1702995300293","-19.3941993713379","29671",NA,NA,"auto","UHE Aimorés. Fazenda Adolfo Shumaker.",NA,NA,NA,NA,NA,NA,NA,NA,NA,NA,"30/01/2008"
"136","2019-10-16 14:11:58-03","UEL","FUEL","34749","PreservedSpecimen","Plantae","Tracheophyta","Leguminosae","Calliandra","harrisii","Calliandra harrisii","(Lindl.) Benth.","Tamashiro, JY","1999","11",NA,"Marcelo Ferreira de Vasconcelos","s.n.","1997","09","14","Brasil","Minas Gerais","Itueta","-41.1702995300293","-19.3941993713379","29671","FUEL012787",NA,"auto",NA,"Arbustivo; mata estacional decidual; visitada por beija-flores: Chlorostilbon aureoventris e Amazilia lactea.",NA,NA,NA,NA,NA,NA,NA,"Fabales",NA,NA
"137","2020-03-06 14:26:33-03","UFRGS","ICN","193885","S","Plantae","Dicotyledon","Fabaceae","Abarema","cochliocarpos","Abarema cochliocarpos","(Gomes) Barneby & J. W. Grimes","Folli, DA","2004","09","29","Luz, AA","235","2004","09","29","Brasil","MG","Itueta","-41.1702995300293","-19.3941993713379","29671","ICN00029692",NA,"auto","estrada do Córrego a com. Do Rosário","doação CVRD 8905","América do Sul",NA,NA,NA,NA,NA,NA,NA,NA,NA
"138","2019-11-21 10:11:22-03","IBt","SP","336852","S","Plantae",NA,"Myrtaceae","Eugenia","chlorophylla","Eugenia chlorophylla","O.Berg","Ribeiro, CL","2019","06","11","Tameirão Neto, E","2386","1997","03","26","Brasil","Minas Gerais","Itueta","-41.1702995300293","-19.3941993713379","29671","SP057699","SP057699","auto","Floresta semidecidual.&nf;UHE Aimorés.","Arbóreo.",NA,NA,NA,NA,NA,NA,NA,NA,NA,NA
"139","2019-11-21 10:11:17-03","IBt","SP","336855","S","Plantae",NA,"Myrtaceae","Eugenia",NA,"Eugenia",NA,NA,NA,NA,NA,"Tameirão Neto, E","2416","1997","07","10","Brasil","Minas Gerais","Itueta","-41.1702995300293","-19.3941993713379","29671",NA,NA,"auto","Floresta semidecidual. UHE Aimorés, fazenda Adolfo Shumaker.","Arbóreo.",NA,NA,NA,NA,NA,NA,NA,NA,NA,NA
"140","2019-11-21 10:09:01-03","IBt","SP","346386","S","Plantae",NA,"Malpighiaceae","Mascagnia",NA,"Mascagnia",NA,"Mamede, MCH","2005","10","26","Tameirão Neto, E","2460","1997","10","28","Brasil","Minas Gerais","Itueta","-41.1702995300293","-19.3941993713379","29671","SP019907",NA,"auto","UHE Aimorés, Fazenda Adolfo Schumaker",NA,NA,NA,NA,NA,NA,NA,NA,NA,NA,NA
"141","2019-11-21 10:11:35-03","IBt","SP","336870","S","Plantae",NA,"Myrtaceae","Eugenia","myrtifolia","Eugenia myrtifolia","Cambess.","Kawasaki, ML","1999",NA,NA,"Tameirão Neto, E","2451","1997","10","28","Brasil","Minas Gerais","Itueta","-41.1702995300293","-19.3941993713379","29671","SP028173","SP028173","auto","UHE Aimorés, Fazenda Adolfo Schumaker. Floresta semidecidual.","Arbóreo.",NA,NA,NA,NA,NA,NA,NA,NA,NA,NA
