"record_id","modified","institutionCode","collectionCode","catalogNumber","basisOfRecord","kingdom","phylum","order","family","genus","specificEpithet","scientificName","scientificNameAuthorship","identifiedBy","yearIdentified","recordedBy","recordNumber","year","month","day","continentOcean","country","stateProvince","county","locality","decimalLongitude","decimalLatitude","verbatimLongitude","verbatimLatitude","preparationType","occurrenceRemarks","barcode","imagecode","coordinatePrecision","geoFlag","monthIdentified","dayIdentified","minimumElevationInMeters","maximumElevationInMeters","class"
"1","2019-12-16 18:54:50-03","NYBG","NYBG","984865","PreservedSpecimen","Plantae","Magnoliophyta","Sapindales","Burseraceae","Protium","spruceanum","Protium spruceanum","(Benth.) Engl.","D. C. Daly","1996","P. Pequeno","54","1989","09","14","South America","Brazil","Minas Gerais","João Monlevade","Rio Piracicaba.","-43.1733","-19.81","-43.1733","-19.8100","sheet","<a href=http://sweetgum.nybg.org/science/vh/specimen_details.php?irn=1053390 target=other class=eLink> <mi>dwc_moreinfo</mi></a>","NY00984865","NY00984865",NA,NA,NA,NA,NA,NA,NA
"2","2019-07-11 10:14:32-03","ESALQ","ESA","33865","S","Plantae","Magnoliophyta",NA,"Trigoniaceae","Trigonia",NA,"Trigonia",NA,NA,NA,"Pequeno, P.H.A. et al.","47","1989","09","14",NA,"Brasil","Minas Gerais","João Monlevade",NA,"-43.1735992431641","-19.8099994659424",NA,NA,NA,NA,"ESA033865",NA,"9985","auto",NA,NA,NA,NA,NA
"3","2020-03-10 08:29:12-03","UFV","VIC","37779","PreservedSpecimen","Plantae",NA,NA,"Mimosoideae","Albizia",NA,"Albizia",NA,"Batista, M.L.","2012","Batista, M.L.; Vieira, D.M.","s.n.","2012","09","06",NA,"Brasil","Minas Gerais","João Monlevade","Estrada de terra às margens do rio Santa Bárbara.","-43.131944","-19.775278","-43.131944","-19.775278",NA,"Árvore, c.a. de 9,0 metros de altura, com frutos.","VIC037779",NA,NA,NA,"09","06",NA,NA,NA
"4","2020-03-10 08:29:24-03","UFV","VIC","37791","PreservedSpecimen","Plantae",NA,NA,"Mimosoideae","Mimosa","bimucronata","Mimosa bimucronata","(DC.) Kuntze","Batista, M.L.","2012","Batista, M.L.; Vieira, D.M.","s.n.","2012","09","06",NA,"Brasil","Minas Gerais","João Monlevade","Estrada para Itabira","-43.133889","-19.804722","-43.133889","-19.804722",NA,"Árvore 4,5m alt., com frutos e acúleos nos ramos e tronco.","VIC037791",NA,NA,NA,"09","06",NA,NA,NA
"5","2020-03-10 08:28:29-03","UFV","VIC","38756","PreservedSpecimen","Plantae",NA,NA,"Euphorbiaceae","Croton","urucurana","Croton urucurana","Baill.",NA,NA,"Vieira, G.T.","s.n.","2013",NA,NA,NA,"Brasil","Minas Gerais","João Monlevade","Embaúbas tênis clube, Próximo ao hospital Margarida, Mata atlântica.","-43.1735992431641","-19.8099994659424",NA,NA,NA,"Árvore, 10 metros.","VIC038756","VIC038756","9985","auto",NA,NA,NA,NA,NA
"6","2020-03-10 08:31:01-03","UFV","VIC","021470","PreservedSpecimen","Plantae",NA,NA,"Vitaceae","Vitis","vinifera","Vitis vinifera","L.",NA,NA,"Silveira, W.J.","s.n.","2007","10",NA,NA,"Brasil","Minas Gerais","João Monlevade","Rua Juscelino Kubitschek 180","-43.1735992431641","-19.8099994659424",NA,NA,NA,"Folhas verdes, em frutificação, baga vinácea.","VIC021470","VIC021470","9985","auto",NA,NA,NA,NA,NA
"7","2016-07-12 11:11:18-03","FFCLRP","LBMBP","944","S","Plantae",NA,NA,"Orchidaceae","Catasetum","hookeri","Catasetum hookeri","Lindl.","E.R. Pansarin",NA,NA,NA,NA,NA,NA,NA,"Brasil","Minas Gerais","João Monlevade",NA,"-43.166667","-19.8","43°10'W","19°48'S",NA,NA,NA,NA,NA,NA,NA,NA,NA,NA,NA
"8","2016-07-12 11:11:18-03","FFCLRP","LBMBP","945","S","Plantae",NA,NA,"Orchidaceae","Catasetum","hookeri","Catasetum hookeri","Lindl.","E.R. Pansarin",NA,NA,NA,NA,NA,NA,NA,"Brasil","Minas Gerais","João Monlevade",NA,"-43.166667","-19.8","43°10'W","19°48'S",NA,NA,NA,NA,NA,NA,NA,NA,NA,NA,NA
"9","2019-08-20 10:28:05-03","UNICAMP","UEC","62879","S","Plantae","Magnoliopsida",NA,"Vochysiaceae","Callisthene","major","Callisthene major","Mart.","Shimizu, GH","2014","Pequeno, PHA; et al.","48","1989","09","14",NA,"Brazil","Minas Gerais","João Monlevade",NA,"-43.1735992431641","-19.8099994659424",NA,NA,NA,"Herbáceo. Flor perfumada. Polinização por abelha.; Mata Atlântica- Mata doçada e pesca.","UEC072601",NA,"9985","auto","06",NA,NA,NA,NA
"10","2019-08-20 10:08:09-03","UNICAMP","UEC","65520","S","Plantae","Magnoliopsida",NA,"Bignoniaceae","Stizophyllum","perforatum","Stizophyllum perforatum","(Cham.) Miers","Zuntini, AR",NA,"Pequeno, PHA","58","1989","09","14",NA,"Brazil","Minas Gerais","João Monlevade",NA,"-43.1735992431641","-19.8099994659424",NA,NA,NA,"flor, Liana. Mata Atlântica.","UEC100509","UEC100509","9985","auto",NA,NA,NA,NA,NA
"11","2019-08-20 10:08:04-03","UNICAMP","UEC","66078","S","Plantae","Magnoliopsida",NA,"Bignoniaceae","Mansoa",NA,"Mansoa",NA,NA,NA,"Pequeno, PHA","78","1989","09","14",NA,"Brazil","Minas Gerais","João Monlevade",NA,"-43.1735992431641","-19.8099994659424",NA,NA,NA,"flor, Hábito herbáceo. Mata Atlântica.","UEC100728","UEC100728","9985","auto",NA,NA,NA,NA,NA
"12","2019-08-20 10:26:43-03","UNICAMP","UEC","63225","S","Plantae","Magnoliopsida",NA,"Solanaceae","Solanum","leptostachys","Solanum leptostachys","Dunal","Gouvêa, YF","2017","Pequeno, PHA; et al.","16327","1989","09","14",NA,"Brazil","Minas Gerais","João Monlevade","Área Belgo Mineira","-43.1735992431641","-19.8099994659424",NA,NA,NA,"Flor roxa; Mata Atlântica - Herbaceo","UEC082484","UEC082484","9985","auto","06",NA,NA,NA,NA
"13","2019-08-20 10:08:05-03","UNICAMP","UEC","65435","S","Plantae","Magnoliopsida",NA,"Bignoniaceae","Paratecoma",NA,"Paratecoma",NA,NA,NA,"Pequeno, PHA","93A","1989","09","14",NA,"Brazil","Minas Gerais","João Monlevade","Área Belgo Mineiro","-43.1735992431641","-19.8099994659424",NA,NA,NA,"árvore","UEC140749","UEC140749","9985","auto",NA,NA,NA,NA,NA
"14","2019-11-06 09:55:18-03","UFOP","OUPR","6754","PreservedSpecimen","Plantae",NA,NA,"Euphorbiaceae","Mabea","fistulifera","Mabea fistulifera","Mart.","Lisboa, M.A.","1972","Lisboa, M.A.","s.n.","1972","03","19",NA,"Brasil","Minas Gerais","João Monlevade",NA,"-43.1735992431641","-19.8099994659424",NA,NA,NA,"Árvore, flores havanas. Beira de estrada",NA,NA,"9985","auto","03","19",NA,NA,NA
"15","2019-11-06 09:55:16-03","UFOP","OUPR","6753","PreservedSpecimen","Plantae",NA,NA,"Euphorbiaceae","Mabea","fistulifera","Mabea fistulifera","Mart.","Lisboa, M.A.","1972","Lisboa, M.A.","s.n.","1972","03","19",NA,"Brasil","Minas Gerais","João Monlevade","Estrada que vai para a mina do Morro do Andrade","-43.1735992431641","-19.8099994659424",NA,NA,NA,"Beira de estrada",NA,NA,"9985","auto","03","28",NA,NA,NA
"16","2019-11-06 09:55:16-03","UFOP","OUPR","6726","PreservedSpecimen","Plantae",NA,NA,"Euphorbiaceae","Mabea","fistulifera","Mabea fistulifera","Mart.","Lisboa, M.A.","1972","Lisboa, M.A.","s.n.","1972","03","19",NA,"Brasil","Minas Gerais","João Monlevade","Morro do Andrade","-43.1735992431641","-19.8099994659424",NA,NA,NA,"Árvore, flores havanas. Beira de estrada",NA,NA,"9985","auto","03","19",NA,NA,NA
"17","2019-11-05 16:43:22-03","UFOP","OUPR","474","PreservedSpecimen","Plantae",NA,NA,"Aquifoliaceae","Ilex","dumosa","Ilex dumosa","Reissek",NA,NA,"Rapalo, J.A.","s.n.","1974","01","27",NA,"Brasil","Minas Gerais","João Monlevade",NA,"-43.1735992431641","-19.8099994659424",NA,NA,NA,"Arbusto.",NA,NA,"9985","auto",NA,NA,NA,NA,NA
"18","2019-12-06 15:09:22-03","MBM","MBM","176163","S","Plantae",NA,NA,"Myrtaceae","Myrcia","falax","Myrcia falax","(Rich.) DC.","Kawasaki, M.L.",NA,"Pequeno, P.H.A.; et al.; et al.","55","1989","09","14","Southern America","Brazil","Minas Gerais","João Monlevade","Área da Belgo Mineira","-43.1735992431641","-19.8099994659424",NA,NA,NA,NA,"MBM176163",NA,"9985","auto",NA,NA,NA,NA,NA
"19","2019-12-06 15:12:40-03","MBM","MBM","187932","S","Plantae",NA,NA,"Passifloraceae","Passiflora","speciosa","Passiflora speciosa","Gardn.","Cervi, A.C.",NA,"Pequeno, P.H.A.; et al.; et al.","7",NA,NA,NA,"Southern America","Brazil","Minas Gerais","João Monlevade","João Monlevade","-43.1735992431641","-19.8099994659424",NA,NA,NA,NA,"MBM187932","MBM187932","9985","auto",NA,NA,NA,NA,NA
"20","2019-12-06 15:05:19-03","MBM","MBM","178337","S","Plantae",NA,NA,"Melastomataceae","Miconia","latecrenata","Miconia latecrenata","(DC.) Naudin","Baumgratz, J.",NA,"Pequeno, P.H.A.; et al.; et al.","15",NA,NA,NA,"Southern America","Brazil","Minas Gerais","João Monlevade","João Monlevade","-43.1735992431641","-19.8099994659424",NA,NA,NA,NA,"MBM178337","MBM178337","9985","auto",NA,NA,NA,NA,NA
"21","2019-12-16 17:40:46-03","UFMG","BHCB","16326","PreservedSpecimen","Plantae","Dicotyledon",NA,"Acanthaceae","Justicia",NA,"Justicia","L.",NA,NA,"Pequeno, PHA","37","1989","09","14","Southern America","Brasil","Minas Gerais","João Monlevade",NA,"-43.1735992431641","-19.8099994659424",NA,NA,NA,"Herbáceo. Brácteas vermelhas, flores amarelas.; Mata Atlântica.","BHCB052937","BHCB052937","9985","auto",NA,NA,NA,NA,NA
"22","2019-10-02 14:51:23-03","UFMG","BHCB","16621","PreservedSpecimen","Plantae","Dicotyledon",NA,"Bignoniaceae","Cuspidaria",NA,"Cuspidaria","DC.",NA,NA,"Pequeno, PHA; et al.","s.n.","1989","09","14","Southern America","Brasil","Minas Gerais","João Monlevade",NA,"-43.1735992431641","-19.8099994659424",NA,NA,NA,NA,NA,NA,"9985","auto",NA,NA,NA,NA,NA
"23","2019-10-02 14:51:23-03","UFMG","BHCB","16621","PreservedSpecimen","Plantae","Dicotyledon",NA,"Bignoniaceae","Cuspidaria",NA,"Cuspidaria","DC.",NA,NA,"Pequeno, PHA; et al.","s.n.","1989","09","14","Southern America","Brasil","Minas Gerais","João Monlevade",NA,"-43.1735992431641","-19.8099994659424",NA,NA,NA,NA,NA,NA,"9985","auto",NA,NA,NA,NA,NA
"24","2019-10-02 15:06:34-03","UFMG","BHCB","16298","PreservedSpecimen","Plantae","Monocotyledon",NA,"Cyperaceae","Rhynchospora","exaltata","Rhynchospora exaltata","Kunth",NA,NA,"Pequeno, PHA; et al.","s.n.","1989","09","14","Southern America","Brasil","Minas Gerais","João Monlevade",NA,"-43.1735992431641","-19.8099994659424",NA,NA,NA,NA,NA,NA,"9985","auto",NA,NA,NA,NA,NA
"25","2019-10-02 15:03:22-03","UFMG","BHCB","16307","PreservedSpecimen","Plantae","Dicotyledon",NA,"Siparunaceae","Siparuna","guianensis","Siparuna guianensis","Aubl.",NA,NA,"Pequeno, PHA; et al.","s.n.","1989","09","14","Southern America","Brasil","Minas Gerais","João Monlevade",NA,"-43.1735992431641","-19.8099994659424",NA,NA,NA,NA,NA,NA,"9985","auto",NA,NA,NA,NA,NA
"26","2019-10-02 14:57:03-03","UFMG","BHCB","16626","PreservedSpecimen","Plantae","Dicotyledon",NA,"Melastomataceae","Miconia",NA,"Miconia","Ruiz & Pav.",NA,NA,"Pequeno, PHA; et al.","s.n.","1989","09","14","Southern America","Brasil","Minas Gerais","João Monlevade",NA,"-43.1735992431641","-19.8099994659424",NA,NA,NA,NA,NA,NA,"9985","auto",NA,NA,NA,NA,NA
"27","2019-10-02 14:53:31-03","UFMG","BHCB","16296","PreservedSpecimen","Plantae","Dicotyledon",NA,"Fabaceae","Bauhinia",NA,"Bauhinia",NA,NA,NA,"Pequeno, PHA; et al.","s.n.","1989","09","14","Southern America","Brasil","Minas Gerais","João Monlevade",NA,"-43.1735992431641","-19.8099994659424",NA,NA,NA,NA,NA,NA,"9985","auto",NA,NA,NA,NA,NA
"28","2019-10-02 14:53:14-03","UFMG","BHCB","16319","PreservedSpecimen","Plantae","Dicotyledon",NA,"Euphorbiaceae","Mabea","fistulifera","Mabea fistulifera","Mart.",NA,NA,"Pequeno, PHA; et al.","s.n.","1989","09","14","Southern America","Brasil","Minas Gerais","João Monlevade",NA,"-43.1735992431641","-19.8099994659424",NA,NA,NA,NA,NA,NA,"9985","auto",NA,NA,NA,NA,NA
"29","2019-10-02 14:56:17-03","UFMG","BHCB","16302","PreservedSpecimen","Plantae","Dicotyledon",NA,"Malpighiaceae","Tetrapterys","mucronata","Tetrapterys mucronata","Cav.",NA,"2013","Pequeno, PHA; et al.","s.n.","1989","09","14","Southern America","Brasil","Minas Gerais","João Monlevade",NA,"-43.1735992431641","-19.8099994659424",NA,NA,NA,NA,"BHCB008349",NA,"9985","auto","06",NA,NA,NA,NA
"30","2019-10-02 15:04:54-03","UFMG","BHCB","16303","PreservedSpecimen","Plantae","Dicotyledon",NA,"Verbenaceae","Lantana","camara","Lantana camara","L.",NA,NA,"Pequeno, PHA; et al.","s.n.","1989","09","14","Southern America","Brasil","Minas Gerais","João Monlevade",NA,"-43.1735992431641","-19.8099994659424",NA,NA,NA,NA,NA,NA,"9985","auto",NA,NA,NA,NA,NA
"31","2019-10-02 15:05:20-03","UFMG","BHCB","16740","PreservedSpecimen","Plantae","Dicotyledon",NA,"Vochysiaceae","Callisthene","fasciculata","Callisthene fasciculata","Mart.",NA,NA,"Pequeno, PHA; et al.","48","1989","09","14","Southern America","Brasil","Minas Gerais","João Monlevade",NA,"-43.1735992431641","-19.8099994659424",NA,NA,NA,NA,NA,NA,"9985","auto",NA,NA,NA,NA,NA
"32","2019-10-02 15:02:02-03","UFMG","BHCB","16323","PreservedSpecimen","Plantae","Dicotyledon",NA,"Rosaceae","Rubus","rosifolius","Rubus rosifolius","Sm.",NA,NA,"Pequeno, PHA; et al.","s.n.","1989","09","14","Southern America","Brasil","Minas Gerais","João Monlevade",NA,"-43.1735992431641","-19.8099994659424",NA,NA,NA,NA,NA,NA,"9985","auto",NA,NA,NA,NA,NA
"33","2019-12-16 17:40:50-03","UFMG","BHCB","16315","PreservedSpecimen","Plantae","Dicotyledon",NA,"Acanthaceae","Ruellia",NA,"Ruellia","L.",NA,NA,"Pequeno, PHA","57","1989","09","14","Southern America","Brasil","Minas Gerais","João Monlevade",NA,"-43.1735992431641","-19.8099994659424",NA,NA,NA,"Herbáceo.; Mata Atlântica.","BHCB053288","BHCB053288","9985","auto",NA,NA,NA,NA,NA
"34","2019-10-02 15:01:36-03","UFMG","BHCB","16321","PreservedSpecimen","Plantae","Dicotyledon",NA,"Piperaceae","Pothomorphe",NA,"Pothomorphe",NA,NA,NA,"Pequeno, PHA; et al.","s.n.","1989","09","14","Southern America","Brasil","Minas Gerais","João Monlevade",NA,"-43.1735992431641","-19.8099994659424",NA,NA,NA,NA,NA,NA,"9985","auto",NA,NA,NA,NA,NA
"35","2019-10-02 15:03:10-03","UFMG","BHCB","16312","PreservedSpecimen","Plantae","Dicotyledon",NA,"Sapindaceae","Serjania",NA,"Serjania","Mill.",NA,NA,"Pequeno, PHA; et al.","s.n.","1989","09","14","Southern America","Brasil","Minas Gerais","João Monlevade",NA,"-43.1735992431641","-19.8099994659424",NA,NA,NA,NA,NA,NA,"9985","auto",NA,NA,NA,NA,NA
"36","2019-10-02 14:57:12-03","UFMG","BHCB","16731","PreservedSpecimen","Plantae","Dicotyledon",NA,"Melastomataceae","Miconia","latecrenata","Miconia latecrenata","(DC.) Naudin",NA,NA,"Pequeno, PHA; et al.","15","1989","09","14","Southern America","Brasil","Minas Gerais","João Monlevade",NA,"-43.1735992431641","-19.8099994659424",NA,NA,NA,NA,NA,NA,"9985","auto",NA,NA,NA,NA,NA
"37","2019-10-02 15:08:01-03","UFMG","BHCB","16739","PreservedSpecimen","Plantae","Monocotyledon",NA,"Orchidaceae","Sacoila","lanceolata","Sacoila lanceolata","(Aubl.) Garay",NA,NA,"Pequeno, PHA; et al.","10","1989","09","14","Southern America","Brasil","Minas Gerais","João Monlevade",NA,"-43.1735992431641","-19.8099994659424",NA,NA,NA,"Mata Atlantica; terrestre herbáceo.",NA,NA,"9985","auto",NA,NA,NA,NA,NA
"38","2019-10-02 15:00:56-03","UFMG","BHCB","16308","PreservedSpecimen","Plantae","Dicotyledon",NA,"Ochnaceae","Ouratea","floribunda","Ouratea floribunda","(A.St.-Hil.) Engl.",NA,NA,"Pequeno, PHA; et al.","s.n.","1989","09","14","Southern America","Brasil","Minas Gerais","João Monlevade",NA,"-43.1735992431641","-19.8099994659424",NA,NA,NA,NA,NA,NA,"9985","auto",NA,NA,NA,NA,NA
"39","2019-10-02 15:04:49-03","UFMG","BHCB","16314","PreservedSpecimen","Plantae","Dicotyledon",NA,"Urticaceae",NA,NA,NA,NA,NA,NA,"Pequeno, PHA; et al.","s.n.","1989","09","14","Southern America","Brasil","Minas Gerais","João Monlevade",NA,"-43.1735992431641","-19.8099994659424",NA,NA,NA,NA,NA,NA,"9985","auto",NA,NA,NA,NA,NA
"40","2019-10-02 15:04:49-03","UFMG","BHCB","16313","PreservedSpecimen","Plantae","Dicotyledon",NA,"Urticaceae",NA,NA,NA,NA,NA,NA,"Pequeno, PHA; et al.","s.n.","1989","09","14","Southern America","Brasil","Minas Gerais","João Monlevade",NA,"-43.1735992431641","-19.8099994659424",NA,NA,NA,NA,NA,NA,"9985","auto",NA,NA,NA,NA,NA
"41","2019-10-02 14:53:13-03","UFMG","BHCB","16318","PreservedSpecimen","Plantae","Dicotyledon",NA,"Euphorbiaceae","Euphorbia","insulana","Euphorbia insulana","Vell.",NA,NA,"Pequeno, PHA; et al.","s.n.","1989","09","14","Southern America","Brasil","Minas Gerais","João Monlevade",NA,"-43.1735992431641","-19.8099994659424",NA,NA,NA,NA,NA,NA,"9985","auto",NA,NA,NA,NA,NA
"42","2019-10-02 14:49:44-03","UFMG","BHCB","16816","PreservedSpecimen","Plantae","Dicotyledon",NA,"Asteraceae","Chromolaena",NA,"Chromolaena","DC.",NA,NA,"Pequeno, PHA; et al.","s.n.","1989","09","14","Southern America","Brasil","Minas Gerais","João Monlevade",NA,"-43.1735992431641","-19.8099994659424",NA,NA,NA,"Mata Atlântica. Herbáceo.",NA,NA,"9985","auto",NA,NA,NA,NA,NA
"43","2019-11-14 18:37:08-03","UFMG","BHCB","16978","PreservedSpecimen","Plantae","Dicotyledon",NA,"Solanaceae","Athenaea","velutina","Athenaea velutina","(Sendtn.) D'Arcy",NA,"2019","Pequeno, PHA; et al.","s.n.","1989","09","14","Southern America","Brasil","Minas Gerais","João Monlevade",NA,"-43.1735992431641","-19.8099994659424",NA,NA,NA,"Árvore","BHCB026309",NA,"9985","auto","08","02",NA,NA,NA
"44","2019-10-02 14:59:40-03","UFMG","BHCB","16337","PreservedSpecimen","Plantae","Dicotyledon",NA,"Moraceae","Ficus","enormis","Ficus enormis","Mart. ex Miq.",NA,NA,"Pequeno, PHA; et al.","s.n.","1989","09","14","Southern America","Brasil","Minas Gerais","João Monlevade",NA,"-43.1735992431641","-19.8099994659424",NA,NA,NA,NA,NA,NA,"9985","auto",NA,NA,NA,NA,NA
"45","2019-10-02 14:52:31-03","UFMG","BHCB","15920","PreservedSpecimen","Plantae","Dicotyledon",NA,"Cucurbitaceae","Luffa","aegyptiaca","Luffa aegyptiaca","Mill.",NA,NA,"Ferreira, JJ","s.n.","1986","05",NA,"Southern America","Brasil","Minas Gerais","João Monlevade",NA,"-43.1735992431641","-19.8099994659424",NA,NA,NA,"Escandente; Cultivado","BHCB027905",NA,"9985","auto",NA,NA,NA,NA,NA
"46","2019-10-02 15:02:42-03","UFMG","BHCB","16316","PreservedSpecimen","Plantae","Dicotyledon",NA,"Rubiaceae","Psychotria","stachyoides","Psychotria stachyoides","Benth.",NA,NA,"Pequeno, PHA; et al.","s.n.","1989","09","14","Southern America","Brasil","Minas Gerais","João Monlevade",NA,"-43.1735992431641","-19.8099994659424",NA,NA,NA,NA,NA,NA,"9985","auto",NA,NA,NA,NA,NA
"47","2019-10-02 14:55:20-03","UFMG","BHCB","16295","PreservedSpecimen","Plantae","Dicotyledon",NA,"Lauraceae","Nectandra","nitidula","Nectandra nitidula","Nees",NA,NA,"Pequeno, PHA; et al.","s.n.","1989","09","14","Southern America","Brasil","Minas Gerais","João Monlevade",NA,"-43.1735992431641","-19.8099994659424",NA,NA,NA,NA,NA,NA,"9985","auto",NA,NA,NA,NA,NA
"48","2019-10-02 15:06:27-03","UFMG","BHCB","16297","PreservedSpecimen","Plantae","Monocotyledon",NA,"Cyperaceae","Eleocharis",NA,"Eleocharis",NA,NA,NA,"Pequeno, PHA; et al.","s.n.","1989","09","14","Southern America","Brasil","Minas Gerais","João Monlevade",NA,"-43.1735992431641","-19.8099994659424",NA,NA,NA,NA,NA,NA,"9985","auto",NA,NA,NA,NA,NA
"49","2019-10-02 15:02:32-03","UFMG","BHCB","16317","PreservedSpecimen","Plantae","Dicotyledon",NA,"Rubiaceae","Palicourea","marcgravii","Palicourea marcgravii","A.St.-Hil.",NA,NA,"Pequeno, PHA; et al.","s.n.","1989","09","14","Southern America","Brasil","Minas Gerais","João Monlevade",NA,"-43.1735992431641","-19.8099994659424",NA,NA,NA,NA,NA,NA,"9985","auto",NA,NA,NA,NA,NA
"50","2019-10-02 14:50:06-03","UFMG","BHCB","16884","PreservedSpecimen","Plantae","Dicotyledon",NA,"Asteraceae","Eupatorium","velutinum","Eupatorium velutinum","Gardner",NA,NA,"Pequeno, PHA; et al.","44","1989","09","14","Southern America","Brasil","Minas Gerais","João Monlevade",NA,"-43.1735992431641","-19.8099994659424",NA,NA,NA,"Mata Atlântica. Arbustivo.",NA,NA,"9985","auto",NA,NA,NA,NA,NA
"51","2019-10-02 14:50:06-03","UFMG","BHCB","16743","PreservedSpecimen","Plantae","Dicotyledon",NA,"Asteraceae","Eupatorium","vauthierianum","Eupatorium vauthierianum","DC.",NA,NA,"Pequeno, PHA; et al.","18","1989","09","14","Southern America","Brasil","Minas Gerais","João Monlevade",NA,"-43.1735992431641","-19.8099994659424",NA,NA,NA,"Mata Atlântica. Semi-escandente.",NA,NA,"9985","auto",NA,NA,NA,NA,NA
"52","2019-10-02 14:52:31-03","UFMG","BHCB","15910","PreservedSpecimen","Plantae","Dicotyledon",NA,"Crassulaceae","Cotyledon","orbiculata","Cotyledon orbiculata","L.",NA,NA,"Ferreira, JJ","s.n.","1986","05",NA,"Southern America","Brasil","Minas Gerais","João Monlevade",NA,"-43.1735992431641","-19.8099994659424",NA,NA,NA,NA,NA,NA,"9985","auto",NA,NA,NA,NA,NA
"53","2019-10-02 14:55:11-03","UFMG","BHCB","16227","PreservedSpecimen","Plantae","Dicotyledon",NA,"Lamiaceae","Mentha","silvestres","Mentha silvestres","Malinv. ex Briq.",NA,NA,"Ferreira, JJ","s.n.","1986","05",NA,"Southern America","Brasil","Minas Gerais","João Monlevade",NA,"-43.1735992431641","-19.8099994659424",NA,NA,NA,NA,NA,NA,"9985","auto",NA,NA,NA,NA,NA
"54","2019-10-02 14:51:34-03","UFMG","BHCB","16289","PreservedSpecimen","Plantae","Dicotyledon",NA,"Bignoniaceae","Tabebuia","serratifolia","Tabebuia serratifolia","(Vahl) G.Nicholson",NA,NA,"Pequeno, PHA; et al.","16","1989","09","14","Southern America","Brasil","Minas Gerais","João Monlevade",NA,"-43.1735992431641","-19.8099994659424",NA,NA,NA,NA,NA,NA,"9985","auto",NA,NA,NA,NA,NA
"55","2019-10-02 14:55:37-03","UFMG","BHCB","16325","PreservedSpecimen","Plantae","Dicotyledon",NA,"Loranthaceae","Struthanthus",NA,"Struthanthus",NA,NA,NA,"Pequeno, PHA; et al.","s.n.","1989","09","14","Southern America","Brasil","Minas Gerais","João Monlevade",NA,"-43.1735992431641","-19.8099994659424",NA,NA,NA,NA,NA,NA,"9985","auto",NA,NA,NA,NA,NA
"56","2019-10-02 14:55:01-03","UFMG","BHCB","16320","PreservedSpecimen","Plantae","Dicotyledon",NA,"Lacistemataceae","Lacistema","pubescens","Lacistema pubescens","Mart.",NA,NA,"Pequeno, PHA; et al.","s.n.","1989","09","14","Southern America","Brasil","Minas Gerais","João Monlevade",NA,"-43.1735992431641","-19.8099994659424",NA,NA,NA,NA,NA,NA,"9985","auto",NA,NA,NA,NA,NA
"57","2019-10-02 14:55:37-03","UFMG","BHCB","16324","PreservedSpecimen","Plantae","Dicotyledon",NA,"Loranthaceae","Struthanthus",NA,"Struthanthus",NA,NA,NA,"Pequeno, PHA; et al.","s.n.","1989","09","14","Southern America","Brasil","Minas Gerais","João Monlevade",NA,"-43.1735992431641","-19.8099994659424",NA,NA,NA,NA,NA,NA,"9985","auto",NA,NA,NA,NA,NA
"58","2019-10-02 15:00:36-03","UFMG","BHCB","16310","PreservedSpecimen","Plantae","Dicotyledon",NA,"Myrtaceae","Myrcia","splendens","Myrcia splendens","(Sw.) DC.",NA,NA,"Pequeno, PHA; et al.","s.n.","1989","09","14","Southern America","Brasil","Minas Gerais","João Monlevade",NA,"-43.1735992431641","-19.8099994659424",NA,NA,NA,NA,NA,NA,"9985","auto",NA,NA,NA,NA,NA
"59","2019-10-02 14:51:31-03","UFMG","BHCB","16889","PreservedSpecimen","Plantae","Dicotyledon",NA,"Bignoniaceae","Stizophyllum","perforatum","Stizophyllum perforatum","(Cham.) Miers",NA,"1993","Pequeno, PHA; et al.","58","1989","09","14","Southern America","Brasil","Minas Gerais","João Monlevade",NA,"-43.1735992431641","-19.8099994659424",NA,NA,NA,"Mata atlântica.","BHCB040279",NA,"9985","auto","09","18",NA,NA,NA
"60","2019-10-02 15:08:28-03","UFMG","BHCB","16299","PreservedSpecimen","Plantae","Monocotyledon",NA,"Poaceae","Olyra","micrantha","Olyra micrantha","Kunth",NA,NA,"Pequeno, PHA; et al.","s.n.","1989","09","14","Southern America","Brasil","Minas Gerais","João Monlevade",NA,"-43.1735992431641","-19.8099994659424",NA,NA,NA,NA,NA,NA,"9985","auto",NA,NA,NA,NA,NA
"61","2019-10-02 14:57:07-03","UFMG","BHCB","16626","PreservedSpecimen","Plantae","Dicotyledon",NA,"Melastomataceae","Miconia","brunnea","Miconia brunnea","DC.",NA,"2011","Pequeno, PHA; et al.","13","1989","09","14","Southern America","Brasil","Minas Gerais","João Monlevade",NA,"-43.1735992431641","-19.8099994659424",NA,NA,NA,NA,"BHCB002820",NA,"9985","auto","02","22",NA,NA,NA
"62","2019-10-02 14:51:40-03","UFMG","BHCB","16616","PreservedSpecimen","Plantae","Dicotyledon",NA,"Boraginaceae","Tournefortia",NA,"Tournefortia","L.",NA,NA,"Pequeno, PHA; et al.","s.n.","1989","09","14","Southern America","Brasil","Minas Gerais","João Monlevade",NA,"-43.1735992431641","-19.8099994659424",NA,NA,NA,NA,NA,NA,"9985","auto",NA,NA,NA,NA,NA
"63","2019-10-02 15:04:00-03","UFMG","BHCB","16817","PreservedSpecimen","Plantae","Dicotyledon",NA,"Solanaceae","Solanum",NA,"Solanum","L.",NA,NA,"Pequeno, PHA; et al.","s.n.",NA,NA,NA,"Southern America","Brasil","Minas Gerais","João Monlevade",NA,"-43.1735992431641","-19.8099994659424",NA,NA,NA,NA,NA,NA,"9985","auto",NA,NA,NA,NA,NA
"64","2019-10-02 14:51:41-03","UFMG","BHCB","16616","PreservedSpecimen","Plantae","Dicotyledon",NA,"Boraginaceae","Tournefortia","paniculata","Tournefortia paniculata","Cham.",NA,"2003","Pequeno, PHA; et al.","46","1989","09","14","Southern America","Brasil","Minas Gerais","João Monlevade",NA,"-43.1735992431641","-19.8099994659424",NA,NA,NA,"Trepadeira.; Mata Atlântica.","BHCB051203",NA,"9985","auto","06","10",NA,NA,NA
"65","2019-10-02 15:05:59-03","UFMG","BHCB","16735","PreservedSpecimen","Plantae","Monocotyledon",NA,"Arecaceae","Geonoma","schottiana","Geonoma schottiana","Mart.",NA,NA,"Pequeno, PHA; et al.","45","1989","09","14","Southern America","Brasil","Minas Gerais","João Monlevade",NA,"-43.1735992431641","-19.8099994659424",NA,NA,NA,"Arboreto; Mata atlântica - Mata do Tanque","BHCB050283","BHCB050283 BHCB050283_1 BHCB050283_2 BHCB050283_3","9985","auto",NA,NA,NA,NA,NA
"66","2019-10-02 14:51:04-03","UFMG","BHCB","16336","PreservedSpecimen","Plantae","Dicotyledon",NA,"Asteraceae","Vernonia",NA,"Vernonia","Schreb.",NA,NA,"Pequeno, PHA","s.n.","1989","09","14","Southern America","Brasil","Minas Gerais","João Monlevade",NA,"-43.1735992431641","-19.8099994659424",NA,NA,NA,NA,NA,NA,"9985","auto",NA,NA,NA,NA,NA
"67","2019-10-02 14:51:04-03","UFMG","BHCB","16677","PreservedSpecimen","Plantae","Dicotyledon",NA,"Asteraceae","Vernonia",NA,"Vernonia","Schreb.",NA,NA,"Pequeno, PHA; et al.","21","1989","09","14","Southern America","Brasil","Minas Gerais","João Monlevade",NA,"-43.1735992431641","-19.8099994659424",NA,NA,NA,"Mata Atlântica. Herbáceo.",NA,NA,"9985","auto",NA,NA,NA,NA,NA
"68","2019-10-02 14:49:29-03","UFMG","BHCB","16979","PreservedSpecimen","Plantae","Dicotyledon",NA,"Asteraceae","Baccharis","retusa","Baccharis retusa","DC.",NA,"2011","Pequeno, PHA; et al.","s.n.","1989","09","14","Southern America","Brasil","Minas Gerais","João Monlevade",NA,"-43.1735992431641","-19.8099994659424",NA,NA,NA,"Mata Atlântica. Herbáceo. Indivíduo feminino.; Herbáceo.; Mata Atlântica.","BHCB009407",NA,"9985","auto","06","27",NA,NA,NA
"69","2019-10-02 14:51:43-03","UFMG","BHCB","16311","PreservedSpecimen","Plantae","Dicotyledon",NA,"Burseraceae","Protium","spruceanum","Protium spruceanum","(Benth.) Engl.",NA,NA,"Pequeno, PHA; et al.","s.n.","1989","09","14","Southern America","Brasil","Minas Gerais","João Monlevade",NA,"-43.1735992431641","-19.8099994659424",NA,NA,NA,NA,NA,NA,"9985","auto",NA,NA,NA,NA,NA
"70","2019-10-02 14:51:48-03","UFMG","BHCB","729","PreservedSpecimen","Plantae","Dicotyledon",NA,"Calophyllaceae","Kielmeyera",NA,"Kielmeyera",NA,NA,"2017","Magalhães, H; et al.","s.n.","1964",NA,NA,"Southern America","Brasil","Minas Gerais","João Monlevade",NA,"-43.1735992431641","-19.8099994659424",NA,NA,NA,"Arbustivo.; Cerrado.","BHCB040759",NA,"9985","auto","02","24",NA,NA,NA
"71","2019-10-02 15:06:29-03","UFMG","BHCB","16301","PreservedSpecimen","Plantae","Monocotyledon",NA,"Cyperaceae","Hypolytrum","schraderianum","Hypolytrum schraderianum","Nees",NA,NA,"Pequeno, PHA; et al.","29","1989","09","14","Southern America","Brasil","Minas Gerais","João Monlevade",NA,"-43.1735992431641","-19.8099994659424",NA,NA,NA,NA,NA,NA,"9985","auto",NA,NA,NA,NA,NA
"72","2019-10-02 14:48:34-03","UFMG","BHCB","16339","PreservedSpecimen","Plantae","Dicotyledon",NA,"Apocynaceae","Allamanda","cathartica","Allamanda cathartica","L.",NA,NA,"Pequeno, PHA; et al.","s.n.","1989","09","14","Southern America","Brasil","Minas Gerais","João Monlevade",NA,"-43.1735992431641","-19.8099994659424",NA,NA,NA,NA,NA,NA,"9985","auto",NA,NA,NA,NA,NA
"73","2019-10-02 14:49:18-03","UFMG","BHCB","16615","PreservedSpecimen","Plantae","Dicotyledon",NA,"Asteraceae","Austrocritonia","velutina","Austrocritonia velutina","(Gardner) R.M.King & H.Rob.",NA,NA,"Pequeno, PHA; et al.","38","1989","09","14","Southern America","Brasil","Minas Gerais","João Monlevade",NA,"-43.1735992431641","-19.8099994659424",NA,NA,NA,"Mata Atlântica. Herbáceo.",NA,NA,"9985","auto",NA,NA,NA,NA,NA
"74","2019-10-02 15:00:59-03","UFMG","BHCB","16330","PreservedSpecimen","Plantae","Dicotyledon",NA,"Ochnaceae","Sauvagesia","erecta","Sauvagesia erecta","L.",NA,NA,"Pequeno, PHA; et al.","s.n.","1989","09","14","Southern America","Brasil","Minas Gerais","João Monlevade",NA,"-43.1735992431641","-19.8099994659424",NA,NA,NA,NA,NA,NA,"9985","auto",NA,NA,NA,NA,NA
"75","2019-10-02 15:06:36-03","UFMG","BHCB","16300","PreservedSpecimen","Plantae","Monocotyledon",NA,"Cyperaceae","Scleria",NA,"Scleria","P.J.Bergius",NA,NA,"Pequeno, PHA; et al.","s.n.","1989","09","14","Southern America","Brasil","Minas Gerais","João Monlevade",NA,"-43.1735992431641","-19.8099994659424",NA,NA,NA,NA,NA,NA,"9985","auto",NA,NA,NA,NA,NA
"76","2019-10-02 15:04:47-03","UFMG","BHCB","16340","PreservedSpecimen","Plantae","Dicotyledon",NA,"Trigoniaceae","Trigonia","paniculata","Trigonia paniculata","Warm.",NA,NA,"Pequeno, PHA; et al.","s.n.","1989","09","14","Southern America","Brasil","Minas Gerais","João Monlevade",NA,"-43.1735992431641","-19.8099994659424",NA,NA,NA,NA,NA,NA,"9985","auto",NA,NA,NA,NA,NA
"77","2019-10-02 14:51:29-03","UFMG","BHCB","16629","PreservedSpecimen","Plantae","Dicotyledon",NA,"Bignoniaceae","Mansoa","difficilis","Mansoa difficilis","(Cham.) Bureau & Schum.",NA,NA,"Pequeno, PHA; et al.","s.n.","1989","09","14","Southern America","Brasil","Minas Gerais","João Monlevade",NA,"-43.1735992431641","-19.8099994659424",NA,NA,NA,NA,NA,NA,"9985","auto",NA,NA,NA,NA,NA
"78","2019-10-02 14:49:03-03","UFMG","BHCB","16742","PreservedSpecimen","Plantae","Dicotyledon",NA,"Araliaceae","Schefflera","calva","Schefflera calva","(Cham.) Frodin",NA,NA,"Pequeno, PHA; et al.","62","1989","09","14","Southern America","Brasil","Minas Gerais","João Monlevade",NA,"-43.1735992431641","-19.8099994659424",NA,NA,NA,NA,NA,NA,"9985","auto",NA,NA,NA,NA,NA
"79","2019-10-02 14:51:29-03","UFMG","BHCB","16629","PreservedSpecimen","Plantae","Dicotyledon",NA,"Bignoniaceae","Mansoa","difficilis","Mansoa difficilis","(Cham.) Bureau & Schum.",NA,NA,"Pequeno, PHA; et al.","s.n.","1989","09","14","Southern America","Brasil","Minas Gerais","João Monlevade",NA,"-43.1735992431641","-19.8099994659424",NA,NA,NA,NA,NA,NA,"9985","auto",NA,NA,NA,NA,NA
"80","2019-10-02 14:51:06-03","UFMG","BHCB","16620","PreservedSpecimen","Plantae","Dicotyledon",NA,"Asteraceae","Vernonia","cotoneaster","Vernonia cotoneaster","(Willd. ex Spreng.) Less.",NA,NA,"Pequeno, PHA; et al.","73","1989","09","14","Southern America","Brasil","Minas Gerais","João Monlevade",NA,"-43.1735992431641","-19.8099994659424",NA,NA,NA,"Mata Atlântica. Herbáceo.",NA,NA,"9985","auto",NA,NA,NA,NA,NA
"81","2019-10-02 15:04:16-03","UFMG","BHCB","16331","PreservedSpecimen","Plantae","Dicotyledon",NA,"Solanaceae","Solanum","granulosoleprosum","Solanum granulosoleprosum","Dunal",NA,"2012","Pequeno, PHA; et al.","76","1989","09","14","Southern America","Brasil","Minas Gerais","João Monlevade","Área Belgo Mineira","-43.1735992431641","-19.8099994659424",NA,NA,NA,"Mata Atlântica. Arbusto.; Arbusto.; Mata Atlântica.","BHCB004354",NA,"9985","auto","07","11",NA,NA,NA
"82","2019-10-02 15:01:46-03","UFMG","BHCB","16305","PreservedSpecimen","Plantae","Dicotyledon",NA,"Polygalaceae","Polygala","monninoides","Polygala monninoides","Kunth",NA,NA,"Pequeno, PHA; et al.","52","1989","09","14","Southern America","Brasil","Minas Gerais","João Monlevade","Área da Belgo Mineira","-43.1735992431641","-19.8099994659424",NA,NA,NA,"Mata Atlântica. Herbáceo",NA,NA,"9985","auto",NA,NA,NA,NA,NA
"83","2019-10-02 15:01:16-03","UFMG","BHCB","16293","PreservedSpecimen","Plantae","Dicotyledon",NA,"Passifloraceae","Passiflora","speciosa","Passiflora speciosa","Gardner",NA,"1995","Pequeno, PHA; et al.","7","1989","09","14","Southern America","Brasil","Minas Gerais","João Monlevade","Área da Belgo Mineira","-43.1735992431641","-19.8099994659424",NA,NA,NA,"Flor vermelha, presença de gavinhas; Mata Atlântica","BHCB008725",NA,"9985","auto","08","17",NA,NA,NA
"84","2019-10-02 14:53:16-03","UFMG","BHCB","16304","PreservedSpecimen","Plantae","Dicotyledon",NA,"Euphorbiaceae","Manihot",NA,"Manihot","Mill.",NA,NA,"Pequeno, PHA; et al.","33","1989","09","14","Southern America","Brasil","Minas Gerais","João Monlevade","Área da Belgo Mineira","-43.1735992431641","-19.8099994659424",NA,NA,NA,"Herbáceo.; Mata Atlântica.","BHCB013838",NA,"9985","auto",NA,NA,NA,NA,NA
"85","2019-10-02 15:04:21-03","UFMG","BHCB","16327","PreservedSpecimen","Plantae","Dicotyledon",NA,"Solanaceae","Solanum","leptostachys","Solanum leptostachys","Dunal",NA,NA,"Pequeno, PHA; et al.","25","1989","09","14","Southern America","Brasil","Minas Gerais","João Monlevade","Área da Belgo Mineira","-43.1735992431641","-19.8099994659424",NA,NA,NA,"Mata Atlântica; Herbáceo; Flor roxa","BHCB002599","BHCB002599","9985","auto",NA,NA,NA,NA,NA
"86","2019-10-02 15:04:37-03","UFMG","BHCB","16328","PreservedSpecimen","Plantae","Dicotyledon",NA,"Solanaceae","Solanum","swartzianum","Solanum swartzianum","Roem. & Schult.",NA,NA,"Pequeno, PHA; et al.","64","1989","09","14","Southern America","Brasil","Minas Gerais","João Monlevade","Área da Belgo Mineira","-43.1735992431641","-19.8099994659424",NA,NA,NA,"Mata Atlântica. Herbáceo",NA,NA,"9985","auto",NA,NA,NA,NA,NA
"87","2020-01-27 18:59:43-03","UFMG","BHCB","16332","PreservedSpecimen","Plantae","Dicotyledon",NA,"Bignoniaceae","Jacaranda",NA,"Jacaranda","A.Juss.",NA,NA,"Pequeno, PHA; et al.","49","1989","09","14","Southern America","Brasil","Minas Gerais","João Monlevade","Área da Belgo Mineira","-43.1735992431641","-19.8099994659424",NA,NA,NA,"Mata Atlântica. Árvore, 8m; mata atlântica, árvore 8m","BHCB5218",NA,"9985","auto",NA,NA,NA,NA,NA
"88","2019-10-02 14:50:59-03","UFMG","BHCB","16309","PreservedSpecimen","Plantae","Dicotyledon",NA,"Asteraceae","Trixis","antimenorrhoea","Trixis antimenorrhoea","(Schrank) Kuntze",NA,NA,"Pequeno, PHA; et al.","41","1989","09","14","Southern America","Brasil","Minas Gerais","João Monlevade","Área da Belgo Mineira.","-43.1735992431641","-19.8099994659424",NA,NA,NA,"Mata Atlântica. Herbáceo; trepadeira.",NA,NA,"9985","auto",NA,NA,NA,NA,NA
"89","2019-10-02 14:50:56-03","UFMG","BHCB","16306","PreservedSpecimen","Plantae","Dicotyledon",NA,"Asteraceae","Tagetes","minuta","Tagetes minuta","L.",NA,NA,"Pequeno, PHA; et al.","43","1989","09","14","Southern America","Brasil","Minas Gerais","João Monlevade","Área da Belgo Mineira.","-43.1735992431641","-19.8099994659424",NA,NA,NA,"Mata Atlântica. Herbáceo.",NA,NA,"9985","auto",NA,NA,NA,NA,NA
"90","2019-10-02 14:50:31-03","UFMG","BHCB","16333","PreservedSpecimen","Plantae","Dicotyledon",NA,"Asteraceae","Mikania","hirsutissima","Mikania hirsutissima","DC.",NA,NA,"Pequeno, PHA; et al.","s.n.","1989","09","14","Southern America","Brasil","Minas Gerais","João Monlevade","Área da Belgo Mineira.","-43.1735992431641","-19.8099994659424",NA,NA,NA,"Mata Atlântica. Herbáceo.",NA,NA,"9985","auto",NA,NA,NA,NA,NA
"91","2019-10-02 14:50:31-03","UFMG","BHCB","16335","PreservedSpecimen","Plantae","Dicotyledon",NA,"Asteraceae","Mikania","malacolepis","Mikania malacolepis","B.L.Rob.",NA,"2013","Pequeno, PHA; et al.","20","1989","09","14","Southern America","Brasil","Minas Gerais","João Monlevade","Área da Belgo Mineira.","-43.1735992431641","-19.8099994659424",NA,NA,NA,"Mata Atlântica. Trepadeira.; mata atlântica, trepadeira","BHCB006960",NA,"9985","auto","04",NA,NA,NA,NA
"92","2019-10-02 14:51:04-03","UFMG","BHCB","16334","PreservedSpecimen","Plantae","Dicotyledon",NA,"Asteraceae","Vernonia",NA,"Vernonia","Schreb.",NA,NA,"Pequeno, PHA; et al.","39","1989","09","14","Southern America","Brasil","Minas Gerais","João Monlevade","Área da Belgo Mineira.","-43.1735992431641","-19.8099994659424",NA,NA,NA,"Mata Atlântica. Arbustivo.",NA,NA,"9985","auto",NA,NA,NA,NA,NA
"93","2020-01-21 18:09:39-03","UFMG","BHCB","157164","PreservedSpecimen","Plantae","Dicotyledon",NA,"Solanaceae","Cestrum","strigillatum","Cestrum strigillatum","Ruiz & Pav.",NA,"2015","Rodrigues, IMC; Falcão, BF","528","2012","03","05","Southern America","Brasil","Minas Gerais","João Monlevade","Bairro Vila Tanque, Casa nº 153. Rua Dr. Geraldo Soares de Sá.","-43.1735992431641","-19.8099994659424",NA,NA,NA,"Árvore de ca. de 3 metros de altura.","BHCB026647",NA,"9985","auto","07","14",NA,NA,NA
"94","2020-01-21 18:09:39-03","UFMG","BHCB","157163","PreservedSpecimen","Plantae","Dicotyledon",NA,"Solanaceae","Cestrum","strigillatum","Cestrum strigillatum","Ruiz & Pav.",NA,"2015","Rodrigues, IMC; Falcão, BF","527","2012","03","05","Southern America","Brasil","Minas Gerais","João Monlevade","Bairro Vila Tanque, Rua Dr. Geraldo Soares de Sá. Casa nº 153.","-43.1735992431641","-19.8099994659424",NA,NA,NA,"Árvore ca. de 3 metros de altura","BHCB026646",NA,"9985","auto","07","14",NA,NA,NA
"95","2019-10-02 14:51:31-03","UFMG","BHCB","16522","PreservedSpecimen","Plantae","Dicotyledon",NA,"Bignoniaceae","Sparattosperma","leucanthum","Sparattosperma leucanthum","(Vell.) Schum.",NA,NA,"Pequeno, PHA; et al.","93A","1989","09","14","Southern America","Brasil","Minas Gerais","João Monlevade","Belgo Mineira.","-43.1735992431641","-19.8099994659424",NA,NA,NA,NA,NA,NA,"9985","auto",NA,NA,NA,NA,NA
"96","2019-10-02 14:55:25-03","UFMG","BHCB","16294","PreservedSpecimen","Plantae","Dicotyledon",NA,"Lauraceae","Ocotea","diospyrifolia","Ocotea diospyrifolia","(Meisn.) Mez",NA,NA,"Pequeno, PHA; et al.","5","1989","09","14","Southern America","Brasil","Minas Gerais","João Monlevade","Belgo Mineira.","-43.1735992431641","-19.8099994659424",NA,NA,NA,"Árvore.",NA,NA,"9985","auto",NA,NA,NA,NA,NA
"97","2019-10-02 14:50:37-03","UFMG","BHCB","16338","PreservedSpecimen","Plantae","Dicotyledon",NA,"Asteraceae","Piptocarpha",NA,"Piptocarpha","R. Br.",NA,NA,"Pequeno, PHA; et al.","28","1989","09","14","Southern America","Brasil","Minas Gerais","João Monlevade","Belgo Mineira. Mata do Caça e Pesca.","-43.1735992431641","-19.8099994659424",NA,NA,NA,"Mata Atlântica. Herbáceo.",NA,NA,"9985","auto",NA,NA,NA,NA,NA
"98","2019-10-02 15:07:25-03","UFMG","BHCB","16888","PreservedSpecimen","Plantae","Monocotyledon",NA,"Orchidaceae","Encyclia","patens","Encyclia patens","Hook.",NA,NA,"Pequeno, PHA; et al.","9","1989","09","14","Southern America","Brasil","Minas Gerais","João Monlevade","Mata do Tanque","-43.1735992431641","-19.8099994659424",NA,NA,NA,"Mata atlântica, herbáceo. Flores em cacho, com labelo amarelo sobre bicuiba.",NA,NA,"9985","auto",NA,NA,NA,NA,NA
"99","2019-05-02 10:53:06-03","IBt","SP-BRYOPHYTA","182364","S","Plantae",NA,NA,"Erpodiaceae","Erpodium","glazioui","Erpodium glazioui","Hampe",NA,NA,"Yano, O.; Pirani, J.R.","7293","1983","05","27","Southern America","BRASIL","Minas Gerais","João Monlevade","av. Getúlio Vargas","-43.173611","-19.81","-43.173611","-19.81",NA,"sobre tronco vivo de Ficus elastica","SP084437",NA,NA,NA,NA,NA,"730","730",NA
"100","2019-05-02 10:53:06-03","IBt","SP-BRYOPHYTA","182364","S","Plantae",NA,NA,"Erpodiaceae","Erpodium","glazioui","Erpodium glazioui","Hampe",NA,NA,"Yano, O.; Pirani, J.R.","7293","1983","05","27","Southern America","BRASIL","Minas Gerais","João Monlevade","av. Getúlio Vargas","-43.173611","-19.81","-43.173611","-19.81",NA,"sobre tronco vivo de Ficus elastica","SP084437",NA,NA,NA,NA,NA,"730","730",NA
"101","2019-05-02 10:53:11-03","IBt","SP-BRYOPHYTA","182363","S","Plantae",NA,NA,"Fabroniaceae","Fabronia","sp.","Fabronia sp.",NA,NA,NA,"Yano, O.; Pirani, J.R.","7292","1983","05","27","Southern America","BRASIL","Minas Gerais","João Monlevade","av. Getúlio Vargas","-43.173611","-19.81","-43.173611","-19.81",NA,"sobre tronco vivo de Spathode campanulata","SP084436",NA,NA,NA,NA,NA,"730","730",NA
"102","2019-05-02 10:53:11-03","IBt","SP-BRYOPHYTA","182363","S","Plantae",NA,NA,"Fabroniaceae","Fabronia","sp.","Fabronia sp.",NA,NA,NA,"Yano, O.; Pirani, J.R.","7292","1983","05","27","Southern America","BRASIL","Minas Gerais","João Monlevade","av. Getúlio Vargas","-43.173611","-19.81","-43.173611","-19.81",NA,"sobre tronco vivo de Spathode campanulata","SP084436",NA,NA,NA,NA,NA,"730","730",NA
"103","2019-12-31 09:52:22-03","INPA","INPA-FUNGOS","258910","Fungo","Fungi","Basidiomycota","Geastrales","Geastraceae","Geastrum","floriforme","Geastrum floriforme","Vittad.","Brandão, MJP","2017","Pezzini, F.F.","90","2014","01","06","Southern America","Brasil","Minas Gerais","João Monlevade","Clube Floresta","-43.12383","-19.83628","-43.12383","-19.83628",NA,NA,"INPA0258910",NA,NA,NA,"11",NA,NA,NA,NA
"104","2019-11-13 11:24:52-03","USP","SPF","46491","PreservedSpecimen","Plantae",NA,NA,"Malvaceae","Luehea","grandiflora","Luehea grandiflora","Mart.","Pirani, JR","1985","Pirani, JR","675","1983","05","27",NA,"Brasil","Minas Gerais","João Monlevade",NA,"-43.1735992431641","-19.8099994659424",NA,NA,NA,NA,"SPF00046491",NA,"9985","auto",NA,NA,NA,NA,NA
"105","2019-11-13 11:22:06-03","USP","SPF","93583","PreservedSpecimen","Plantae",NA,NA,"Leguminosae","Cleobulia","multiflora","Cleobulia multiflora","Mart. ex Benth.","Queiroz, LP","1995","Pirani, JR","680","1983","05","27",NA,"Brasil","Minas Gerais","João Monlevade",NA,"-43.1735992431641","-19.8099994659424",NA,NA,NA,NA,"SPF00093583",NA,"9985","auto","10",NA,NA,NA,NA
"106","2019-11-13 11:22:11-03","USP","SPF","32680","PreservedSpecimen","Plantae",NA,NA,"Leguminosae","Crotalaria","paulina","Crotalaria paulina","Schrank","Flores, AS","2005","Pirani, JR","673","1983","05","27",NA,"Brasil","Minas Gerais","João Monlevade","BR 262, km 221.","-43.1735992431641","-19.8099994659424",NA,NA,NA,"Erva, ca. 70 cm alt. Flores amarelas.; A beira da estrada.Campo rupestre.","SPF00032680",NA,"9985","auto",NA,NA,NA,NA,NA
"107","2019-11-13 11:25:36-03","USP","SPF","93559","PreservedSpecimen","Plantae",NA,NA,"Melastomataceae","Miconia","holosericea","Miconia holosericea","(L.) DC.","Goldenberg, R","2011","Pirani, JR","681","1983","05","27",NA,"Brasil","Minas Gerais","João Monlevade","BR 262, KM 225","-43.1735992431641","-19.8099994659424",NA,NA,NA,NA,"SPF00093559",NA,"9985","auto",NA,NA,NA,NA,NA
"108","2019-10-07 09:26:42-03","UEFS","HUEFS","229579","PreservedSpecimen","Plantae","Angiospermae","Fabales","Leguminosae Subfam. Cercidoideae","Bauhinia","ovata","Bauhinia ovata","(Bong.) Vogel",NA,NA,"Neves, D.M.","1602","2014","01","06",NA,"Brasil","Minas Gerais","João Monlevade","Floresta Clube João Monlevade.","-43.123611","-19.836111","43W7'25''","19S50'10''",NA,"Mata semidecídua.","HUEFS0229579",NA,NA,NA,NA,NA,"611","611","Rosanae"
"109","2019-10-07 09:28:43-03","UEFS","HUEFS","211007","PreservedSpecimen","Plantae","Angiospermae","Fabales","Leguminosae Subfam. Papilionoideae","Swartzia","multijuga","Swartzia multijuga","Vogel",NA,NA,"Neves, D.M.","1599","2014","01","06",NA,"Brasil","Minas Gerais","João Monlevade","RPPN Acelor Mittal.","-43.128056","-19.847222","43W7'41''","19S50'50''",NA,NA,"HUEFS0211007",NA,NA,NA,NA,NA,NA,NA,"Rosanae"
"110","2019-10-07 09:27:29-03","UEFS","HUEFS","21938","PreservedSpecimen","Plantae","Angiospermae","Fabales","Leguminosae Subfam. Papilionoideae","Cleobulia","multiflora","Cleobulia multiflora","Mart. ex Benth.","L.P.de Queiroz","1996","Pirani, J.R.",NA,"1983","05","27",NA,"Brasil","Minas Gerais","João Monlevade","Br-262, km 225.","-43.1735992431641","-19.8099994659424",NA,NA,NA,"Beira de mata.","HUEFS0021938",NA,"9985","auto","05",NA,NA,NA,"Rosanae"
"111","2020-02-20 14:37:13-03","IAC","IAC","31034","S","Plantae",NA,NA,"Lacistemataceae","Lacistema","pubescens","Lacistema pubescens","Mart.","R.B. Torres","2019","P.H.A. Pequeno","26","1989","09","14",NA,"Brasil","Minas Gerais","João Monlevade","Mata do Tanque","-43.1736","-19.8101","-43.1736","-19.8101",NA,NA,NA,NA,NA,NA,"04","11",NA,NA,NA
"112","2019-01-25 15:45:28-02","IAC","IAC","19212","S","Plantae",NA,NA,"Proteaceae","Roupala","brasiliensis","Roupala brasiliensis","Klotzsch","P.B. Cavalcante","1967","A.P. Duarte","s/nº","1964","06","19",NA,"Brasil","Minas Gerais","João Monlevade","Estrada","-43.1736","-19.8101","-43.1736","-19.8101",NA,NA,NA,NA,NA,NA,"10","02",NA,NA,NA
"113","2019-11-07 11:20:39-03","UFMG","BHCB-SL","16534","PreservedSpecimen","Plantae",NA,NA,"Selaginellaceae","Selaginella","muscosa","Selaginella muscosa","Spring","Heringer, G","2011","Pequeno, PHA; et al.","85","1989",NA,NA,"América","Brasil","Minas Gerais","João Monlevade","Belgo Mineira.","-43.1735992431641","-19.8099994659424",NA,NA,NA,NA,NA,NA,"9985","auto","02",NA,NA,NA,NA
"114","2019-11-07 11:13:54-03","UFMG","BHCB-SL","16521","PreservedSpecimen","Plantae",NA,NA,"Anemiaceae","Anemia","phyllitidis","Anemia phyllitidis","(L.) Sw.","Salino, A","1994","Pequeno, PHA; et al.","83","1989","09","14","América","Brasil","Minas Gerais","João Monlevade","Belgo Mineira.","-43.1735992431641","-19.8099994659424",NA,NA,NA,NA,NA,NA,"9985","auto","04",NA,NA,NA,NA
"115","2019-11-07 11:15:31-03","UFMG","BHCB-SL","16528","PreservedSpecimen","Plantae",NA,NA,"Blechnaceae","Blechnum","occidentale","Blechnum occidentale","L.",NA,NA,"Pequeno, PHA; et al.","84","1989","09","14","América","Brasil","Minas Gerais","João Monlevade","Belgo Mineira.","-43.1735992431641","-19.8099994659424",NA,NA,NA,NA,NA,NA,"9985","auto",NA,NA,NA,NA,NA
"116","2019-11-07 11:17:38-03","UFMG","BHCB-SL","16532","PreservedSpecimen","Plantae",NA,NA,"Lindsaeaceae","Lindsaea",NA,"Lindsaea",NA,NA,NA,"Pequeno, PHA; et al.","91","1989","09","14","América","Brasil","Minas Gerais","João Monlevade","Belgo Mineira.","-43.1735992431641","-19.8099994659424",NA,NA,NA,NA,NA,NA,"9985","auto",NA,NA,NA,NA,NA
"117","2019-11-07 11:15:31-03","UFMG","BHCB-SL","16535","PreservedSpecimen","Plantae",NA,NA,"Blechnaceae","Blechnum","occidentale","Blechnum occidentale","L.",NA,NA,"Pequeno, PHA; et al.","81","1989","09","14","América","Brasil","Minas Gerais","João Monlevade","Belgo Mineira.","-43.1735992431641","-19.8099994659424",NA,NA,NA,NA,NA,NA,"9985","auto",NA,NA,NA,NA,NA
"118","2019-11-07 11:20:17-03","UFMG","BHCB-SL","16533","PreservedSpecimen","Plantae",NA,NA,"Pteridaceae","Pteris","vittata","Pteris vittata","L.","Prado, J","1992","Pequeno, PHA","82","1989","09","14","América","Brasil","Minas Gerais","João Monlevade","Belgo Mineira.","-43.1735992431641","-19.8099994659424",NA,NA,NA,"Herbáceo. Mata atlântica.",NA,NA,"9985","auto","07","21",NA,NA,NA
"119","2019-11-07 11:20:34-03","UFMG","BHCB-SL","16536","PreservedSpecimen","Plantae",NA,NA,"Selaginellaceae","Selaginella","flexuosa","Selaginella flexuosa","Spring","Salino, A","2001","Pequeno, PHA; et al.","90","1989",NA,NA,"América","Brasil","Minas Gerais","João Monlevade","Belgo Mineira.","-43.1735992431641","-19.8099994659424",NA,NA,NA,NA,NA,NA,"9985","auto","10",NA,NA,NA,NA
"120","2019-11-07 11:18:55-03","UFMG","BHCB-SL","16894","PreservedSpecimen","Plantae",NA,NA,"Polypodiaceae","Pleopeltis","astrolepis","Pleopeltis astrolepis","(Liebm.) E.Fourn.","Salino, A","1995","Pequeno, PHA; et al.","87","1989","09","14","América","Brasil","Minas Gerais","João Monlevade","Mata atlântica.","-43.1735992431641","-19.8099994659424",NA,NA,NA,"Herbáceo.",NA,NA,"9985","auto","11",NA,NA,NA,NA
"121","2019-09-30 11:24:28-03","IF","SPSF","16860","PreservedSpecimen","Plantae","Magnoliophyta","Laurales","Lauraceae","Nectandra","nitidula","Nectandra nitidula",NA,"J.B.Baitello","1994","P.H.A.Pequeno","6","1989","09","14","América do Sul","Brasil","MG","Joao Monlevade","Belgo Mineira","-43.1735992431641","-19.8099994659424",NA,NA,NA,"COLETA: XLS: SPSFAntigo;",NA,NA,"9985","auto","04","07",NA,NA,"Magnoliopsida"
"122","2019-11-21 10:05:23-03","IBt","SP","186578","S","Plantae",NA,NA,"Fabaceae","Crotalaria","paulina","Crotalaria paulina","Schrank","Flores, A","2005","Pirani, JR; Yano, O","673","1983","05","27",NA,"Brasil","Minas Gerais","João Monlevade","BR 262, km 221","-43.1735992431641","-19.8099994659424",NA,NA,NA,NA,NA,NA,"9985","auto",NA,NA,NA,NA,NA
"123","2019-11-21 10:05:17-03","IBt","SP","186316","S","Plantae",NA,NA,"Fabaceae","Cleobulia","multiflora","Cleobulia multiflora","Mart. ex Benth.","Mantovani, W","1983","Pirani, JR; Yano, O","680","1983","05","27",NA,"Brasil","Minas Gerais","João Monlevade","BR 262, km 225","-43.1735992431641","-19.8099994659424",NA,NA,NA,NA,"SP026350","SP026350","9985","auto","08",NA,NA,NA,NA
"124","2019-11-21 10:10:08-03","IBt","SP","186314","S","Plantae",NA,NA,"Melastomataceae","Miconia","holosericea","Miconia holosericea","(L.) DC.","Chagas, ECO","2011","Pirani, JR; Yano, O","681","1983","05","27",NA,"Brasil","Minas Gerais","João Monlevade","Br 262, Km 225. Capoeira","-43.1735992431641","-19.8099994659424",NA,NA,NA,NA,NA,NA,"9985","auto","07","04",NA,NA,NA
