"record_id","modified","institutionCode","collectionCode","catalogNumber","basisOfRecord","kingdom","phylum","class","family","genus","specificEpithet","scientificName","scientificNameAuthorship","identifiedBy","yearIdentified","monthIdentified","dayIdentified","recordedBy","recordNumber","year","month","day","continentOcean","country","stateProvince","county","locality","decimalLongitude","decimalLatitude","coordinatePrecision","occurrenceRemarks","geoFlag","order","verbatimLongitude","verbatimLatitude","minimumElevationInMeters","maximumElevationInMeters","barcode","imagecode"
"1","2018-12-21 14:46:34-02","UNESP-IBILCE","SJRP-PTERIDOPHYTA","17124","S","Plantae","Pteridophyta","Filicopsida","Hymenophyllaceae","Trichomanes","polypodioides","Trichomanes polypodioides","Raddi","V.A. de O. Dittrich","2003","03","01","M. Almeida-Neto","141","1997","03","28","América do Sul","Brasil","Minas Gerais","Paula Cândido","povoado de airões","-42.9803009033203","-20.8742008209229","13722","GEOGRAFIA: terrestre em ambiente aberto coberto de gramíneas e vegetação secundária;","auto",NA,NA,NA,NA,NA,NA,NA
"2","2018-07-30 07:59:34-03","UNESP-IBILCE","SJRP-PTERIDOPHYTA","17112","S","Plantae","Pteridophyta","Equisetopsida","Lygodiaceae","Lygodium","venustum","Lygodium venustum","Sw.","M. Almeida Neto","1997","03","28","M. Almeida Neto","142","1997","03","28","América do Sul","Brasil","Minas Gerais","Paula Cândido","Povoado de Airões, altitude: ca. 400m.","-42.9803009033203","-20.8742008209229","13722","Terrestre em ambiente aberto coberto de gramíneas e vegetação secundária; próximo à regato.","auto","Schizaeales","42°54'","22°53'",NA,NA,NA,NA
"3","2018-12-21 14:46:58-02","UNESP-IBILCE","SJRP-PTERIDOPHYTA","20484","S","Plantae","Pteridophyta","Filicopsida","Dryopteridaceae","Ctenitis","effusa","Ctenitis effusa",NA,"M.R. Pietrobom-Silva","2002","01","16","M. Almeida Neto","143","1997","03","28","América do Sul","Brasil","Minas Gerais","Paula Cândido","povoado de airões","-42.9803009033203","-20.8742008209229","13722","GEOGRAFIA: capoeira em morro;","auto","Polypodiales",NA,NA,NA,NA,NA,NA
"4","2018-07-30 07:59:35-03","UNESP-IBILCE","SJRP-PTERIDOPHYTA","17118","S","Plantae","Pteridophyta","Equisetopsida","Lygodiaceae","Lygodium","volubile","Lygodium volubile","Sw.","M. Almeida-Neto","1997","03","28","M. Almeida-Neto","135","1997","03","28","América do Sul","Brasil","Minas Gerais","Paula Cândido","Povoado de Airões, altitude: ca. 400m.","-42.9803009033203","-20.8742008209229","13722","Capoeira em morro. Trepadeira de árvore beirando regato.","auto","Schizaeales","42°54'","22°53'",NA,NA,NA,NA
"5","2018-12-21 14:47:51-02","UNESP-IBILCE","SJRP-PTERIDOPHYTA","17120","S","Plantae","Pteridophyta","Filicopsida","Pteridaceae","Pteris","denticulata","Pteris denticulata","Sw.","M.R. Pietrobom-Silva","2002","01","15","M. Almeida Neto","137","1997","03","28","América do Sul","Brasil","Minas Gerais","Paula Cândido","povoado airóes","-42.9803009033203","-20.8742008209229","13722","GEOGRAFIA: capoeira em morro;","auto","Polypodiales",NA,NA,NA,NA,NA,NA
"6","2018-12-21 14:47:51-02","UNESP-IBILCE","SJRP-PTERIDOPHYTA","17123","S","Plantae","Pteridophyta","Filicopsida","Pteridaceae","Pteris","denticulata","Pteris denticulata","Sw.","M.R. Pietrobom-Silva","2002","01","15","M. Almeida Neto","140","1997","03","28","América do Sul","Brasil","Minas Gerais","Paula Cândido","povoado airóes","-42.9803009033203","-20.8742008209229","13722","GEOGRAFIA: capoeira em morro, barranco beirando;","auto","Polypodiales",NA,NA,NA,NA,NA,NA
"7","2018-12-21 14:48:02-02","UNESP-IBILCE","SJRP-PTERIDOPHYTA","20482","S","Plantae","Pteridophyta","Filicopsida","Thelypteridaceae","Thelypteris",NA,"Thelypteris",NA,"M. Almeida Neto","1997","03","28","M. Almeida Neto","145","1997","03","28","América do Sul","Brasil","Minas Gerais","Paula Cândido","povoado de airões","-42.9803009033203","-20.8742008209229","13722","GEOGRAFIA: terrestre em ambiente aberto coberto de gramíneas;","auto","Polypodiales",NA,NA,NA,NA,NA,NA
"8","2018-12-21 14:48:02-02","UNESP-IBILCE","SJRP-PTERIDOPHYTA","20483","S","Plantae","Pteridophyta","Filicopsida","Thelypteridaceae","Thelypteris",NA,"Thelypteris",NA,"M. Almeida Neto","1997","03","28","M. Almeida Neto","144","1997","03","28","América do Sul","Brasil","Minas Gerais","Paula Cândido","povoado de airões","-42.9803009033203","-20.8742008209229","13722","GEOGRAFIA: terrestre em ambiente aberto coberto de gramíneas;","auto","Polypodiales",NA,NA,NA,NA,NA,NA
"9","2018-12-21 14:48:17-02","UNESP-IBILCE","SJRP-PTERIDOPHYTA","17121","S","Plantae","Pteridophyta","Filicopsida","Thelypteridaceae","Thelypteris","serrata","Thelypteris serrata","(Cav.) Alston","M. Almeida Neto","1997","03","28","M. Almeida Neto","138","1997","03","28","América do Sul","Brasil","Minas Gerais","Paula Cândido","povoado de airões","-42.9803009033203","-20.8742008209229","13722","GEOGRAFIA: capoeira em morro, planta em solo alagado;","auto","Polypodiales",NA,NA,NA,NA,NA,NA
"10","2020-02-13 14:12:10-03","MN","R","171150","S","Plantae",NA,NA,"Moraceae","Maclura","tinctoria","Maclura tinctoria","(L.) D. Don ex Steud.","Souza, P.P.","2008","07","22","Souza, P.P.","196","2007","09","19",NA,"Brasil","Minas Gerais","Paula Cândido",NA,"-42.935683","-20.824417",NA,"Universidade Federal de Viçosa/ Departamento de Biologia Vegetal",NA,NA,"42°56'141W","20°49'465S","706","706",NA,NA
"11","2019-02-15 11:36:43-02","IPA","IPA","59464","S","Plantae","Plantae",NA,"Commelinaceae","Commelina","diffusa","Commelina diffusa","Burm. f.","Roxana Barreto","2000","06","12","Santos, I.C. dos","s.n.","2000","06","26","Southern America","Brasil","Minas Gerais","Paula Cândido","Fazenda do Sr. Edson Schuama.","-42.9803009033203","-20.8742008209229","13722","Folhas de cor verde escuras, glabras. Flores com as três pétalas de mesma coloração azul clara. Produziu poucas flores e pouquíssimas sementes nas condições de cultivo.","auto",NA,NA,NA,NA,NA,"IPA0059464",NA
"12","2020-03-10 08:30:59-03","UFV","VIC","8773","PreservedSpecimen","Plantae",NA,NA,"Verbenaceae","Lantana","camara","Lantana camara","L.","Salimena, F.R.","2001",NA,NA,"Helena C. Morais","s.n.","1984","04","12",NA,"Brasil","Minas Gerais","Viçosa-paula Cândido","Depois da mata da Prefeitura",NA,NA,NA,"Arbusto.",NA,NA,NA,NA,NA,NA,"VIC008773","VIC008773"
"13","2020-03-10 08:27:00-03","UFV","VIC","26880","PreservedSpecimen","Plantae",NA,NA,"Asteraceae","Achyrocline","satureioides","Achyrocline satureioides","(Lam.) DC.",NA,NA,NA,NA,"Teixeira, E.W.","s.n.","2001","04","09",NA,"Brasil","Minas Gerais","Paula Cândido",NA,"-42.9803009033203","-20.8742008209229","13722","Planta, c.a. de 1,0 metro de altura, sem odor e sem secreção. Flor amarela. Planta 01.","auto",NA,NA,NA,NA,NA,"VIC026880","VIC026880"
"14","2020-03-10 08:30:34-03","UFV","VIC","26852","PreservedSpecimen","Plantae",NA,NA,"Rubiaceae","Mitracarpus",NA,"Mitracarpus",NA,NA,NA,NA,NA,"Teixeira, É.W.","s.n.",NA,NA,NA,NA,"Brasil","Minas Gerais","Paula Cândido",NA,"-42.9803009033203","-20.8742008209229","13722","Planta de cerca de 80 cm, sem odor e sem secreção, flor branca planta 02","auto",NA,NA,NA,NA,NA,"VIC026852","VIC026852"
"15","2020-03-10 08:28:41-03","UFV","VIC","26829","PreservedSpecimen","Plantae",NA,NA,"Lamiaceae","Ocinum",NA,"Ocinum",NA,NA,NA,NA,NA,"Teixeira, E.","s.n.","2001","08","07",NA,"Brasil","Minas Gerais","Paula Cândido",NA,"-42.9803009033203","-20.8742008209229","13722","Odor forte sem secreção PL 2","auto",NA,NA,NA,NA,NA,"VIC026829",NA
"16","2020-03-10 08:26:36-03","UFV","VIC","26821","PreservedSpecimen","Plantae",NA,NA,"Amaranthaceae",NA,NA,NA,NA,NA,NA,NA,NA,"Teixeira, E.W.","s.n.","2001","04","09",NA,"Brasil","Minas Gerais","Paula Cândido",NA,"-42.9803009033203","-20.8742008209229","13722","Planta de aproximadamente 80 cm de altura com flor branca, sem odor e sem secreção. Planta 04.","auto",NA,NA,NA,NA,NA,"VIC026821","VIC026821"
"17","2020-03-10 08:30:34-03","UFV","VIC","25290","PreservedSpecimen","Plantae",NA,NA,"Rubiaceae","Mitracarpus",NA,"Mitracarpus",NA,NA,NA,NA,NA,"Teixeira, É.W.","s.n.",NA,NA,NA,NA,"Brasil","Minas Gerais","Paula Cândido",NA,"-42.9803009033203","-20.8742008209229","13722","Planta de cerca de 1 m, flor branca planta 03","auto",NA,NA,NA,NA,NA,"VIC025290","VIC025290"
"18","2020-03-10 08:28:57-03","UFV","VIC","25567","PreservedSpecimen","Plantae",NA,NA,"Malvaceae","Sida","spinosa","Sida spinosa","L.",NA,NA,NA,NA,"Teixeira, É.W.","s.n.","2001","01","02",NA,"Brasil","Minas Gerais","Paula Cândido",NA,"-42.9803009033203","-20.8742008209229","13722","Planta de ca 50 cm, flores brancas pl 06","auto",NA,NA,NA,NA,NA,"VIC025567","VIC025567"
"19","2020-03-10 08:27:06-03","UFV","VIC","25288","PreservedSpecimen","Plantae",NA,NA,"Asteraceae","Bidens","pilosa","Bidens pilosa","L.",NA,NA,NA,NA,"Teixeira, E.W.","s.n.","2000","12","05",NA,"Brasil","Minas Gerais","Paula Cândido",NA,"-42.9803009033203","-20.8742008209229","13722","Planta com c.a. de 80 cm de altura; flor amarela. Planta 06.","auto",NA,NA,NA,NA,NA,"VIC025288","VIC025288"
"20","2020-03-10 08:30:38-03","UFV","VIC","026858","PreservedSpecimen","Plantae",NA,NA,"Rubiaceae","Spermacoce","verticillata","Spermacoce verticillata","L",NA,NA,NA,NA,"Teixeira, É.W.","s.n.","2001","03","09",NA,"Brasil","Minas Gerais","Paula Cândido",NA,"-42.9803009033203","-20.8742008209229","13722","Planta de cerca de 30 cm, flor branca sem odor e sem secreção, planta 04","auto",NA,NA,NA,NA,NA,"VIC026858","VIC026858"
"21","2020-03-10 08:30:34-03","UFV","VIC","26856","PreservedSpecimen","Plantae",NA,NA,"Rubiaceae","Mitracarpus",NA,"Mitracarpus",NA,NA,NA,NA,NA,"Teixeira, É.W.","s.n.",NA,NA,NA,NA,"Brasil","Minas Gerais","Paula Cândido",NA,"-42.9803009033203","-20.8742008209229","13722","Planta de ca de 1,5 m de flor branca sem odor e sem secreção","auto",NA,NA,NA,NA,NA,"VIC026856","VIC026856"
"22","2020-03-10 08:28:41-03","UFV","VIC","25559","PreservedSpecimen","Plantae",NA,NA,"Lamiaceae","Ocimum","americanum","Ocimum americanum","L.",NA,NA,NA,NA,"Teixeira, E.W.","s.n.","2001","01","02",NA,"Brasil","Minas Gerais","Paula Cândido",NA,"-42.9803009033203","-20.8742008209229","13722","Planta de 80 cm flor branca.","auto",NA,NA,NA,NA,NA,"VIC025559",NA
"23","2020-03-10 08:30:58-03","UFV","VIC","25292","PreservedSpecimen","Plantae",NA,NA,"Verbenaceae","Aegiphila","sellowiana","Aegiphila sellowiana","Cham.",NA,NA,NA,NA,"Teixeira, E.W.","s.n.","2000","12","08",NA,"Brasil","Minas Gerais","Paula Cândido",NA,"-42.9803009033203","-20.8742008209229","13722","Planta com ca de 4m de altura. Flor clara (branca ou bege) sem secreção. Planta 08.","auto",NA,NA,NA,NA,NA,"VIC025292","VIC025292"
"24","2020-03-10 08:27:18-03","UFV","VIC","25556","PreservedSpecimen","Plantae",NA,NA,"Asteraceae","Praxelis","clematidea","Praxelis clematidea","(Griseb.) R.M. King & H. Rob.","Esteves, R.L.","2004","07","21","Teixeira, E.W.","s.n.","2001","02","06",NA,"Brasil","Minas Gerais","Paula Cândido",NA,"-42.9803009033203","-20.8742008209229","13722","Arbusto, c.a. de 60 cm de altura, sem secreção, odor forte, flor lilás. Pl 02.","auto",NA,NA,NA,NA,NA,"VIC025556","VIC025556"
"25","2020-03-10 08:30:34-03","UFV","VIC","26857","PreservedSpecimen","Plantae",NA,NA,"Rubiaceae","Mitracarpus",NA,"Mitracarpus",NA,NA,NA,NA,NA,"Teixeira, É.W.","s.n.",NA,NA,NA,NA,"Brasil","Minas Gerais","Paula Cândido",NA,"-42.9803009033203","-20.8742008209229","13722",NA,"auto",NA,NA,NA,NA,NA,"VIC026857","VIC026857"
"26","2020-03-10 08:27:23-03","UFV","VIC","26168","PreservedSpecimen","Plantae",NA,NA,"Asteraceae","Vernonia","membranacea","Vernonia membranacea","Gardner",NA,NA,NA,NA,"Teixeira, E.W.","s.n.","2001","08","07",NA,"Brasil","Minas Gerais","Paula Cândido",NA,"-42.9803009033203","-20.8742008209229","13722","Planta com c.a. de 1,2 metros de altura, sem odor e sem secreção. Flor branca. Pl 05.","auto",NA,NA,NA,NA,NA,"VIC026168","VIC026168"
"27","2020-03-10 08:27:23-03","UFV","VIC","26897","PreservedSpecimen","Plantae",NA,NA,"Asteraceae","Vernonia","scorpioides","Vernonia scorpioides","(Lam.) Pers.",NA,NA,NA,NA,"Teixeira, E.W.","s.n.","2001","08","07",NA,"Brasil","Minas Gerais","Paula Cândido",NA,"-42.9803009033203","-20.8742008209229","13722","Altura, c.a. de 1,0 metros, sem odor, sem secreção, flor roxa, Pl-04.","auto",NA,NA,NA,NA,NA,"VIC026897","VIC026897"
"28","2020-03-10 08:27:03-03","UFV","VIC","26920","PreservedSpecimen","Plantae",NA,NA,"Asteraceae","Baccharis","dracunculifolia","Baccharis dracunculifolia","DC.",NA,NA,NA,NA,"Teixeira, E.W.","s.n.","2001","05","07",NA,"Brasil","Minas Gerais","Paula Cândido",NA,"-42.9803009033203","-20.8742008209229","13722","Sem odor, sem secreção; flor branca. Planta com c.a. de 1,6 metros de altura. Pl 07.","auto",NA,NA,NA,NA,NA,"VIC026920","VIC026920"
"29","2020-03-10 08:27:03-03","UFV","VIC","26919","PreservedSpecimen","Plantae",NA,NA,"Asteraceae","Baccharis","dracunculifolia","Baccharis dracunculifolia","DC.",NA,NA,NA,NA,"Teixeira, E.W.","s.n.","2001","04","09",NA,"Brasil","Minas Gerais","Paula Cândido",NA,"-42.9803009033203","-20.8742008209229","13722","Sem odor, sem secreção; flor branca. Planta com c.a. de 1,7 metros de altura. Pl 03.","auto",NA,NA,NA,NA,NA,"VIC026919","VIC026919"
"30","2020-03-10 08:27:23-03","UFV","VIC","26169","PreservedSpecimen","Plantae",NA,NA,"Asteraceae","Vernonia","membranacea","Vernonia membranacea","Gardner",NA,NA,NA,NA,"Teixeira, E.W.","s.n.","2001","06","07",NA,"Brasil","Minas Gerais","Paula Cândido",NA,"-42.9803009033203","-20.8742008209229","13722","Planta com c.a. de 1,6 metros de altura, sem odor e sem secreção; botões fechados. Pl 01.","auto",NA,NA,NA,NA,NA,"VIC026169","VIC026169"
"31","2020-03-10 08:27:23-03","UFV","VIC","25257","PreservedSpecimen","Plantae",NA,NA,"Asteraceae","Vernonia","scorpioides","Vernonia scorpioides","(Lam.) Pers.","Dematteis, M.","2007",NA,NA,"Teixeira, E.W.","s.n.","2000","11","14",NA,"Brasil","Minas Gerais","Paula Cândido",NA,"-42.9803009033203","-20.8742008209229","13722","Planta, c.a. de 80 cm de altura, sem secreção, flor branca. Pl 03.","auto",NA,NA,NA,NA,NA,"VIC025257","VIC025257"
"32","2020-03-10 08:27:01-03","UFV","VIC","26174","PreservedSpecimen","Plantae",NA,NA,"Asteraceae","Austroeupatorium","silphiifolium","Austroeupatorium silphiifolium","(Mart.) R.M. King & H. Rob.","Esteves, R.L.","2004","07","21","Teixeira, E.W.","s.n.","2001","05","07",NA,"Brasil","Minas Gerais","Paula Cândido",NA,"-42.9803009033203","-20.8742008209229","13722","Planta com c.a. de 1,6 metros de altura; sem secreção e odor suave. Flor lilás. Pl 05.","auto",NA,NA,NA,NA,NA,"VIC026174","VIC026174"
"33","2020-03-10 08:28:55-03","UFV","VIC","11708","PreservedSpecimen","Plantae",NA,NA,"Malpighiaceae","Stigmaphyllon",NA,"Stigmaphyllon",NA,NA,NA,NA,NA,"Carvalho A.F.;","116","1992","08","19",NA,"Brasil","Minas Gerais","Paula Cândido",NA,"-42.9803009033203","-20.8742008209229","13722","Cipó de gosto amargo de flores amarelas.","auto",NA,NA,NA,NA,NA,"VIC011708",NA
"34","2020-03-10 08:27:03-03","UFV","VIC","26913","PreservedSpecimen","Plantae",NA,NA,"Asteraceae","Baccharis","dracunculifolia","Baccharis dracunculifolia","DC.",NA,NA,NA,NA,"Teixeira, E.W.","s.n.","2001","05","07",NA,"Brasil","Minas Gerais","Paula Cândido",NA,"-42.9803009033203","-20.8742008209229","13722","Sem odor, sem secreção; flor branca. Planta com c.a de 2,0 metros de altura. Pl 06.","auto",NA,NA,NA,NA,NA,"VIC026913","VIC026913"
"35","2020-03-10 08:27:03-03","UFV","VIC","26912","PreservedSpecimen","Plantae",NA,NA,"Asteraceae","Baccharis","dracunculifolia","Baccharis dracunculifolia","DC.",NA,NA,NA,NA,"Teixeira, E.W.","s.n.","2001","05","07",NA,"Brasil","Minas Gerais","Paula Cândido",NA,"-42.9803009033203","-20.8742008209229","13722","Sem odor, sem secreção; flor branca. Pl 08.","auto",NA,NA,NA,NA,NA,"VIC026912","VIC026912"
"36","2020-03-10 08:26:36-03","UFV","VIC","26820","PreservedSpecimen","Plantae",NA,NA,"Amaranthaceae","Alternanthera","brasiliana","Alternanthera brasiliana","(L.) Kuntze",NA,NA,NA,NA,"Teixeira, E.W.","s.n.","2001","05","07",NA,"Brasil","Minas Gerais","Paula Cândido",NA,"-42.9803009033203","-20.8742008209229","13722","Planta com 20 cm de altura, sem odor, sem secreção, flor branca. Pl-02.","auto",NA,NA,NA,NA,NA,"VIC026820","VIC026820"
"37","2020-03-10 08:27:03-03","UFV","VIC","25287","PreservedSpecimen","Plantae",NA,NA,"Asteraceae","Baccharis","dracunculifolia","Baccharis dracunculifolia","DC.","Esteves, R.L.","2004","07","21","Teixeira, E.W.","s.n.","2000","12","05",NA,"Brasil","Minas Gerais","Paula Cândido",NA,"-42.9803009033203","-20.8742008209229","13722","Planta com c.a. de 2,0 metros de altura; flor branca. Planta 05.","auto",NA,NA,NA,NA,NA,"VIC025287","VIC025287"
"38","2020-03-10 08:30:59-03","UFV","VIC","25291","PreservedSpecimen","Plantae",NA,NA,"Verbenaceae","Lantana","camara","Lantana camara","L.","Salimena, F.R.","2001","09",NA,"Teixeira, E.W.","s.n.","2000","12","06",NA,"Brasil","Minas Gerais","Paula Cândido",NA,"-42.9803009033203","-20.8742008209229","13722","Planta com ca de 1m de altura, flor amarela e vermelha. Planta 04","auto",NA,NA,NA,NA,NA,"VIC025291","VIC025291"
"39","2020-03-10 08:28:13-03","UFV","VIC","025289","PreservedSpecimen","Plantae",NA,NA,"Cupressaceae",NA,NA,NA,NA,NA,NA,NA,NA,"Teixiera, É.W.","s.n.","2000","12","05",NA,"Brasil","Minas Gerais","Paula Cândido",NA,"-42.9803009033203","-20.8742008209229","13722","Planta com cerca de 4 m, frutos verdes planta 07.","auto",NA,NA,NA,NA,NA,"VIC025289",NA
"40","2020-03-10 08:27:10-03","UFV","VIC","25286","PreservedSpecimen","Plantae",NA,NA,"Asteraceae","Emilia",NA,"Emilia",NA,NA,NA,NA,NA,"Teixeira, E.W.","s.n.","2000","12","05",NA,"Brasil","Minas Gerais","Paula Cândido",NA,"-42.9803009033203","-20.8742008209229","13722","Planta com c.a. de 80 cm de altura; flor rosa. Planta 02.","auto",NA,NA,NA,NA,NA,"VIC025286","VIC025286"
"41","2020-03-10 08:29:27-03","UFV","VIC","25561","PreservedSpecimen","Plantae",NA,NA,"Mimosoideae","Piptadenia","gonoacantha","Piptadenia gonoacantha","(Mart.) J.F. Macbr.","Queiroz, L.P. de","2004","07","20","Teixeira, E.W.","s.n.","2001","01","02",NA,"Brasil","Minas Gerais","Paula Cândido",NA,"-42.9803009033203","-20.8742008209229","13722","Planta 15m alt, sem ssecreção. Flor lilás.","auto",NA,NA,NA,NA,NA,"VIC025561","VIC025561"
"42","2020-03-10 08:28:57-03","UFV","VIC","25568","PreservedSpecimen","Plantae",NA,NA,"Malvaceae","Sida","glaziovii","Sida glaziovii","K. Schum",NA,NA,NA,NA,"Teixeira, E.W.","s.n.","2001","02","06",NA,"Brasil","Minas Gerais","Paula Cândido",NA,"-42.9803009033203","-20.8742008209229","13722","Arbusto ca. de 80 cm de altura, sem secreção, sem odor, flor branca miolo amarelo. PL 03.","auto",NA,NA,NA,NA,NA,"VIC025568","VIC025568"
"43","2020-03-10 08:28:54-03","UFV","VIC","26842","PreservedSpecimen","Plantae",NA,NA,"Malpighiaceae","Heteropterys",NA,"Heteropterys",NA,NA,NA,NA,NA,NA,"s.n.","2001","03","09",NA,"Brasil","Minas Gerais","Paula Cândido",NA,"-42.9803009033203","-20.8742008209229","13722","Sem odor , sem secreção, flor amarela, a015 m, PL 01","auto",NA,NA,NA,NA,NA,"VIC026842",NA
"44","2020-03-10 08:27:18-03","UFV","VIC","25555","PreservedSpecimen","Plantae",NA,NA,"Asteraceae","Sonchus","oleraceus","Sonchus oleraceus","L.",NA,NA,NA,NA,"Teixeira, E.W.","s.n.","2001","01","02",NA,"Brasil","Minas Gerais","Paula Cândido",NA,"-42.9803009033203","-20.8742008209229","13722","Planta com c.a. de 1,0 metro de altura. Flor lilá. Pl 05.","auto",NA,NA,NA,NA,NA,"VIC025555","VIC025555"
"45","2020-03-10 08:27:01-03","UFV","VIC","25285","PreservedSpecimen","Plantae",NA,NA,"Asteraceae","Baccharis",NA,"Baccharis",NA,NA,NA,NA,NA,"Teixeira, E.W.","s.n.","2000","12","05",NA,"Brasil","Minas Gerais","Paula Cândido",NA,"-42.9803009033203","-20.8742008209229","13722","Planta com c.a. de 2,0 metros de altura, odor forte, flor branca não resinosa. Planta 01.","auto",NA,NA,NA,NA,NA,"VIC025285","VIC025285"
"46","2020-03-10 08:28:57-03","UFV","VIC","26839","PreservedSpecimen","Plantae",NA,NA,"Malvaceae","Sida","glaziovii","Sida glaziovii","K. Schum","Bovini, M.G.","2004","07",NA,"Teixeira, E.","s.n.","2001","03","09",NA,"Brasil","Minas Gerais","Paula Cândido",NA,"-42.9803009033203","-20.8742008209229","13722","sem odor, sem secreção, flor branca, 0,6 metros de altura, Pl-03","auto",NA,NA,NA,NA,NA,"VIC026839","VIC026839"
"47","2020-03-10 08:27:12-03","UFV","VIC","26885","PreservedSpecimen","Plantae",NA,NA,"Asteraceae","Eupatorium","maximiliani","Eupatorium maximiliani","generic SCHRADER ex DC.",NA,NA,NA,NA,"Teixeira, E.W.","s.n.","2001","03","09",NA,"Brasil","Minas Gerais","Paula Cândido",NA,"-42.9803009033203","-20.8742008209229","13722","Planta com 60 cm de altura, sem odor, sem secreção, flor lilás. Pl 02.","auto",NA,NA,NA,NA,NA,"VIC026885","VIC026885"
"48","2020-03-10 08:28:00-03","UFV","VIC","26835","PreservedSpecimen","Plantae",NA,NA,"Caesalpinioideae","Senna","multijuga","Senna multijuga","(Rich.) H.S. Irwin & Barneby",NA,NA,NA,NA,"Teixeira, E.W.","s.n.","2001","05","07",NA,"Brasil","Minas Gerais","Paula Cândido",NA,"-42.9803009033203","-20.8742008209229","13722","Sem odor, sem secreção, flor amarela, 4,0 metros de altura. Pl 04.","auto",NA,NA,NA,NA,NA,"VIC026835","VIC026835"
"49","2020-03-10 08:29:50-03","UFV","VIC","25569","PreservedSpecimen","Plantae",NA,NA,"Oxalidaceae","Averrhoa","carambola","Averrhoa carambola","L.",NA,NA,NA,NA,"Teixeira, E.W.","s.n.","2001","02","06",NA,"Brasil","Minas Gerais","Paula Cândido",NA,"-42.9803009033203","-20.8742008209229","13722",NA,"auto",NA,NA,NA,NA,NA,"VIC025569","VIC025569"
"50","2020-03-10 08:30:31-03","UFV","VIC","25570","PreservedSpecimen","Plantae",NA,NA,"Rosaceae","Eriobotrya","japonica","Eriobotrya japonica","Lindl.",NA,NA,NA,NA,"Teixeira, E.W.","s.n.","2001","02","06",NA,"Brasil","Minas Gerais","Paula Cândido",NA,"-42.9803009033203","-20.8742008209229","13722","Árborea de ca de 8 m, sem secreção e sem odor, flor branca.","auto",NA,NA,NA,NA,NA,"VIC025570","VIC025570"
"51","2020-03-10 08:29:31-03","UFV","VIC","25560","PreservedSpecimen","Plantae",NA,NA,"Mimosoideae","Stryphnodendron","guianense","Stryphnodendron guianense","(Aubl.) Benth.","Queiroz, L.P. de","2004","07","20","Teixeira, E.W.","s.n.","2001","01","02",NA,"Brasil","Minas Gerais","Paula Cândido",NA,"-42.9803009033203","-20.8742008209229","13722","Planta ca. de 15m de altura. Flor vinho. PL 01.","auto",NA,NA,NA,NA,NA,"VIC025560","VIC025560"
"52","2020-03-10 08:27:01-03","UFV","VIC","25551","PreservedSpecimen","Plantae",NA,NA,"Asteraceae","Baccharis",NA,"Baccharis",NA,NA,NA,NA,NA,"Teixeira, E.W.","s.n.","2001","01","02",NA,"Brasil","Minas Gerais","Paula Cândido",NA,"-42.9803009033203","-20.8742008209229","13722","Planta com c.a. de 1,0 metro de altura. Flor amarela. Pl 04.","auto",NA,NA,NA,NA,NA,"VIC025551","VIC025551"
"53","2020-03-10 08:27:01-03","UFV","VIC","25553","PreservedSpecimen","Plantae",NA,NA,"Asteraceae","Baccharis",NA,"Baccharis",NA,NA,NA,NA,NA,"Teixeira, E.W.","s.n.","2001","02","06",NA,"Brasil","Minas Gerais","Paula Cândido",NA,"-42.9803009033203","-20.8742008209229","13722","Arbórea, c.a. de 1,5 metros de altura, sem secreção, sem odor, flor branca. Pl 06.","auto",NA,NA,NA,NA,NA,"VIC025553","VIC025553"
"54","2020-03-10 08:27:00-03","UFV","VIC","26879","PreservedSpecimen","Plantae",NA,NA,"Asteraceae","Achyrocline","satureioides","Achyrocline satureioides","(Lam.) DC.",NA,NA,NA,NA,"Teixeira, E.W.","s.n.","2001","05","07",NA,"Brasil","Minas Gerais","Paula Cândido",NA,"-42.9803009033203","-20.8742008209229","13722","Planta, c.a. de 1,0 metro de altura, sem odor e sem secreção. Flor amarela. Planta 01.","auto",NA,NA,NA,NA,NA,"VIC026879","VIC026879"
"55","2020-03-10 08:29:34-03","UFV","VIC","31681","PreservedSpecimen","Plantae",NA,NA,"Moraceae","Maclura","tinctoria","Maclura tinctoria","(L.) D.Don ex Steudel","Souza, P.P. de","2008","08","20","Souza, P.P.","196","2007","09","19",NA,"Brasil","Minas Gerais","Paula Cândido","Airões","-42.9803009033203","-20.8742008209229","13722","Árvore de 6 m, crescendo a pleno sol, casca de cor cinza de muitas pontuações clara nos ramos, folhas recobertas por tricomas de cor branca, estípula terminal verde, seiva latescente esverdeada de sabor adoçicado.","auto",NA,NA,NA,NA,NA,"VIC031681","VIC031681"
"56","2020-03-10 08:27:07-03","UFV","VIC","27777","PreservedSpecimen","Plantae",NA,NA,"Asteraceae","Chromolaena","odorata","Chromolaena odorata","(L.) R.M. King & H. Rob.","Esteves, R.L.","2004","07","21","Teixeira, E.W.","s.n.","2001","04","09",NA,"Brasil","Minas Gerais","Paula Cândido","Arbusto, c.a. de 80 cm de altura; flor lilás, sem secreção, odor suave. Planta 02.","-42.9803009033203","-20.8742008209229","13722",NA,"auto",NA,NA,NA,NA,NA,"VIC027777","VIC027777"
"57","2020-03-10 08:30:49-03","UFV","VIC","009505","PreservedSpecimen","Plantae",NA,NA,"Solanaceae","Solanum","insidiosum","Solanum insidiosum","Mart.",NA,NA,NA,NA,"Morais, H.C.","s.n.","1986","03","11",NA,"Brasil","Minas Gerais","Paula Cândido","Depois da Fazenda São Geraldo","-42.9803009033203","-20.8742008209229","13722","Arbusto de cerca de 1,8 m, flores branco esverdeadas.","auto",NA,NA,NA,NA,NA,"VIC009505","VIC009505"
"58","2020-03-10 08:28:28-03","UFV","VIC","10263","PreservedSpecimen","Plantae",NA,NA,"Euphorbiaceae","Croton","celtidifolius","Croton celtidifolius","Baill.","Sá Haiad, B. de","2004","07","20","Campos, L.A.O.","s.n.","1987","11",NA,NA,"Brasil","Minas Gerais","Paula Cândido","Estrada Viçosa - Airões, À 5,0 Km de Viçosa.","-42.9803009033203","-20.8742008209229","13722","Árvore, c.a. de 3,0 metros de altura; flores esverdeadas perfumadas. Visitadas por Apis mellifera e Trigona sp.","auto",NA,NA,NA,NA,NA,"VIC010263","VIC010263"
"59","2020-03-10 08:28:10-03","UFV","VIC","024803","PreservedSpecimen","Plantae",NA,NA,"Commelinaceae","Commelina","diffusa","Commelina diffusa","Burm F.",NA,NA,NA,NA,"Santos, I.C. dos","s.n.","2000","05","26",NA,"Brasil","Minas Gerais","Paula Cândido","fazenda do Sr Edson Schuama","-42.9803009033203","-20.8742008209229","13722","A matriz( segmento de ramos)foi coletada na procedência supra citada acima em 02/II/2000 e cultivada em vasos, em casa de vegetação da UFV.Folhas de cor verde escura, glabras. Flores de três pétalas da mesma coloração azul clara. Prod","auto",NA,NA,NA,NA,NA,"VIC024803","VIC024803"
"60","2020-03-10 08:30:07-03","UFV","VIC","9307","PreservedSpecimen","Plantae",NA,NA,"Passifloraceae","Passiflora","speciosa","Passiflora speciosa","Gardn.",NA,NA,NA,NA,"Lopes, F.S.","s.n.","1985","03","11",NA,"Brasil","Minas Gerais","Paula Cândido","Fazenda São Geraldo","-42.9803009033203","-20.8742008209229","13722","Trepadeira,pétalas e séplas vermelhas,presença de glândulas no cálice,estaminoides em grande número de base branca e ápice grená,anteras e estigma verde amarelado,androginóforo branco salpicado de pintas vermelhas ,com gavinha e frutos","auto",NA,NA,NA,NA,NA,"VIC009307","VIC009307"
"61","2020-03-10 08:30:19-03","UFV","VIC","24420","PreservedSpecimen","Plantae",NA,NA,"Poaceae","Parodiolyra","micrantha","Parodiolyra micrantha","(Kunth) Davidse & Zuloaga","Clark, L.G.","2002","03","06","Robin, R.","s.n.","2000","03","23",NA,"Brasil","Minas Gerais","Paula Cândido","Fazenda São Geraldo, Borda de mata secundária na encosta.","-42.9803009033203","-20.8742008209229","13722","C.a. de 2,0 metros de altura, com vários stands floridos. Flores brancas.","auto",NA,NA,NA,NA,NA,"VIC024420","VIC024420"
"62","2020-03-10 08:30:59-03","UFV","VIC","009239","PreservedSpecimen","Plantae",NA,NA,"Verbenaceae","Lantana",NA,"Lantana",NA,NA,NA,NA,NA,"Lopes, F.S.; Nascimento, P.","s.n.","1985","02","08",NA,"Brasil","Minas Gerais","Paula Cândido","Mata da Fazenda de São Geraldo","-42.9803009033203","-20.8742008209229","13722","Planta herbácea, inflorescências axilares cormbosas, corola possui tubo e bordos lilás e a boca de tubo amarela.","auto",NA,NA,NA,NA,NA,"VIC009239","VIC009239"
"63","2020-03-10 08:30:59-03","UFV","VIC","009306","PreservedSpecimen","Plantae",NA,NA,"Verbenaceae","Lantana",NA,"Lantana",NA,NA,NA,NA,NA,"Lopes, F.S.","s.n.","1985","03","11",NA,"Brasil","Minas Gerais","Paula Cândido","Mata da Fazenda de São Geraldo","-42.9803009033203","-20.8742008209229","13722","Arbusto de cerca de 1,5 m, pétalas lilases, fauce amarela.","auto",NA,NA,NA,NA,NA,"VIC009306","VIC009306"
"64","2020-03-10 08:30:08-03","UFV","VIC","40606","PreservedSpecimen","Plantae",NA,NA,"Phytolaccaceae","Phytolacca","thyrsiflora","Phytolacca thyrsiflora","Fenzl",NA,NA,NA,NA,"Coleta n°4","4","2001","12","06",NA,"Brasil","Minas Gerais","Paula Cândido","Sitio Bom Jardim","-42.9803009033203","-20.8742008209229","13722","Arbusto de mais ou menos 2 m, flores rosa, parecendo rcachos de uva, sem odor presença de abelhas.","auto",NA,NA,NA,NA,NA,"VIC040606","VIC040606"
"65","2020-03-10 08:30:58-03","UFV","VIC","040621","PreservedSpecimen","Plantae",NA,NA,"Verbenaceae","Aegiphila",NA,"Aegiphila",NA,NA,NA,NA,NA,NA,"26","2001","12","13",NA,"Brasil","Minas Gerais","Paula Cândido","Sitio Bom Jardim","-42.9803009033203","-20.8742008209229","13722","árvore de cerca de 10 m, sem odor, com presença de abelhas.","auto",NA,NA,NA,NA,NA,"VIC040621",NA
"66","2020-03-10 08:29:50-03","UFV","VIC","40605","PreservedSpecimen","Plantae",NA,NA,"Oxalidaceae","Averrhoa",NA,"Averrhoa",NA,NA,NA,NA,NA,NA,"48","2002","02","28",NA,"Brasil","Minas Gerais","Paula Cândido","Sitio Bom Jardim","-42.9803009033203","-20.8742008209229","13722",NA,"auto",NA,NA,NA,NA,NA,"VIC040605",NA
"67","2020-03-10 08:27:01-03","UFV","VIC","40615","PreservedSpecimen","Plantae",NA,NA,"Asteraceae","Ageratum","conyzoides","Ageratum conyzoides","L.",NA,NA,NA,NA,NA,"33","2002","01","10",NA,"Brasil","Minas Gerais","Paula Cândido","Sitio Bom Jardim","-42.9803009033203","-20.8742008209229","13722","Arbusto pequeno, com flores roxinhas, folhas rugosas.","auto",NA,NA,NA,NA,NA,"VIC040615","VIC040615"
"68","2020-03-10 08:27:00-03","UFV","VIC","40599","PreservedSpecimen","Plantae",NA,NA,"Asteraceae","Ageratum",NA,"Ageratum",NA,NA,NA,NA,NA,NA,"5","2001","12","06",NA,"Brasil","Minas Gerais","Paula Cândido","Sitio Bom Jardim","-42.9803009033203","-20.8742008209229","13722","Arbusto baixo, flolilás sem odor.","auto",NA,NA,NA,NA,NA,"VIC040599","VIC040599"
"69","2020-03-10 08:26:35-03","UFV","VIC","40590","PreservedSpecimen","Plantae",NA,NA,"Acanthaceae","Ruellia","brevifolia","Ruellia brevifolia","(Pohl) C. Ezcurra",NA,NA,NA,NA,NA,"40","2002","02","14",NA,"Brasil","Minas Gerais","Paula Cândido","Sitio Bom Jardim","-42.9803009033203","-20.8742008209229","13722","Arbusto pequeno, flores com cálice vermelho, folhas pequenas sem odor.","auto",NA,NA,NA,NA,NA,"VIC040590","VIC040590"
"70","2020-03-10 08:27:03-03","UFV","VIC","40617","PreservedSpecimen","Plantae",NA,NA,"Asteraceae","Baccharis","melastomifolia","Baccharis melastomifolia","Hook. & Arn.",NA,NA,NA,NA,NA,"1","2001","12","06",NA,"Brasil","Minas Gerais","Paula Cândido","Sitio Bom Jardim","-42.9803009033203","-20.8742008209229","13722","Capítulos verdes e amarelos.","auto",NA,NA,NA,NA,NA,"VIC040617","VIC040617"
"71","2020-03-10 08:27:36-03","UFV","VIC","40592","PreservedSpecimen","Plantae",NA,NA,"Boraginaceae",NA,NA,NA,NA,NA,NA,NA,NA,NA,"22","2001","12","13",NA,"Brasil","Minas Gerais","Paula Cândido","Sitio Bom Jardim","-42.9803009033203","-20.8742008209229","13722","Arbusto de mais ou menos 2 metros de altura, flores pequenas brancas em forma de cálice, com odor forte.","auto",NA,NA,NA,NA,NA,"VIC040592",NA
"72","2020-03-10 08:27:03-03","UFV","VIC","40595","PreservedSpecimen","Plantae",NA,NA,"Asteraceae","Baccharis","dracunculifolia","Baccharis dracunculifolia","DC.",NA,NA,NA,NA,NA,"14","2001","12","13",NA,"Brasil","Minas Gerais","Paula Cândido","Sitio Bom Jardim","-42.9803009033203","-20.8742008209229","13722","Arbusto, 1 metro, flores furadas, odor cheiro de própolis.","auto",NA,NA,NA,NA,NA,"VIC040595","VIC040595"
"73","2020-03-10 08:27:00-03","UFV","VIC","40619","PreservedSpecimen","Plantae",NA,NA,"Asteraceae","Achyrocline","satureioides","Achyrocline satureioides","(Lam.) DC.",NA,NA,NA,NA,NA,"27","2002","01","10",NA,"Brasil","Minas Gerais","Paula Cândido","Sitio Bom Jardim","-42.9803009033203","-20.8742008209229","13722","Arbusto rasteiro, com flores amarelas, sem odor.","auto",NA,NA,NA,NA,NA,"VIC040619","VIC040619"
"74","2020-03-10 08:28:32-03","UFV","VIC","40630","PreservedSpecimen","Plantae",NA,NA,"Euphorbiaceae","Ricinus","communis","Ricinus communis","L.",NA,NA,NA,NA,NA,"43","2002","02","14",NA,"Brasil","Minas Gerais","Paula Cândido","Sitio Bom Jardim","-42.9803009033203","-20.8742008209229","13722","Flores miúdas, amarelinhas com presença de abelhas.","auto",NA,NA,NA,NA,NA,"VIC040630","VIC040630"
"75","2020-03-10 08:28:55-03","UFV","VIC","40632","PreservedSpecimen","Plantae",NA,NA,"Malpighiaceae","Tetrapterys",NA,"Tetrapterys",NA,NA,NA,NA,NA,NA,"36","2002","02","14",NA,"Brasil","Minas Gerais","Paula Cândido","Sitio Bom Jardim","-42.9803009033203","-20.8742008209229","13722","Flores rosas e brancas no mesmo caule, sem odor , botões abertos e fechados, com presença de insetos, cipó.","auto",NA,NA,NA,NA,NA,"VIC040632",NA
"76","2020-03-10 08:28:55-03","UFV","VIC","40603","PreservedSpecimen","Plantae",NA,NA,"Malpighiaceae","Stigmaphyllon",NA,"Stigmaphyllon",NA,NA,NA,NA,NA,NA,"58","2002","03","28",NA,"Brasil","Minas Gerais","Paula Cândido","Sitio Bom Jardim","-42.9803009033203","-20.8742008209229","13722","Cipó de flores amarelas , sem cheiro.","auto",NA,NA,NA,NA,NA,"VIC040603",NA
"77","2020-03-10 08:28:42-03","UFV","VIC","040622","PreservedSpecimen","Plantae",NA,NA,"Lamiaceae","Verbena","bonariensis","Verbena bonariensis","L.",NA,NA,NA,NA,NA,"13",NA,NA,NA,NA,"Brasil","Minas Gerais","Paula Cândido","Sítio Bom Jardim","-42.9803009033203","-20.8742008209229","13722","Arbusto de 40 a 50 cm de altura, flores lilás.","auto",NA,NA,NA,NA,NA,"VIC040622","VIC040622"
"78","2020-03-10 08:30:59-03","UFV","VIC","040628","PreservedSpecimen","Plantae",NA,NA,"Verbenaceae","Stachytarpheta","cayennensis","Stachytarpheta cayennensis","(L.C.Rich) Vahl",NA,NA,NA,NA,NA,"6","2001","02","06",NA,"Brasil","Minas Gerais","Paula Cândido","Sitio Bom Jardim-Apiários da Mesmel","-42.9803009033203","-20.8742008209229","13722","Arbusto de estilete fino com flores nas pontas, flores azuis/lilás com presença de abelhas.","auto",NA,NA,NA,NA,NA,"VIC040628",NA
"79","2020-03-10 08:30:59-03","UFV","VIC","40623","PreservedSpecimen","Plantae",NA,NA,"Verbenaceae","Lantana","camara","Lantana camara","L.",NA,NA,NA,NA,"Sem Coletor","s.n.","2001","12","13",NA,"Brasil","Minas Gerais","Paula Cândido","Sítio Bom Jardim, Apiários da Mesmel, 1,8km, estrada Paula Candido- Viçosa","-42.9803009033203","-20.8742008209229","13722","Árvore de porte pequeno com flores roxas, caule com espinhos, odor suave","auto",NA,NA,NA,NA,NA,"VIC040623",NA
"80","2020-03-10 08:30:59-03","UFV","VIC","40624","PreservedSpecimen","Plantae",NA,NA,"Verbenaceae","Lantana","camara","Lantana camara","L.",NA,NA,NA,NA,"Sem Coletor","s.n.","2001","12","13",NA,"Brasil","Minas Gerais","Paula Cândido","Sítio Bom Jardim, Apiários da Mesmel, 1,8km, estrada Paula Candido- Viçosa","-42.9803009033203","-20.8742008209229","13722","Arbusto, flores vermelhas com odor parecido com hortelã, caule com espinhos","auto",NA,NA,NA,NA,NA,"VIC040624",NA
"81","2020-03-10 08:30:59-03","UFV","VIC","40625","PreservedSpecimen","Plantae",NA,NA,"Verbenaceae","Lantana","trifolia","Lantana trifolia","L.",NA,NA,NA,NA,"Sem Coletor","s.n.","2001","12","06",NA,"Brasil","Minas Gerais","Paula Cândido","Sítio Bom Jardim, Apiários da Mesmel, 1,8km, estrada Paula Candido- Viçosa","-42.9803009033203","-20.8742008209229","13722",NA,"auto",NA,NA,NA,NA,NA,"VIC040625",NA
"82","2020-03-10 08:30:54-03","UFV","VIC","40609","PreservedSpecimen","Plantae",NA,NA,"Tiliaceae","Triumfetta","bartramia","Triumfetta bartramia","L.",NA,NA,NA,NA,NA,"s.n.","2002","03","28",NA,"Brasil","Minas Gerais","Paula Cândido","Sítio Bom Jardim, Apiários da Mesmel, estrada Viçosa-Paula Cândido","-42.9803009033203","-20.8742008209229","13722","Arbusto rasteiro, com flores amarelas, sem odor","auto",NA,NA,NA,NA,NA,"VIC040609",NA
"83","2020-03-10 08:30:49-03","UFV","VIC","040627","PreservedSpecimen","Plantae",NA,NA,"Solanaceae","Solanum","americanum","Solanum americanum","Miller.",NA,NA,NA,NA,NA,"17","2001","12","13",NA,"Brasil","Minas Gerais","Paula Cândido","Sitio Bom Jardim- Apiários do Mesmel","-42.9803009033203","-20.8742008209229","13722","Arbusto pequeno, flores abertas brancas, pontas amarelas e de frutos de formato arrendondado, frutos carnosos.","auto",NA,NA,NA,NA,NA,"VIC040627",NA
"84","2020-03-10 08:30:49-03","UFV","VIC","040626","PreservedSpecimen","Plantae",NA,NA,"Solanaceae","Solanum","lycocarpum","Solanum lycocarpum","A St Hill",NA,NA,NA,NA,NA,"44","2002","02","14",NA,"Brasil","Minas Gerais","Paula Cândido","Sitio Bom Jardim- Apiários do Mesmel","-42.9803009033203","-20.8742008209229","13722","Árvore de pequeno porte, flores roxas e grandes.","auto",NA,NA,NA,NA,NA,"VIC040626",NA
"85","2020-03-10 08:28:56-03","UFV","VIC","40629","PreservedSpecimen","Plantae",NA,NA,"Malvaceae","Pavonia",NA,"Pavonia",NA,NA,NA,NA,NA,"Coleta n°18","18","2001","12","13",NA,"Brasil","Minas Gerais","Paula Cândido","Sitio Bom Jardim- Apiários do Mesmel","-42.9803009033203","-20.8742008209229","13722","Arbusto de flores grandes amarelas, sem odor.","auto",NA,NA,NA,NA,NA,"VIC040629","VIC040629"
"86","2020-03-10 08:27:35-03","UFV","VIC","40593","PreservedSpecimen","Plantae",NA,NA,"Bombacaceae","Chorisia","speciosa","Chorisia speciosa","A. St.-Hil.",NA,NA,NA,NA,"Sem Coletor","51","2002","02","28",NA,"Brasil","Minas Gerais","Paula Cândido","Sitio Bom Jardim, Ápiarios do Mesmel,1,8 km da estrada Viçosa- Paula cândido.","-42.9803009033203","-20.8742008209229","13722","Árvore de mais ou menos 20 m.flores brancas grandes com presença de abelhas.","auto",NA,NA,NA,NA,NA,"VIC040593","VIC040593"
"87","2020-03-10 08:28:11-03","UFV","VIC","40600","PreservedSpecimen","Plantae",NA,NA,"Convolvulaceae","Ipomoea",NA,"Ipomoea",NA,NA,NA,NA,NA,"Ramos; Cordeiro; Deambrozi","42","2002","02","14",NA,"Brasil","Minas Gerais","Paula Cândido","Sitio Bom Jardim, Apiários do Mesmel, 1,8 km da estrada Viçosa Paula Cândido.","-42.9803009033203","-20.8742008209229","13722","Cipó, flores azuis em forma de cálice, sem odor.","auto",NA,NA,NA,NA,NA,"VIC040600","VIC040600"
"88","2020-03-10 08:30:19-03","UFV","VIC","040602","PreservedSpecimen","Plantae",NA,NA,"Poaceae","Paspalum","notatum","Paspalum notatum","A. H. Liogier ex Flüggé",NA,NA,NA,NA,NA,"30","2002","01","10",NA,"Brasil","Minas Gerais","Paula Cândido","Sítio Bom Jardim, Apiários do Mesmel, 1,8 Km da estrada Viçosa-Paula Cândido","-42.9803009033203","-20.8742008209229","13722","Grama, com presença de abelhas com ferrão e sem ferrão. Sem odor","auto",NA,NA,NA,NA,NA,"VIC040602","VIC040602"
"89","2020-03-10 08:26:45-03","UFV","VIC","40591","PreservedSpecimen","Plantae",NA,NA,"Anacardiaceae","Schinus","terebinthifolia","Schinus terebinthifolia","Raddi",NA,NA,NA,NA,NA,"21","2001","12","13",NA,"Brasil","Minas Gerais","Paula Cândido","Sitio Bom Jardim, Apiários do Mesmel, 1,8 km da estrada viçosa- Paula Cândido, Km 12,5.","-42.9803009033203","-20.8742008209229","13722","Árvore de mais ou menos 5 metros com flores brancas, folhas de formato ovalado, co cheiro forte.","auto",NA,NA,NA,NA,NA,"VIC040591","VIC040591"
"90","2020-03-10 08:30:59-03","UFV","VIC","040610","PreservedSpecimen","Plantae",NA,NA,"Verbenaceae","Lantana",NA,"Lantana",NA,NA,NA,NA,NA,NA,"10","2001","12","13",NA,"Brasil","Minas Gerais","Paula Cândido","Sitio Bom Jardim- Apiários do Mesmel, 1,8 km estrada Viçosa a Paula Cândido, km 12,5.","-42.9803009033203","-20.8742008209229","13722","Arbusto com flores roxas, folhas rugosas grandes.","auto",NA,NA,NA,NA,NA,"VIC040610",NA
"91","2020-03-10 08:28:56-03","UFV","VIC","40604","PreservedSpecimen","Plantae",NA,NA,"Malvaceae","Sida",NA,"Sida",NA,NA,NA,NA,NA,NA,"s.n.",NA,NA,NA,NA,"Brasil","Minas Gerais","Paula Cândido","Sitio Bom Jardim- Apiários Mesmel","-42.9803009033203","-20.8742008209229","13722","Arbusto de flores grandes amarelas.","auto",NA,NA,NA,NA,NA,"VIC040604","VIC040604"
"92","2020-03-10 08:27:06-03","UFV","VIC","40596","PreservedSpecimen","Plantae",NA,NA,"Asteraceae","Bidens","pilosa","Bidens pilosa","L.",NA,NA,NA,NA,NA,"07","2001","12","06",NA,"Brasil","Minas Gerais","Paula Cândido","Sitio Bom Jardim, Apiários Mesmel, 1,8 km da estrada Viçosa Paula candido, KM 12,5.","-42.9803009033203","-20.8742008209229","13722","Arbusto baixo com flor amarela.","auto",NA,NA,NA,NA,NA,"VIC040596","VIC040596"
"93","2020-03-10 08:27:01-03","UFV","VIC","40620","PreservedSpecimen","Plantae",NA,NA,"Asteraceae","Baccharis",NA,"Baccharis",NA,NA,NA,NA,NA,NA,"15","2001","12","13",NA,"Brasil","Minas Gerais","Paula Cândido","Sitio Bom Jardim, Apiários Mesmel, 1,8 km da estrada Viçosa Paula candido, KM 12,5.","-42.9803009033203","-20.8742008209229","13722","Arbusto com flores fechadas sem cheiro.","auto",NA,NA,NA,NA,NA,"VIC040620","VIC040620"
"94","2020-03-10 08:27:10-03","UFV","VIC","40597","PreservedSpecimen","Plantae",NA,NA,"Asteraceae","Emilia","sonchifolia","Emilia sonchifolia","(L.) DC.",NA,NA,NA,NA,NA,"25","2001","12","13",NA,"Brasil","Minas Gerais","Paula Cândido","Sitio Bom Jardim, Apiários Mesmel, 1,8 km da estrada Viçosa Paula candido, KM 12,5.","-42.9803009033203","-20.8742008209229","13722","flor em forma decálice vermelha e rosadas. Com presença de abelhas.","auto",NA,NA,NA,NA,NA,"VIC040597","VIC040597"
"95","2020-03-10 08:27:12-03","UFV","VIC","40616","PreservedSpecimen","Plantae",NA,NA,"Asteraceae","Eupatorium","maximiliani","Eupatorium maximiliani","generic SCHRADER ex DC.",NA,NA,NA,NA,NA,"45","2002","02","28",NA,"Brasil","Minas Gerais","Paula Cândido","Sitio Bom Jardim, Apiários Mesmel, 1,8 km da estrada Viçosa Paula candido, KM 12,5.","-42.9803009033203","-20.8742008209229","13722","Arbusto erva canuto, com flores roxinhas, botões abertos e fechados.","auto",NA,NA,NA,NA,NA,"VIC040616","VIC040616"
"96","2020-03-10 08:27:20-03","UFV","VIC","40618","PreservedSpecimen","Plantae",NA,NA,"Asteraceae","Tagetes","erecta","Tagetes erecta","L.",NA,NA,NA,NA,NA,"51","2002","02","28",NA,"Brasil","Minas Gerais","Paula Cândido","Sitio Bom Jardim, Apiários Mesmel, 1,8 km da estrada Viçosa Paula candido, KM 12,5.","-42.9803009033203","-20.8742008209229","13722","Flores grandes amarelas e laranjas, de odor suave.","auto",NA,NA,NA,NA,NA,"VIC040618","VIC040618"
"97","2020-03-10 08:27:18-03","UFV","VIC","40614","PreservedSpecimen","Plantae",NA,NA,"Asteraceae","Porophyllum","ruderale","Porophyllum ruderale","(Jacq.) Cass.",NA,NA,NA,NA,NA,"29","2002","01","10",NA,"Brasil","Minas Gerais","Paula Cândido","Sitio Bom Jardim, Apiários Mesmel, 1,8 km da estrada Viçosa Paula candido, KM 12,5.","-42.9803009033203","-20.8742008209229","13722","Arbusto com folhas lisas, flor parece com picão depois de aberta sem odor.","auto",NA,NA,NA,NA,NA,"VIC040614","VIC040614"
"98","2020-03-10 08:27:18-03","UFV","VIC","40598","PreservedSpecimen","Plantae",NA,NA,"Asteraceae","Sonchus","oleraceus","Sonchus oleraceus","L.",NA,NA,NA,NA,NA,"59","2002","04","04",NA,"Brasil","Minas Gerais","Paula Cândido","Sitio Bom Jardim, Apiários Mesmel, 1,8 km da estrada Viçosa Paula candido, KM 12,5.","-42.9803009033203","-20.8742008209229","13722","Erva com folhas arrolhadas, flores amarelas.","auto",NA,NA,NA,NA,NA,"VIC040598","VIC040598"
"99","2020-03-10 08:26:51-03","UFV","VIC","40613","PreservedSpecimen","Plantae",NA,NA,"Apocynaceae","Allamanda","cathartica","Allamanda cathartica","L.",NA,NA,NA,NA,NA,"32","2002","01","10",NA,"Brasil","Minas Gerais","Paula Cândido","Sitio Bom Jardim, Ápiarios Mesmel, 1,8 Km estrada viçosa- Paula Cândido, Km 12,5.","-42.9803009033203","-20.8742008209229","13722","arbusto alto com grandes flores amarelas.","auto",NA,NA,NA,NA,NA,"VIC040613","VIC040613"
"100","2020-03-10 08:30:34-03","UFV","VIC","25258","PreservedSpecimen","Plantae",NA,NA,"Rubiaceae","Mitracarpus",NA,"Mitracarpus",NA,NA,NA,NA,NA,"Teixeira, É.W.","s.n.",NA,NA,NA,NA,"Brasil","Minas Gerais","Paula Cândido","Sitio Dejair","-42.9803009033203","-20.8742008209229","13722","Planta de ca de 1 m de altura, flor branca, sem secreção. planta 02","auto",NA,NA,NA,NA,NA,"VIC025258","VIC025258"
"101","2020-03-10 08:27:01-03","UFV","VIC","25256","PreservedSpecimen","Plantae",NA,NA,"Asteraceae","Baccharis",NA,"Baccharis",NA,NA,NA,NA,NA,"Teixeira, E.W.","s.n.","2000","11","14",NA,"Brasil","Minas Gerais","Paula Cândido","Sítio Dejair","-42.9803009033203","-20.8742008209229","13722","Planta, c.a. de 80 cm de altura; flor amarela, sem secreção. Planta 01.","auto",NA,NA,NA,NA,NA,"VIC025256","VIC025256"
"102","2020-03-10 08:30:59-03","UFV","VIC","25259","PreservedSpecimen","Plantae",NA,NA,"Verbenaceae","Lantana","fucata","Lantana fucata","Lindl","Salimena, F.R.","2001","09",NA,"Teixeira, E.W.","s.n.","2000","11","14",NA,"Brasil","Minas Gerais","Paula Cândido","Sítio Dejair","-42.9803009033203","-20.8742008209229","13722","Planta ca. De 1,5 m de altura, flor laranja e vermelha, odor forte, sem secreção. Planta 04","auto",NA,NA,NA,NA,NA,"VIC025259","VIC025259"
"103","2019-11-14 13:52:06-03","IAP","PACA-AGP","90223","PreservedSpecimen","Plantae","Pteridophyta","Filicopsida","Schizaeaceae","Anemia",NA,"Anemia",NA,"M. Almeida Neto","1997","03","28","M. Almeida-Neto","139","1997","03","28",NA,"Brasil","MG","Paula Cândido","Povoado de Airões.","-42.980278","-20.874167",NA,"HASU 13115 Habitat: Capoeira em morro. Terrestre no interior da mata.",NA,"Polypodiales","42º58'49.0W","20º52'27.0S","400","400","PACA090223",NA
"104","2019-11-14 13:52:06-03","IAP","PACA-AGP","90360","PreservedSpecimen","Plantae","Pteridophyta","Filicopsida","Schizaeaceae","Anemia","phyllitidis","Anemia phyllitidis","(L.) Sw.","M. Almeida-Neto","1997","03","28","M. Almeida-Neto","126","1997","03","28",NA,"Brasil","MG","Paula Cândido","povoado de Airões","-42.980278","-20.874167",NA,"HASU 13025. Capoeira em morro. Terrestre. Habitat: interior de mata",NA,"Polypodiales","42º58'49.0W","20º52'27.0S","400","400","PACA090360",NA
"105","2019-11-14 13:52:05-03","IAP","PACA-AGP","88449","PreservedSpecimen","Plantae","Pteridophyta","Filicopsida","Dryopteridaceae","Lastreopsis","effusa","Lastreopsis effusa","(Sw.) Tindale","A.L. de Gasper","2011","08",NA,"M. Almeida-Neto","143","1997","03","28",NA,"Brasil","MG","Paula Cândido","Povoado de Airões","-42.980278","-20.874167",NA,"Solo com muita materia orgânica em decomposição.&nf;HASU 13116 Habitat: Capoeira em morro. Barranco beirando regato em local sombreado.",NA,"Polypodiales","42º58'49W","20º52'27S","400","400","PACA088449",NA
"106","2019-11-14 13:52:06-03","IAP","PACA-AGP","90199","PreservedSpecimen","Plantae","Pteridophyta","Filicopsida","Schizaeaceae","Lygodium","volubile","Lygodium volubile","Sw.","M. Almeida-Neto","1997","03","28","M. Almeida-Neto","135","1997","03","28",NA,"Brasil","MG","Paula Cândido","Povoado de Airões.","-42.980278","-20.874167",NA,"HASU 13027 Habitat: Capoeira em morro. Trepadeira de árvore beirando regato.",NA,"Polypodiales","42º58'49.0W","20º52'27.0S","400","400","PACA090199",NA
"107","2019-11-14 13:52:06-03","IAP","PACA-AGP","89414","PreservedSpecimen","Plantae","Pteridophyta","Filicopsida","Pteridaceae","Pteris",NA,"Pteris",NA,"M. Almeida-Neto","1997","03","28","M. Almeida-Neto","137","1997","03","28",NA,"Brasil","MG","Paula Cândido","povoado de Airões","-42.980278","-20.874167",NA,"Capoeira em morro; terrestre. HASU 13088. Habitat: interior de mata",NA,"Polypodiales","42º58'49.0W","20º52'27.0S","400","400","PACA089414",NA
"108","2019-11-14 13:52:06-03","IAP","PACA-AGP","90874","PreservedSpecimen","Plantae","Pteridophyta","Filicopsida","Thelypteridaceae","Thelypteris",NA,"Thelypteris",NA,"M. Almeida-Neto","1997","03","28","M. Almeida-Neto","145","1997","03","28",NA,"Brasil","MG","Paula Cândido","Povoado de Airões.","-42.980278","-20.874167",NA,"HASU 13127&nf;cont habitat: próximo ao regato. Habitat: Terrestre em ambiente aberto, coberto de gramíneas e vegetação secundária...",NA,"Polypodiales","42º58'49.0W","20º52'27.0S","400","400","PACA090874",NA
"109","2019-08-20 10:15:07-03","UNICAMP","UEC","119613","S","Plantae","Magnoliopsida",NA,"Fabaceae","Stryphnodendron","polyphyllum","Stryphnodendron polyphyllum","Mart.","Scalon, VR","2008","02","06","Teixeira, EW","s.n.","2001","02","06",NA,"Brazil","Minas Gerais","Paula Cândido",NA,"-42.9803009033203","-20.8742008209229","13722","Arbóreo ca. de 10m alt. Sem secreção e sem odor. Flor vinho.","auto",NA,NA,NA,NA,NA,"UEC146618","UEC146618"
"110","2019-12-06 15:05:36-03","MBM","MBM","419417","S","Plantae",NA,NA,"Melastomataceae","Miconia","trianae","Miconia trianae","Cogn.","Motta, J.T.","2013",NA,NA,"Queiroz, D.L.","564","2013","08","22","Southern America","Brazil","Minas Gerais","Paula Cândido","Experimentos agrosilvopastoril Maira","-42.983333","-20.808333",NA,NA,NA,NA,"-42.983333","-20.808333","782","782","MBM419417",NA
"111","2019-10-07 09:16:29-03","UEFS","HUEFS","54415","PreservedSpecimen","Plantae","Angiospermae","Asteranae","Lamiaceae","Ocimum","americanum","Ocimum americanum","L.","R.M.Harley","2001","04",NA,"Teixeira, E.W.","VIC25559","2001","01","02",NA,"Brasil","Minas Gerais","Paula Cândido",NA,"-42.9803009033203","-20.8742008209229","13722",NA,"auto","Lamiales",NA,NA,NA,NA,"HUEFS0054415","HUEFS0054415"
"112","2019-05-06 11:52:35-03","UFU","HUFU","25702","S","Plantae",NA,NA,"Asteraceae","Baccharis","dracunculifolia","Baccharis dracunculifolia","DC.","Nakajima, J.N.","2001","08",NA,"Teixeira, E.W.","s.n.","2000","12","05",NA,"Brasil","Minas Gerais","Paula Cândido",NA,"-42.9803009033203","-20.8742008209229","13722","Planta, ca. 2 m. Flor branca.","auto",NA,NA,NA,NA,NA,"HUFU00042984","HUFU00042984"
"113","2019-05-06 11:52:43-03","UFU","HUFU","25693","S","Plantae",NA,NA,"Asteraceae","Bidens","pilosa","Bidens pilosa","L.","Nakajima, J.N.","2001","08",NA,"Teixeira, E.W.","s.n.","2000","12","05",NA,"Brasil","Minas Gerais","Paula Cândido",NA,"-42.9803009033203","-20.8742008209229","13722","Plnta, ca. 0,8 m. Flor amarela.","auto",NA,NA,NA,NA,NA,"HUFU00043428","HUFU00043428"
"114","2019-05-06 11:53:04-03","UFU","HUFU","25707","S","Plantae",NA,NA,"Asteraceae","Cyrtocymura","scorpioides","Cyrtocymura scorpioides","(Lam.) H.Rob.","Nakajima, J.N.","2016","03",NA,"Teixeira, E.W.","3","2010","11","14",NA,"Brasil","Minas Gerais","Paula Cândido",NA,"-42.9803009033203","-20.8742008209229","13722","Planta com ca. de 80 cm de altura, sem secreção, flor branca.","auto",NA,NA,NA,NA,NA,"HUFU00045167","HUFU00045167"
