"record_id","modified","institutionCode","collectionCode","catalogNumber","basisOfRecord","kingdom","phylum","order","family","genus","specificEpithet","scientificName","scientificNameAuthorship","identifiedBy","recordedBy","recordNumber","year","month","day","continentOcean","country","stateProvince","county","locality","decimalLongitude","decimalLatitude","verbatimLongitude","verbatimLatitude","preparationType","occurrenceRemarks","barcode","imagecode","yearIdentified","monthIdentified","minimumElevationInMeters","maximumElevationInMeters","coordinatePrecision","geoFlag","dayIdentified","individualCount","class"
"1","2019-12-16 17:52:42-03","NYBG","NYBG","00918272","PreservedSpecimen","Plantae","Magnoliophyta","Laurales","Lauraceae","Nectandra","oppositifolia","Nectandra oppositifolia","Nees","J. G. Rohwer","E. P. Heringer","2631","1950","05","10","South America","Brazil","Minas Gerais","Rio Pomba","Fazenda dos Dornela, Rio Pomba.","-43.1792","-21.2747","-43.1792","-21.2747","sheet","<a href=http://sweetgum.nybg.org/science/vh/specimen_details.php?irn=986296 target=other class=eLink> <mi>dwc_moreinfo</mi></a>","NY00918272","NY00918272",NA,NA,NA,NA,NA,NA,NA,NA,NA
"2","2019-12-16 17:52:42-03","NYBG","NYBG","00918273","PreservedSpecimen","Plantae","Magnoliophyta","Laurales","Lauraceae","Nectandra","oppositifolia","Nectandra oppositifolia","Nees","J. G. Rohwer","E. P. Heringer","2634","1950","05","15","South America","Brazil","Minas Gerais","Rio Pomba","Rio Pomba.","-43.1792","-21.2747","-43.1792","-21.2747","sheet","<a href=http://sweetgum.nybg.org/science/vh/specimen_details.php?irn=986297 target=other class=eLink> <mi>dwc_moreinfo</mi></a>","NY00918273","NY00918273",NA,NA,NA,NA,NA,NA,NA,NA,NA
"3","2019-12-16 17:52:42-03","NYBG","NYBG","00918274","PreservedSpecimen","Plantae","Magnoliophyta","Laurales","Lauraceae","Nectandra","oppositifolia","Nectandra oppositifolia","Nees","J. G. Rohwer","E. P. Heringer","2635","1950","05","15","South America","Brazil","Minas Gerais","Rio Pomba","Rio Pomba.","-43.1792","-21.2747","-43.1792","-21.2747","sheet","<a href=http://sweetgum.nybg.org/science/vh/specimen_details.php?irn=986298 target=other class=eLink> <mi>dwc_moreinfo</mi></a>","NY00918274","NY00918274",NA,NA,NA,NA,NA,NA,NA,NA,NA
"4","2019-12-12 15:31:31-03","UFABC","HUFABC","001468","PreservedSpecimen","Plantae",NA,NA,"Entodontaceae","Erythrodontium","squarrosum","Erythrodontium squarrosum","(Hampe) Paris","Henriques, DK","Yano, O; Pirani, JR","7259","1983","05","26",NA,"Brasil","Minas Gerais","Rio Pomba","fazenda Santa Maria, ca 3 km da MG 133","-43.1045","-21.1629","-43.1045","-21.1629",NA,"sobre tronco de Ficus","HUFABC001468",NA,"2012","05","440","440",NA,NA,NA,NA,NA
"5","2019-08-27 12:06:37-03","IAP","PACA-BRYOPHYTES","117295","PreservedSpecimen","Plantae",NA,NA,"Helicophyllaceae","Helicophyllum","torquatum","Helicophyllum torquatum","(Hook.) Brid.","sine determiner","Yano, O.","7260","1983","05","26",NA,"Brasil","MG","Rio Pomba","fazenda santa maria ca 3km da mg133","-43.104444","-21.162778","43º06'16w","21º09'46s",NA,"sp182334 Habitat: sobre tronco de Ficus","PACA117295",NA,NA,NA,"440","440",NA,NA,NA,NA,NA
"6","2020-02-13 14:07:08-03","MN","R","222169","S","Plantae",NA,NA,"Apocynaceae","Peschiera",NA,"Peschiera",NA,NA,"Vidal, J.",NA,NA,NA,NA,NA,"Brasil","Minas Gerais","Rio Pomba",NA,"-43.17919921875","-21.2747001647949",NA,NA,NA,NA,"R010015374,R010015376,R010015375",NA,NA,NA,NA,NA,"18289","auto",NA,NA,NA
"7","2015-07-02 14:01:20-03","JBP","HPL","2277","S","Plantae",NA,NA,"Campanulaceae","Hippobroma","longiflora","Hippobroma longiflora","(L.) G. Don","V.C. Souza","G.F. Arbocz","1335","1995","04","24",NA,"Brasil","MG","Rio Pomba","Nas proximidades do rio, erva nascendo espontâneamente, porém exótica.","-43.1792","-21.2747",NA,NA,NA,NA,NA,NA,"2013","05",NA,NA,"18289","auto","10",NA,NA
"8","2020-03-10 08:26:49-03","UFV","VIC","40432","PreservedSpecimen","Plantae",NA,NA,"Annonaceae","Xylopia","sericea","Xylopia sericea","A. St .- Hil.","Simão, M.R.V.C.","Simão, M.V.R.C.","397","2012","12","02",NA,"Brasil","Minas Gerais","Rio Pomba",NA,"-43.17919921875","-21.2747001647949",NA,NA,NA,"Árvore, 8 m, botão floral verde, flor com cálice verde,corola verde na base e branca acima, ambos levemente pilosos.","VIC040432","VIC040432","2013","06",NA,NA,"18289","auto","13",NA,NA
"9","2020-03-10 08:29:10-03","UFV","VIC","34650","PreservedSpecimen","Plantae",NA,NA,"Mimosoideae","Abarema","brachystachya","Abarema brachystachya","(DC.) Barneby & J.W. Grimes","Iganci, J.R.V.","Heringer, E.P.","2602","1949","02","18",NA,"Brasil","Minas Gerais","Rio Pomba","Cícero Vidal","-43.17919921875","-21.2747001647949",NA,NA,NA,NA,"VIC034650","VIC034650","2007","03",NA,NA,"18289","auto","02",NA,NA
"10","2020-03-10 08:30:00-03","UFV","VIC","40643","PreservedSpecimen","Plantae",NA,NA,"Papilionoideae","Machaerium","hirtum","Machaerium hirtum","(Vell.) Stellfeld","Fernandes, J.M.","Simão, M.V.R.C.","488","2013","02","14",NA,"Brasil","Minas Gerais","Rio Pomba","Estrada Barbacena- Rio Pomba","-43.17919921875","-21.2747001647949",NA,NA,NA,"Árvore, 8 m.","VIC040643","VIC040643","2013","06",NA,NA,"18289","auto","13",NA,NA
"11","2020-03-10 08:29:08-03","UFV","VIC","040293","PreservedSpecimen","Plantae",NA,NA,"Meliaceae","Guarea","guidonia","Guarea guidonia","(L) Sleumer",NA,"Simão, M.R.V.C.","396","2012","12","02",NA,"Brasil","Minas Gerais","Rio Pomba","Estrada Santa Bárbara- Rio Pomba, Floresta Estacional Semidecidual.","-43.17919921875","-21.2747001647949",NA,NA,NA,"Árvore de 9 m, botão floral verde,fruto imaturo, marrom de lenticelas cremes.","VIC040293","VIC040293",NA,NA,NA,NA,"18289","auto",NA,NA,NA
"12","2020-03-10 08:30:17-03","UFV","VIC","48925","PreservedSpecimen","Plantae",NA,NA,"Poaceae","Merostachys",NA,"Merostachys",NA,"Vinícius-Silva, R.","Vinícius-Silva, R.; Silva, E.A.","60","2015","08","15",NA,"Brasil","Minas Gerais","Rio Pomba","Monte Alegre, Próximo à casa do Sr. Nelito","-43.17919921875","-21.2747001647949",NA,NA,NA,"Indivíduos com, aproximadamente, 8-12 m de altura, inicialmente eretos e, posteriormente, inclinando sobre a vegetação adjacente. Entrenós com 40-55 cm de comprimento, 1.8-2.1 cm de diâmetro, escabro.","VIC048925","VIC048925","2015","08",NA,NA,"18289","auto","15",NA,NA
"13","2020-03-10 08:30:17-03","UFV","VIC","48924","PreservedSpecimen","Plantae",NA,NA,"Poaceae","Merostachys",NA,"Merostachys",NA,"Vinícius-Silva, R.","Vinícius-Silva, R.; Silva, E.A.","61","2015","08","15",NA,"Brasil","Minas Gerais","Rio Pomba","Monte Alegre, Próximo à casa do Sr. Paulo Rosa","-43.17919921875","-21.2747001647949",NA,NA,NA,"Indivíduos com, aproximadamente, 8-14 m de altura, inicialmente eretos e, posteriormente, inclinando sobre a vegetação adjacente. Entrenós com 40-55.5 cm de comprimento, 2-3.5 cm de diâmetro.","VIC048924","VIC048924","2015","08",NA,NA,"18289","auto","15",NA,NA
"14","2019-11-21 14:49:10-03","UFJF","CESJ","18882","PreservedSpecimen","Plantae","Fungi",NA,"Agaricaceae","Lycoperdon",NA,"Lycoperdon",NA,"V.D. Silveira","F.R.G. Salimena","s.n.","1982","06","20","América do Sul","Brasil","Minas Gerais","Rio Pomba",NA,"-43.17919921875","-21.2747001647949",NA,NA,NA,"No campo.","CESJ018882",NA,"1982","06",NA,NA,"18289","auto","20",NA,NA
"15","2019-11-21 14:36:00-03","UFJF","CESJ","17508","PreservedSpecimen","Plantae","Angiosperma",NA,"Fabaceae","Brownea","grandiceps","Brownea grandiceps","Jacq.","L. Krieger","L. Krieger","CESJ17508","1980","12","12","América do Sul","Brasil","Minas Gerais","Rio Pomba",NA,"-43.17919921875","-21.2747001647949",NA,NA,NA,"Árvore ornmental, flores vermelhas, em conjunto globosos. Folhas novas acastanhadas.","CESJ017508",NA,"1980","12",NA,NA,"18289","auto","14",NA,NA
"16","2019-11-21 14:49:10-03","UFJF","CESJ","21713","PreservedSpecimen","Plantae","Fungi",NA,"Auriculariaceae",NA,NA,NA,NA,NA,"A.J.S. Moreira","s.n.","1983","10","28","América do Sul","Brasil","Minas Gerais","Rio Pomba",NA,"-43.17919921875","-21.2747001647949",NA,NA,NA,"Sobre tronco de árvore seca. Alguns um pouco gelatinosos e outros coriáceos.","CESJ021713",NA,NA,NA,NA,NA,"18289","auto",NA,NA,NA
"17","2019-11-21 14:29:19-03","UFJF","CESJ","37107","PreservedSpecimen","Plantae",NA,NA,NA,NA,NA,NA,NA,NA,"A.J.S. Moreira","s.n.","1983","10","28","América do Sul","Brasil","Minas Gerais","Rio Pomba",NA,"-43.17919921875","-21.2747001647949",NA,NA,NA,"Sobre tronco de árvore cortada. Em grande concentração. A forma do píleo é infundibuliforme. Cor chocolate claro na face superior.","CESJ037107",NA,NA,NA,NA,NA,"18289","auto",NA,NA,NA
"18","2019-08-20 10:08:12-03","UNICAMP","UEC","834","S","Plantae","Magnoliopsida",NA,"Bignoniaceae","Tabebuia","obtusifolia","Tabebuia obtusifolia","(Cham.) Bureau","Gentry, A","Heringer, EP","2644","1950","08","28",NA,"Brazil","Minas Gerais","Rio Pomba",NA,"-43.17919921875","-21.2747001647949",NA,NA,NA,NA,"UEC148519","UEC148519","1992",NA,NA,NA,"18289","auto",NA,NA,NA
"19","2019-08-20 10:11:29-03","UNICAMP","UEC","111598","S","Plantae","Magnoliopsida",NA,"Euphorbiaceae","Mabea","fistulifera","Mabea fistulifera","Mart.",NA,"Pirani, JR; Yano, O","671","1983","05","26",NA,"Brazil","Minas Gerais","Rio Pomba","Rio Pomba, MG 133, estrada para Ubá","-43.17919921875","-21.2747001647949",NA,NA,NA,"flor, Arvoreta 4,5 m alt., ramos levemente vergados, folhagem verde-escura, face inferior das folhas com faixa ferrugínea ao longo da nervura média.","UEC154122","UEC154122",NA,NA,NA,NA,"18289","auto",NA,NA,NA
"20","2019-11-06 09:57:49-03","UFOP","OUPR","29789","PreservedSpecimen","Plantae",NA,NA,"Thelypteridaceae","Thelypteris",NA,"Thelypteris",NA,NA,"Velloso, C.","s.n.","1909","06","29",NA,"Brasil","Minas Gerais","Rio Pomba","Arredores do Pomba","-43.17919921875","-21.2747001647949",NA,NA,NA,"Erva",NA,NA,NA,NA,NA,NA,"18289","auto",NA,NA,NA
"21","2019-11-06 09:57:49-03","UFOP","OUPR","29789","PreservedSpecimen","Plantae",NA,NA,"Thelypteridaceae","Thelypteris",NA,"Thelypteris",NA,NA,"Velloso, C.","s.n.","1909","06","29",NA,"Brasil","Minas Gerais","Rio Pomba","Arredores do Pomba.","-43.17919921875","-21.2747001647949",NA,NA,NA,"Erva.",NA,NA,NA,NA,NA,NA,"18289","auto",NA,NA,NA
"22","2019-11-06 09:57:19-03","UFOP","OUPR","5664","PreservedSpecimen","Plantae",NA,NA,"Pteridaceae","Adiantum","pulverulentum","Adiantum pulverulentum","L.","Silva, J.L.","Santos, M.","s.n.","1909","06","26",NA,"Brasil","Minas Gerais","Rio Pomba",NA,"-43.17919921875","-21.2747001647949",NA,NA,NA,"Capoeira à beira de córrego",NA,NA,"1996","03",NA,NA,"18289","auto","12",NA,NA
"23","2019-11-05 16:46:15-03","UFOP","OUPR","5793","PreservedSpecimen","Plantae",NA,NA,"Athyriaceae","Diplazium","cristatum","Diplazium cristatum","(Desr.) Alston","Mynssen, C.M.","s.col.","s.n.","1909","06",NA,NA,"Brasil","Minas Gerais","Rio Pomba",NA,"-43.17919921875","-21.2747001647949",NA,NA,NA,NA,NA,NA,"1999","12",NA,NA,"18289","auto","18",NA,NA
"24","2019-11-05 16:46:21-03","UFOP","OUPR","5545","PreservedSpecimen","Plantae",NA,NA,"Blechnaceae","Parablechnum","cordatum","Parablechnum cordatum","(Desv.) Gasper & Salino",NA,"Turma 1° ano","s.n.","1909","06",NA,NA,"Brasil","Minas Gerais","Rio Pomba",NA,"-43.17919921875","-21.2747001647949",NA,NA,NA,NA,NA,NA,NA,NA,NA,NA,"18289","auto",NA,NA,NA
"25","2019-11-05 16:46:21-03","UFOP","OUPR","5538","PreservedSpecimen","Plantae",NA,NA,"Blechnaceae","Parablechnum","cordatum","Parablechnum cordatum","(Desv.) Gasper & Salino",NA,"Turma 1° ano","s.n.","1909","06",NA,NA,"Brasil","Minas Gerais","Rio Pomba",NA,"-43.17919921875","-21.2747001647949",NA,NA,NA,NA,NA,NA,NA,NA,NA,NA,"18289","auto",NA,NA,NA
"26","2019-11-05 16:46:15-03","UFOP","OUPR","5930","PreservedSpecimen","Plantae",NA,NA,"Athyriaceae","Diplazium","cristatum","Diplazium cristatum","(Desr.) Alston","Mynssen, C.M.","s.col.","s.n.",NA,NA,NA,NA,"Brasil","Minas Gerais","Rio Pomba",NA,"-43.17919921875","-21.2747001647949",NA,NA,NA,NA,NA,NA,"2004","03",NA,NA,"18289","auto","24",NA,NA
"27","2019-11-06 09:57:49-03","UFOP","OUPR","5927","PreservedSpecimen","Plantae",NA,NA,"Thelypteridaceae","Steiropteris","mexiae","Steiropteris mexiae","(C.Chr. ex Copel.) Salino & T.E.Almeida",NA,"Santos, M.A.","s.n.","1909","06","26",NA,"Brasil","Minas Gerais","Rio Pomba",NA,"-43.17919921875","-21.2747001647949",NA,NA,NA,"Erva",NA,NA,NA,NA,NA,NA,"18289","auto",NA,NA,NA
"28","2019-11-06 09:57:20-03","UFOP","OUPR","11906","PreservedSpecimen","Plantae",NA,NA,"Pteridaceae","Pteris","splendens","Pteris splendens","Kaulf.",NA,"Turma 1° ano","s.n.","1909","06",NA,NA,"Brasil","Minas Gerais","Rio Pomba",NA,"-43.17919921875","-21.2747001647949",NA,NA,NA,NA,NA,NA,NA,NA,NA,NA,"18289","auto",NA,NA,NA
"29","2019-11-06 09:55:00-03","UFOP","OUPR","5926","PreservedSpecimen","Plantae",NA,NA,"Dryopteridaceae","Lastreopsis","acuta","Lastreopsis acuta","(Hook.) Tindale","Salino, A.","Santos, M.A.","s.n.","1909","06","26",NA,"Brasil","Minas Gerais","Rio Pomba",NA,"-43.17919921875","-21.2747001647949",NA,NA,NA,"Erva.",NA,NA,"2009","05",NA,NA,"18289","auto",NA,NA,NA
"30","2019-11-06 09:56:07-03","UFOP","OUPR","8237","PreservedSpecimen","Plantae",NA,NA,"Lygodiaceae","Lygodium","volubile","Lygodium volubile","Sw.","Jascone, C.E.","Flores, F.","s.n.","1899","06","28",NA,"Brasil","Minas Gerais","Rio Pomba",NA,"-43.17919921875","-21.2747001647949",NA,NA,NA,"Escandente",NA,NA,"2005","06",NA,NA,"18289","auto","07",NA,NA
"31","2019-11-05 16:46:27-03","UFOP","OUPR","3275","PreservedSpecimen","Plantae",NA,NA,"Brassicaceae","Lepidium","ruderale","Lepidium ruderale","L.","Lisboa, M.A.","Lisboa, M.A.","s.n.","1909","06","26",NA,"Brasil","Minas Gerais","Rio Pomba",NA,"-43.17919921875","-21.2747001647949",NA,NA,NA,NA,NA,NA,"1975","02",NA,NA,"18289","auto","13",NA,NA
"32","2019-11-05 16:46:21-03","UFOP","OUPR","8318","PreservedSpecimen","Plantae",NA,NA,"Blechnaceae","Blechnum","occidentale","Blechnum occidentale","L.","Dittrich, V.A.O.","Santos, M.C.","s.n.","1909","06","28",NA,"Brasil","Minas Gerais","Rio Pomba",NA,"-43.17919921875","-21.2747001647949",NA,NA,NA,NA,NA,NA,"2006","07",NA,NA,"18289","auto",NA,NA,NA
"33","2019-11-05 16:47:16-03","UFOP","OUPR","8446","PreservedSpecimen","Plantae",NA,NA,"Cyatheaceae","Cyathea",NA,"Cyathea",NA,NA,"s.col.","s.n.","1909","06","28",NA,"Brasil","Minas Gerais","Rio Pomba",NA,"-43.17919921875","-21.2747001647949",NA,NA,NA,"Indivíduo jovem.",NA,NA,NA,NA,NA,NA,"18289","auto",NA,NA,NA
"34","2019-11-06 09:57:19-03","UFOP","OUPR","7154","PreservedSpecimen","Plantae",NA,NA,"Pteridaceae","Adiantum","pulverulentum","Adiantum pulverulentum","L.","Prado, J.","Turma 1° ano","s.n.","1909","06",NA,NA,"Brasil","Minas Gerais","Rio Pomba",NA,"-43.17919921875","-21.2747001647949",NA,NA,NA,NA,NA,NA,"1999","10",NA,NA,"18289","auto","14",NA,NA
"35","2019-11-06 09:57:19-03","UFOP","OUPR","11543","PreservedSpecimen","Plantae",NA,NA,"Pteridaceae","Adiantum","pulverulentum","Adiantum pulverulentum","L.",NA,"Santos, M.; Ilegível & Baeta-Neves, A.T.","s.n.","1909","06",NA,NA,"Brasil","Minas Gerais","Rio Pomba",NA,"-43.17919921875","-21.2747001647949",NA,NA,NA,NA,NA,NA,NA,NA,NA,NA,"18289","auto",NA,NA,NA
"36","2019-11-05 16:43:26-03","UFOP","OUPR","5534","PreservedSpecimen","Plantae",NA,NA,"Aspleniaceae","Asplenium","formosum","Asplenium formosum","Willd.","Sylvestre, L.S.","Santos, M.A.","s.n.","1909","06","28",NA,"Brasil","Minas Gerais","Rio Pomba",NA,"-43.17919921875","-21.2747001647949",NA,NA,NA,NA,NA,NA,"1999","12",NA,NA,"18289","auto",NA,NA,NA
"37","2019-11-06 09:57:19-03","UFOP","OUPR","5543","PreservedSpecimen","Plantae",NA,NA,"Pteridaceae","Adiantum","pentadactylon","Adiantum pentadactylon","Langsd. & Fisch.","Salino, A.","Santos, M.A.","s.n.","1909","06","29",NA,"Brasil","Minas Gerais","Rio Pomba",NA,"-43.17919921875","-21.2747001647949",NA,NA,NA,"Capão",NA,NA,"2015","04",NA,NA,"18289","auto",NA,NA,NA
"38","2019-11-06 09:57:13-03","UFOP","OUPR","11703","PreservedSpecimen","Plantae",NA,NA,"Polypodiaceae","Microgramma","percussa","Microgramma percussa","(Cav.) De la Sola","Almeida, T.E.","Turma 1° ano","s.n.","1909","06",NA,NA,"Brasil","Minas Gerais","Rio Pomba",NA,"-43.17919921875","-21.2747001647949",NA,NA,NA,NA,NA,NA,"2013","04",NA,NA,"18289","auto",NA,NA,NA
"39","2019-11-06 09:55:00-03","UFOP","OUPR","10801","PreservedSpecimen","Plantae",NA,NA,"Dryopteridaceae","Lastreopsis","amplissima","Lastreopsis amplissima","(C.Presl) Tindale","Viveiros, R.S.","Turma 1° ano","s.n.","1909","06",NA,NA,"Brasil","Minas Gerais","Rio Pomba",NA,"-43.17919921875","-21.2747001647949",NA,NA,NA,NA,NA,NA,"2009","05",NA,NA,"18289","auto","29",NA,NA
"40","2019-11-06 09:57:15-03","UFOP","OUPR","11711","PreservedSpecimen","Plantae",NA,NA,"Polypodiaceae","Pleopeltis","pleopeltifolia","Pleopeltis pleopeltifolia","(Raddi) Alston","Salino, A.","Santos, M.","s.n.","1909","06",NA,NA,"Brasil","Minas Gerais","Rio Pomba",NA,"-43.17919921875","-21.2747001647949",NA,NA,NA,NA,NA,NA,"2013","04",NA,NA,"18289","auto","17",NA,NA
"41","2019-11-05 16:43:25-03","UFOP","OUPR","5552","PreservedSpecimen","Plantae",NA,NA,"Aspleniaceae","Asplenium","auriculatum","Asplenium auriculatum","Sw.","Sylvestre, L.S.","s.col.","s.n.","1909","06","28",NA,"Brasil","Minas Gerais","Rio Pomba",NA,"-43.17919921875","-21.2747001647949",NA,NA,NA,NA,NA,NA,"1999","12",NA,NA,"18289","auto",NA,NA,NA
"42","2019-11-06 09:57:14-03","UFOP","OUPR","11630","PreservedSpecimen","Plantae",NA,NA,"Polypodiaceae","Pleopeltis","furcata","Pleopeltis furcata","(L.) A.R.Sm.","Souza, F.S.","Villar, C.; Baeta-Neves, A.T.","s.n.","1909","06","26",NA,"Brasil","Minas Gerais","Rio Pomba",NA,"-43.17919921875","-21.2747001647949",NA,NA,NA,"Nas árvores",NA,NA,"2017","06",NA,NA,"18289","auto","23",NA,NA
"43","2019-11-06 09:57:15-03","UFOP","OUPR","11710","PreservedSpecimen","Plantae",NA,NA,"Polypodiaceae","Pleopeltis","pleopeltifolia","Pleopeltis pleopeltifolia","(Raddi) Alston","Salino, A.","Felippe, J.","s.n.","1909","06","28",NA,"Brasil","Minas Gerais","Rio Pomba",NA,"-43.17919921875","-21.2747001647949",NA,NA,NA,"Epidendro",NA,NA,"2013","04",NA,NA,"18289","auto","17",NA,NA
"44","2019-11-06 09:57:19-03","UFOP","OUPR","11856","PreservedSpecimen","Plantae",NA,NA,"Pteridaceae","Pteris","altissima","Pteris altissima","Poir.","Prado, J.","Turma 1° ano","s.n.","1909","06",NA,NA,"Brasil","Minas Gerais","Rio Pomba",NA,"-43.17919921875","-21.2747001647949",NA,NA,NA,NA,NA,NA,"1992","07",NA,NA,"18289","auto","20",NA,NA
"45","2019-11-06 09:55:50-03","UFOP","OUPR","5708","PreservedSpecimen","Plantae",NA,NA,"Hymenophyllaceae","Vandenboschia","radicans","Vandenboschia radicans","(Sw.) Copel.","Almeida, T.E.","Santos, M.A.","s.n.","1909","06","26",NA,"Brasil","Minas Gerais","Rio Pomba",NA,"-43.17919921875","-21.2747001647949",NA,NA,NA,NA,NA,NA,"2013","04",NA,NA,"18289","auto","17",NA,NA
"46","2019-11-06 09:57:19-03","UFOP","OUPR","11855","PreservedSpecimen","Plantae",NA,NA,"Pteridaceae","Pteris","altissima","Pteris altissima","Poir.","Prado, J.","Santos, C.","s.n.","1909","06",NA,NA,"Brasil","Minas Gerais","Rio Pomba",NA,"-43.17919921875","-21.2747001647949",NA,NA,NA,NA,NA,NA,"1992","07",NA,NA,"18289","auto","20",NA,NA
"47","2019-11-06 09:57:17-03","UFOP","OUPR","11776","PreservedSpecimen","Plantae",NA,NA,"Pteridaceae","Adiantopsis","radiata","Adiantopsis radiata","(L.) Fée","Almeida, T.E.","Turma 1° ano","s.n.","1909","06",NA,NA,"Brasil","Minas Gerais","Rio Pomba",NA,"-43.17919921875","-21.2747001647949",NA,NA,NA,NA,NA,NA,"2013","04",NA,NA,"18289","auto","17",NA,NA
"48","2019-11-05 16:46:15-03","UFOP","OUPR","5570","PreservedSpecimen","Plantae",NA,NA,"Athyriaceae","Diplazium","cristatum","Diplazium cristatum","(Desr.) Alston","Mynssen, C.M.","s.col.","s.n.","1910","06",NA,NA,"Brasil","Minas Gerais","Rio Pomba",NA,"-43.17919921875","-21.2747001647949",NA,NA,NA,NA,NA,NA,"2004","03",NA,NA,"18289","auto","24",NA,NA
"49","2019-11-06 09:56:07-03","UFOP","OUPR","32645","PreservedSpecimen","Plantae",NA,NA,"Lygodiaceae","Lygodium","volubile","Lygodium volubile","Sw.","Jascone, C.E.","Jascone, C.E.; Mynssen, C.M.","416","2005","06","13",NA,"Brasil","Minas Gerais","Rio Pomba",NA,"-43.17919921875","-21.2747001647949",NA,NA,NA,"Erva escandente, heliófila, perto de um lago.",NA,NA,"2005","06",NA,NA,"18289","auto","13",NA,NA
"50","2019-11-06 09:57:49-03","UFOP","OUPR","12876","PreservedSpecimen","Plantae",NA,NA,"Thelypteridaceae","Thelypteris","salzmannii","Thelypteris salzmannii","(Fée) C.V.Morton","Salino, A.","Turma 1° ano","s.n.","1908","06",NA,NA,"Brasil","Minas Gerais","Rio Pomba",NA,"-43.17919921875","-21.2747001647949",NA,NA,NA,NA,NA,NA,"2009","05",NA,NA,"18289","auto","29",NA,NA
"51","2019-11-06 09:54:59-03","UFOP","OUPR","10681","PreservedSpecimen","Plantae",NA,NA,"Dryopteridaceae","Ctenitis","distans","Ctenitis distans","(Brack.) Ching","Salino, A.","Turma 1° ano","s.n.","1909","06",NA,NA,"Brasil","Minas Gerais","Rio Pomba",NA,"-43.17919921875","-21.2747001647949",NA,NA,NA,NA,NA,NA,"2002","10",NA,NA,"18289","auto",NA,NA,NA
"52","2019-11-06 09:56:05-03","UFOP","OUPR","10879","PreservedSpecimen","Plantae",NA,NA,"Lomariopsidaceae","Lomariopsis","marginata","Lomariopsis marginata","(Schrad.) Kuhn","Viveiros, R.S.","Oliveira, L.; Machado & Fiuza","s.n.","1909",NA,NA,NA,"Brasil","Minas Gerais","Rio Pomba",NA,"-43.17919921875","-21.2747001647949",NA,NA,NA,"Sobre as árvores.",NA,NA,"2009","05",NA,NA,"18289","auto","29",NA,NA
"53","2019-11-06 09:54:57-03","UFOP","OUPR","10683","PreservedSpecimen","Plantae",NA,NA,"Didymochlaenaceae","Didymochlaena","truncatula","Didymochlaena truncatula","(Sw.) J.Sm.","Salino, A.","Luiz, A.","s.n.","1909","06","26",NA,"Brasil","Minas Gerais","Rio Pomba",NA,"-43.17919921875","-21.2747001647949",NA,NA,NA,NA,NA,NA,"2013","04",NA,NA,"18289","auto","17",NA,NA
"54","2019-11-06 09:54:57-03","UFOP","OUPR","10683","PreservedSpecimen","Plantae",NA,NA,"Didymochlaenaceae","Didymochlaena","truncatula","Didymochlaena truncatula","(Sw.) J.Sm.","Salino, A.","Luis, A.","s.n.","1989","06","21",NA,"Brasil","Minas Gerais","Rio Pomba",NA,"-43.17919921875","-21.2747001647949",NA,NA,NA,NA,NA,NA,"2013","04",NA,NA,"18289","auto","17",NA,NA
"55","2019-11-06 09:57:19-03","UFOP","OUPR","5933","PreservedSpecimen","Plantae",NA,NA,"Pteridaceae","Pityrogramma","calomelanos","Pityrogramma calomelanos","(L.) Link",NA,"Silva, J.L.","s.n.","1909","06","26",NA,"Brasil","Minas Gerais","Rio Pomba",NA,"-43.17919921875","-21.2747001647949",NA,NA,NA,NA,NA,NA,NA,NA,NA,NA,"18289","auto",NA,NA,NA
"56","2019-11-05 16:46:21-03","UFOP","OUPR","10439","PreservedSpecimen","Plantae",NA,NA,"Blechnaceae","Neoblechnum","brasiliense","Neoblechnum brasiliense","(Desv.) Gasper & V.A.O. Dittrich",NA,"Turma 1° ano","s.n.","1908","06",NA,NA,"Brasil","Minas Gerais","Rio Pomba",NA,"-43.17919921875","-21.2747001647949",NA,NA,NA,NA,NA,NA,NA,NA,NA,NA,"18289","auto",NA,NA,NA
"57","2019-12-18 15:50:53-03","UFOP","OUPR",NA,"PreservedSpecimen","Plantae",NA,NA,"Polypodiaceae","Campyloneurum",NA,"Campyloneurum",NA,"Souza, F.S.","Turma 1° ano","s.n.","1909","06",NA,NA,"Brasil","Minas Gerais","Rio Pomba",NA,"-43.17919921875","-21.2747001647949",NA,NA,NA,NA,NA,NA,"2012","02",NA,NA,"18289","auto",NA,NA,NA
"58","2019-11-06 09:57:19-03","UFOP","OUPR","5787","PreservedSpecimen","Plantae",NA,NA,"Pteridaceae","Adiantum","latifolium","Adiantum latifolium","Lam.","Prado, J.","s.col.","s.n.","1909","06",NA,NA,"Brasil","Minas Gerais","Rio Pomba",NA,"-43.17919921875","-21.2747001647949",NA,NA,NA,NA,NA,NA,"1999","10",NA,NA,"18289","auto","14",NA,NA
"59","2019-11-06 09:56:05-03","UFOP","OUPR","10478","PreservedSpecimen","Plantae",NA,NA,"Lomariopsidaceae","Lomariopsis","marginata","Lomariopsis marginata","(Schrad.) Kuhn","Dittrich, V.A.O.","Oliveira, L.; Machado & Fiuza","s.n.","1909","06",NA,NA,"Brasil","Minas Gerais","Rio Pomba",NA,"-43.17919921875","-21.2747001647949",NA,NA,NA,"Trepante nas árvores.",NA,NA,"2002","12",NA,NA,"18289","auto",NA,NA,NA
"60","2019-11-05 16:43:26-03","UFOP","OUPR","10066","PreservedSpecimen","Plantae",NA,NA,"Aspleniaceae","Asplenium","oligophyllum","Asplenium oligophyllum","Kaulf.","Sylvestre, L.S.","s.col.","s.n.",NA,NA,NA,NA,"Brasil","Minas Gerais","Rio Pomba",NA,"-43.17919921875","-21.2747001647949",NA,NA,NA,NA,NA,NA,"1999",NA,NA,NA,"18289","auto",NA,NA,NA
"61","2019-11-05 16:43:30-03","UFOP","OUPR","10082","PreservedSpecimen","Plantae",NA,NA,"Aspleniaceae","Asplenium","praemorsum","Asplenium praemorsum","Sw.","Sylvestre, L.S.","s.col.","s.n.",NA,NA,NA,NA,"Brasil","Minas Gerais","Rio Pomba",NA,"-43.17919921875","-21.2747001647949",NA,NA,NA,NA,NA,NA,"1999","12",NA,NA,"18289","auto",NA,NA,NA
"62","2019-11-06 09:57:14-03","UFOP","OUPR","11658","PreservedSpecimen","Plantae",NA,NA,"Polypodiaceae","Niphidium","crassifolium","Niphidium crassifolium","(L.) Lellinger","Almeida, T.E.","Lisboa, M.A.","s.n.","1909","06",NA,NA,"Brasil","Minas Gerais","Rio Pomba",NA,"-43.17919921875","-21.2747001647949",NA,NA,NA,NA,NA,NA,"2013","04",NA,NA,"18289","auto","17",NA,NA
"63","2019-11-06 09:57:12-03","UFOP","OUPR","11398","PreservedSpecimen","Plantae",NA,NA,"Polypodiaceae","Campyloneurum",NA,"Campyloneurum",NA,"Souza, F.S.","Turma 1° ano","s.n.","1909","06",NA,NA,"Brasil","Minas Gerais","Rio Pomba",NA,"-43.17919921875","-21.2747001647949",NA,NA,NA,NA,NA,NA,"2012","02",NA,NA,"18289","auto",NA,NA,NA
"64","2019-11-06 09:57:19-03","UFOP","OUPR","32642","PreservedSpecimen","Plantae",NA,NA,"Pteridaceae","Pityrogramma","calomelanos","Pityrogramma calomelanos","(L.) Link","Jascone, C.E.","Jascone, C.E.; Mynssen, C.M.","414","2005","06","13",NA,"Brasil","Minas Gerais","Rio Pomba",NA,"-43.17919921875","-21.2747001647949",NA,NA,NA,"Erva terrestre, heliófila, em grupo, no barranco seco na beira da estrada.",NA,NA,"2005","06",NA,NA,"18289","auto","13",NA,NA
"65","2019-11-06 09:57:48-03","UFOP","OUPR","10898","PreservedSpecimen","Plantae",NA,NA,"Tectariaceae","Tectaria","pilosa","Tectaria pilosa","(Fée) R.C.Moran","Salino, A.","Santos, M.A.","s.n.","1909","06","26",NA,"Brasil","Minas Gerais","Rio Pomba",NA,"-43.17919921875","-21.2747001647949",NA,NA,NA,NA,NA,NA,"2009","05",NA,NA,"18289","auto",NA,NA,NA
"66","2019-11-05 16:46:15-03","UFOP","OUPR","5788","PreservedSpecimen","Plantae",NA,NA,"Athyriaceae","Diplazium","cristatum","Diplazium cristatum","(Desr.) Alston","Mynssen, C.M.","s.col.","s.n.","1910","06",NA,NA,"Brasil","Minas Gerais","Rio Pomba",NA,"-43.17919921875","-21.2747001647949",NA,NA,NA,NA,NA,NA,"2004","03",NA,NA,"18289","auto","24",NA,NA
"67","2019-11-06 09:57:20-03","UFOP","OUPR","5662","PreservedSpecimen","Plantae",NA,NA,"Pteridaceae","Pteris","splendens","Pteris splendens","Kaulf.","Góes-Neto, L.A.A.","Araújo, M.L.","s.n.","1996","03","12",NA,"Brasil","Minas Gerais","Rio Pomba",NA,"-43.17919921875","-21.2747001647949",NA,NA,NA,NA,NA,NA,"2015","04",NA,NA,"18289","auto","08",NA,NA
"68","2019-11-06 09:57:19-03","UFOP","OUPR","11550","PreservedSpecimen","Plantae",NA,NA,"Pteridaceae","Adiantum","papillosum","Adiantum papillosum","Handro","Prado, J.","Oliveira, L.; Baeta-Neves, A.T.","s.n.","1909","06",NA,NA,"Brasil","Minas Gerais","Rio Pomba",NA,"-43.17919921875","-21.2747001647949",NA,NA,NA,NA,NA,NA,"1999","01",NA,NA,"18289","auto","12",NA,NA
"69","2019-11-06 09:57:14-03","UFOP","OUPR","5922","PreservedSpecimen","Plantae",NA,NA,"Polypodiaceae","Pecluma","chnoophora","Pecluma chnoophora","(Kunze) Salino & Costa Assis","Salino, A.","Santos, M.A.","s.n.","1909","06","26",NA,"Brasil","Minas Gerais","Rio Pomba",NA,"-43.17919921875","-21.2747001647949",NA,NA,NA,"Erva",NA,NA,"2009","05",NA,NA,"18289","auto",NA,NA,NA
"70","2019-11-06 09:57:17-03","UFOP","OUPR","8455","PreservedSpecimen","Plantae",NA,NA,"Pteridaceae","Adiantum",NA,"Adiantum",NA,"Mynssen, C.M.","Flores, F.","s.n.","1909","06","28",NA,"Brasil","Minas Gerais","Rio Pomba",NA,"-43.17919921875","-21.2747001647949",NA,NA,NA,NA,NA,NA,"1999","12",NA,NA,"18289","auto","18",NA,NA
"71","2019-11-06 09:57:14-03","UFOP","OUPR","5568","PreservedSpecimen","Plantae",NA,NA,"Polypodiaceae","Pecluma","chnoophora","Pecluma chnoophora","(Kunze) Salino & Costa Assis","Salino, A.","Turma 1° ano","s.n.","1909","06",NA,NA,"Brasil","Minas Gerais","Rio Pomba",NA,"-43.17919921875","-21.2747001647949",NA,NA,NA,NA,NA,NA,"2009","05",NA,NA,"18289","auto",NA,NA,NA
"72","2019-11-06 09:57:17-03","UFOP","OUPR","5542","PreservedSpecimen","Plantae",NA,NA,"Pteridaceae","Adiantum",NA,"Adiantum",NA,NA,"Turma 1° ano","s.n.","1909","09","06",NA,"Brasil","Minas Gerais","Rio Pomba",NA,"-43.17919921875","-21.2747001647949",NA,NA,NA,NA,NA,NA,NA,NA,NA,NA,"18289","auto",NA,NA,NA
"73","2019-11-06 09:57:19-03","UFOP","OUPR","11840","PreservedSpecimen","Plantae",NA,NA,"Pteridaceae","Pteris","decurrens","Pteris decurrens","C.Presl",NA,"Felippe, J.","s.n.","1909","06","26",NA,"Brasil","Minas Gerais","Rio Pomba",NA,"-43.17919921875","-21.2747001647949",NA,NA,NA,NA,NA,NA,NA,NA,NA,NA,"18289","auto",NA,NA,NA
"74","2019-11-06 09:57:17-03","UFOP","OUPR","11524","PreservedSpecimen","Plantae",NA,NA,"Pteridaceae","Adiantum","dolosum","Adiantum dolosum","Kunze","Salino, A.","Ferreira, A.","s.n.","1909","06","29",NA,"Brasil","Minas Gerais","Rio Pomba",NA,"-43.17919921875","-21.2747001647949",NA,NA,NA,NA,NA,NA,"2015","04",NA,NA,"18289","auto",NA,NA,NA
"75","2019-11-05 16:46:21-03","UFOP","OUPR","32636","PreservedSpecimen","Plantae",NA,NA,"Blechnaceae","Neoblechnum","brasiliense","Neoblechnum brasiliense","(Desv.) Gasper & V.A.O. Dittrich","Jascone, C.E.","Jascone, C.E.; Mynssen, C.M.","410","2005","06","13",NA,"Brasil","Minas Gerais","Rio Pomba",NA,"-43.17919921875","-21.2747001647949",NA,NA,NA,"Subarborescente, em grupo, heliófila em barranco seco, na beira da estrada.",NA,NA,"2005","06",NA,NA,"18289","auto","13",NA,NA
"76","2019-11-06 09:54:59-03","UFOP","OUPR","5937","PreservedSpecimen","Plantae",NA,NA,"Dryopteridaceae","Ctenitis","aspidioides","Ctenitis aspidioides","(C.Presl) Copel","Salino, A.","Santos, M.A.","s.n.","1909","06","26",NA,"Brasil","Minas Gerais","Rio Pomba",NA,"-43.17919921875","-21.2747001647949",NA,NA,NA,"Erva. Beira de córrego.",NA,NA,"2002","10",NA,NA,"18289","auto",NA,NA,NA
"77","2019-11-05 16:46:15-03","UFOP","OUPR","5791","PreservedSpecimen","Plantae",NA,NA,"Athyriaceae","Diplazium","mutilum","Diplazium mutilum","Kunze","Mynssen, C.M.","s.col.","s.n.","1909","06",NA,NA,"Brasil","Minas Gerais","Rio Pomba",NA,"-43.17919921875","-21.2747001647949",NA,NA,NA,NA,NA,NA,"2008",NA,NA,NA,"18289","auto",NA,NA,NA
"78","2019-11-05 16:46:15-03","UFOP","OUPR","10703","PreservedSpecimen","Plantae",NA,NA,"Athyriaceae","Diplazium","plantaginifolium","Diplazium plantaginifolium","(L.) Urb.","Salino, A.","Velloso, L.","s.n.","1909","06",NA,NA,"Brasil","Minas Gerais","Rio Pomba",NA,"-43.17919921875","-21.2747001647949",NA,NA,NA,NA,NA,NA,"2013","04",NA,NA,"18289","auto","17",NA,NA
"79","2019-11-05 16:46:15-03","UFOP","OUPR","5557","PreservedSpecimen","Plantae",NA,NA,"Athyriaceae","Diplazium","cristatum","Diplazium cristatum","(Desr.) Alston","Mynssen, C.M.","s.col.","s.n.",NA,NA,NA,NA,"Brasil","Minas Gerais","Rio Pomba",NA,"-43.17919921875","-21.2747001647949",NA,NA,NA,NA,NA,NA,"2004","03",NA,NA,"18289","auto","24",NA,NA
"80","2019-11-06 09:57:19-03","UFOP","OUPR","11918","PreservedSpecimen","Plantae",NA,NA,"Pteridaceae","Pteris","quadriaurita","Pteris quadriaurita","Retz.",NA,"Turma 1° ano","s.n.","1909","06",NA,NA,"Brasil","Minas Gerais","Rio Pomba",NA,"-43.17919921875","-21.2747001647949",NA,NA,NA,NA,NA,NA,NA,NA,NA,NA,"18289","auto",NA,NA,NA
"81","2019-11-06 09:57:19-03","UFOP","OUPR","7153","PreservedSpecimen","Plantae",NA,NA,"Pteridaceae","Adiantum","latifolium","Adiantum latifolium","Lam.","Prado, J.","Turma 1° ano","s.n.","1909","06",NA,NA,"Brasil","Minas Gerais","Rio Pomba",NA,"-43.17919921875","-21.2747001647949",NA,NA,NA,NA,NA,NA,"2001","04",NA,NA,"18289","auto",NA,NA,NA
"82","2019-11-05 16:43:30-03","UFOP","OUPR","10121","PreservedSpecimen","Plantae",NA,NA,"Aspleniaceae","Asplenium","serratum","Asplenium serratum","(Ching) Ching & Y.X. Lin","Sylvestre, L.S.","Oliveira, L.","s.n.","1909","06",NA,NA,"Brasil","Minas Gerais","Rio Pomba",NA,"-43.17919921875","-21.2747001647949",NA,NA,NA,NA,NA,NA,"1999",NA,NA,NA,"18289","auto",NA,NA,NA
"83","2019-11-06 09:56:07-03","UFOP","OUPR","5556","PreservedSpecimen","Plantae",NA,NA,"Lygodiaceae","Lygodium","volubile","Lygodium volubile","Sw.","Góes-Neto, L.A.A.","Turma 1° ano","s.n.","1909","06",NA,NA,"Brasil","Minas Gerais","Rio Pomba",NA,"-43.17919921875","-21.2747001647949",NA,NA,NA,NA,NA,NA,"2015","04",NA,NA,"18289","auto","08",NA,NA
"84","2019-11-06 09:54:59-03","UFOP","OUPR","7533","PreservedSpecimen","Plantae",NA,NA,"Dryopteridaceae","Ctenitis","aspidioides","Ctenitis aspidioides","(C.Presl) Copel","Salino, A.","Flores, F.","s.n.","1909","06","26",NA,"Brasil","Minas Gerais","Rio Pomba",NA,"-43.17919921875","-21.2747001647949",NA,NA,NA,NA,NA,NA,"2009","04",NA,NA,"18289","auto",NA,NA,NA
"85","2019-11-06 09:55:00-03","UFOP","OUPR","10812","PreservedSpecimen","Plantae",NA,NA,"Dryopteridaceae","Mickelia","scandens","Mickelia scandens","(Raddi) R.C. Moran et al.","Salino, A.","Fellipe, J.","s.n.","1909","09","28",NA,"Brasil","Minas Gerais","Rio Pomba",NA,"-43.17919921875","-21.2747001647949",NA,NA,NA,"Trepante em uma palmeira.",NA,NA,"2013","04",NA,NA,"18289","auto","17",NA,NA
"86","2019-11-06 09:57:33-03","UFOP","OUPR","10631","PreservedSpecimen","Plantae",NA,NA,"Saccolomataceae","Saccoloma","elegans","Saccoloma elegans","Kaulf.","Salino, A.","Oliveira, L.; Filippe, J.","s.n.","1909","06","26",NA,"Brasil","Minas Gerais","Rio Pomba",NA,"-43.17919921875","-21.2747001647949",NA,NA,NA,"Ex Herb. Escola de Minas n. 4715",NA,NA,"2013","04",NA,NA,"18289","auto","17",NA,NA
"87","2019-11-05 16:46:15-03","UFOP","OUPR","4562","PreservedSpecimen","Plantae",NA,NA,"Athyriaceae","Diplazium","cristatum","Diplazium cristatum","(Desr.) Alston","Mynssen, C.M.","Turma 1° ano","s.n.","1909",NA,NA,NA,"Brasil","Minas Gerais","Rio Pomba",NA,"-43.17919921875","-21.2747001647949",NA,NA,NA,NA,NA,NA,"1999","12",NA,NA,"18289","auto","18",NA,NA
"88","2019-11-06 09:54:59-03","UFOP","OUPR","7535","PreservedSpecimen","Plantae",NA,NA,"Dryopteridaceae","Ctenitis","aspidioides","Ctenitis aspidioides","(C.Presl) Copel","Salino, A.","Velloso, C.","s.n.","1999","06","29",NA,"Brasil","Minas Gerais","Rio Pomba",NA,"-43.17919921875","-21.2747001647949",NA,NA,NA,NA,NA,NA,"2002","10",NA,NA,"18289","auto",NA,NA,NA
"89","2019-11-06 09:57:19-03","UFOP","OUPR","11579","PreservedSpecimen","Plantae",NA,NA,"Pteridaceae","Doryopteris","collina","Doryopteris collina","(Raddi) J.Sm.","Yesilyurt, J.C.","Turma 1° ano","s.n.","1908","06",NA,NA,"Brasil","Minas Gerais","Rio Pomba",NA,"-43.17919921875","-21.2747001647949",NA,NA,NA,NA,NA,NA,"1999","01",NA,NA,"18289","auto","12",NA,NA
"90","2019-11-06 09:57:14-03","UFOP","OUPR","5923","PreservedSpecimen","Plantae",NA,NA,"Polypodiaceae","Pecluma","plumula","Pecluma plumula","(Humb. & Bonpl. ex Willd.) M.G.Price","Assis, F.C.","Santos, M.A.","s.n.","1909","06","28",NA,"Brasil","Minas Gerais","Rio Pomba",NA,"-43.17919921875","-21.2747001647949",NA,NA,NA,"Erva",NA,NA,"2012","03",NA,NA,"18289","auto",NA,NA,NA
"91","2019-11-06 09:57:17-03","UFOP","OUPR","11798","PreservedSpecimen","Plantae",NA,NA,"Pteridaceae","Adiantum","glaucescens","Adiantum glaucescens","Klotzsch","Prado, J.","Diogenes; Baeta-Neves, A.T.","s.n.","1909","06","29",NA,"Brasil","Minas Gerais","Rio Pomba",NA,"-43.17919921875","-21.2747001647949",NA,NA,NA,NA,NA,NA,"1999","01",NA,NA,"18289","auto","12",NA,NA
"92","2019-11-06 09:54:59-03","UFOP","OUPR","8457","PreservedSpecimen","Plantae",NA,NA,"Dryopteridaceae","Ctenitis","aspidioides","Ctenitis aspidioides","(C.Presl) Copel","Salino, A.","Santos, M.A.","s.n.","1909","06","26",NA,"Brasil","Minas Gerais","Rio Pomba",NA,"-43.17919921875","-21.2747001647949",NA,NA,NA,NA,NA,NA,"2002","10",NA,NA,"18289","auto",NA,NA,NA
"93","2019-11-06 09:54:59-03","UFOP","OUPR","8458","PreservedSpecimen","Plantae",NA,NA,"Dryopteridaceae","Ctenitis","aspidioides","Ctenitis aspidioides","(C.Presl) Copel","Salino, A.","Flores, F.","s.n.","1909","06","26",NA,"Brasil","Minas Gerais","Rio Pomba",NA,"-43.17919921875","-21.2747001647949",NA,NA,NA,NA,NA,NA,"2002","10",NA,NA,"18289","auto",NA,NA,NA
"94","2019-11-06 09:57:20-03","UFOP","OUPR","11905","PreservedSpecimen","Plantae",NA,NA,"Pteridaceae","Pteris","splendens","Pteris splendens","Kaulf.",NA,"Turma 1° ano","s.n.","1909","06",NA,NA,"Brasil","Minas Gerais","Rio Pomba",NA,"-43.17919921875","-21.2747001647949",NA,NA,NA,NA,NA,NA,NA,NA,NA,NA,"18289","auto",NA,NA,NA
"95","2019-11-06 09:54:59-03","UFOP","OUPR","10678","PreservedSpecimen","Plantae",NA,NA,"Dryopteridaceae","Ctenitis","christensenii","Ctenitis christensenii","Viveiros & Salino","Viveiros, R.S.","s.col.","s.n.","1909","06","16",NA,"Brasil","Minas Gerais","Rio Pomba",NA,"-43.17919921875","-21.2747001647949",NA,NA,NA,NA,NA,NA,"2015","04",NA,NA,"18289","auto",NA,NA,NA
"96","2019-12-18 15:50:54-03","UFOP","OUPR","5544","PreservedSpecimen","Plantae",NA,NA,"Pteridaceae","Adiantum","latifolium","Adiantum latifolium","Lam.","Pena, N.T.L.","Santos, M.A.","s.n.","1909","06","28",NA,"Brasil","Minas Gerais","Rio Pomba",NA,"-43.17919921875","-21.2747001647949",NA,NA,NA,"Ex Escola de Minas s.n.",NA,NA,"2019","12",NA,NA,"18289","auto","02",NA,NA
"97","2019-12-18 15:50:54-03","UFOP","OUPR","5539","PreservedSpecimen","Plantae",NA,NA,"Pteridaceae","Adiantum","latifolium","Adiantum latifolium","Lam.","Pena, N.T.L.","Turma 1° ano","s.n.","1909","06",NA,NA,"Brasil","Minas Gerais","Rio Pomba",NA,"-43.17919921875","-21.2747001647949",NA,NA,NA,"Ex Escola de Minas s.n.",NA,NA,"2019","12",NA,NA,"18289","auto","02",NA,NA
"98","2019-11-06 09:57:17-03","UFOP","OUPR","7151","PreservedSpecimen","Plantae",NA,NA,"Pteridaceae","Adiantum","glaucescens","Adiantum glaucescens","Klotzsch","Prado, J.","Turma 1° ano","s.n.","1919","06",NA,NA,"Brasil","Minas Gerais","Rio Pomba",NA,"-43.17919921875","-21.2747001647949",NA,NA,NA,NA,NA,NA,"1999","10",NA,NA,"18289","auto","14",NA,NA
"99","2019-11-06 09:57:19-03","UFOP","OUPR","11530","PreservedSpecimen","Plantae",NA,NA,"Pteridaceae","Adiantum","subcordatum","Adiantum subcordatum","Sw.",NA,"Oliveira, L.","s.n.","1909","06",NA,NA,"Brasil","Minas Gerais","Rio Pomba",NA,"-43.17919921875","-21.2747001647949",NA,NA,NA,NA,NA,NA,NA,NA,NA,NA,"18289","auto",NA,NA,NA
"100","2019-11-06 09:55:50-03","UFOP","OUPR","11171","PreservedSpecimen","Plantae",NA,NA,"Hymenophyllaceae","Abrodictyum","rigidum","Abrodictyum rigidum","(Sw.) Ebihara & Dubuisson","Almeida, T.E.","Olisun, L.","s.n.","1909","06","26",NA,"Brasil","Minas Gerais","Rio Pomba",NA,"-43.17919921875","-21.2747001647949",NA,NA,NA,NA,NA,NA,"2013","04",NA,NA,"18289","auto","17",NA,NA
"101","2019-11-06 09:55:50-03","UFOP","OUPR","5665","PreservedSpecimen","Plantae",NA,NA,"Hymenophyllaceae","Vandenboschia","radicans","Vandenboschia radicans","(Sw.) Copel.","Almeida, T.E.","s.col.","s.n.","1909","06",NA,NA,"Brasil","Minas Gerais","Rio Pomba",NA,"-43.17919921875","-21.2747001647949",NA,NA,NA,NA,NA,NA,"2013","04",NA,NA,"18289","auto","17",NA,NA
"102","2019-11-06 09:57:19-03","UFOP","OUPR","11546","PreservedSpecimen","Plantae",NA,NA,"Pteridaceae","Adiantum","pentadactylon","Adiantum pentadactylon","Langsd. & Fisch.","Prado, J.","Felippe, J.C.; Baeta-Neves, A.T.","s.n.","1909","06",NA,NA,"Brasil","Minas Gerais","Rio Pomba",NA,"-43.17919921875","-21.2747001647949",NA,NA,NA,NA,NA,NA,"1999","01",NA,NA,"18289","auto","12",NA,NA
"103","2019-11-06 09:57:19-03","UFOP","OUPR","7152","PreservedSpecimen","Plantae",NA,NA,"Pteridaceae","Adiantum","obliquum","Adiantum obliquum","Willd.","Prado, J.","Carneiro, F.","s.n.","1909","06",NA,NA,"Brasil","Minas Gerais","Rio Pomba",NA,"-43.17919921875","-21.2747001647949",NA,NA,NA,NA,NA,NA,"1999","10",NA,NA,"18289","auto","14",NA,NA
"104","2019-11-05 16:46:21-03","UFOP","OUPR","5792","PreservedSpecimen","Plantae",NA,NA,"Blechnaceae","Blechnum","occidentale","Blechnum occidentale","L.","Dittrich, V.A.O.","s.col.","s.n.","1909","06",NA,NA,"Brasil","Minas Gerais","Rio Pomba",NA,"-43.17919921875","-21.2747001647949",NA,NA,NA,NA,NA,NA,"2002","12",NA,NA,"18289","auto",NA,NA,NA
"105","2019-11-05 16:47:16-03","UFOP","OUPR","10511","PreservedSpecimen","Plantae",NA,NA,"Cyatheaceae","Cyathea","corcovadensis","Cyathea corcovadensis","(Raddi) Domin","Fernandes, I.","Turma 1° ano","s.n.","1909","06",NA,NA,"Brasil","Minas Gerais","Rio Pomba",NA,"-43.17919921875","-21.2747001647949",NA,NA,NA,NA,NA,NA,"1995",NA,NA,NA,"18289","auto",NA,NA,NA
"106","2019-11-06 09:57:19-03","UFOP","OUPR","5659","PreservedSpecimen","Plantae",NA,NA,"Pteridaceae","Adiantum","obliquum","Adiantum obliquum","Willd.","Prado, J.","Fiusa, J.","s.n.","1909","06","26",NA,"Brasil","Minas Gerais","Rio Pomba",NA,"-43.17919921875","-21.2747001647949",NA,NA,NA,NA,NA,NA,"1999","10",NA,NA,"18289","auto","14",NA,NA
"107","2019-11-05 16:46:21-03","UFOP","OUPR","5656","PreservedSpecimen","Plantae",NA,NA,"Blechnaceae","Blechnum","polypodioides","Blechnum polypodioides","Raddi","Dittrich, V.A.O.","s.col.","s.n.","1909","06","26",NA,"Brasil","Minas Gerais","Rio Pomba",NA,"-43.17919921875","-21.2747001647949",NA,NA,NA,"Rizoma. Planta de lugares úmidos.",NA,NA,"2002","12",NA,NA,"18289","auto",NA,NA,NA
"108","2019-11-05 16:46:15-03","UFOP","OUPR","8287","PreservedSpecimen","Plantae",NA,NA,"Athyriaceae","Diplazium","cristatum","Diplazium cristatum","(Desr.) Alston","Salino, A.","s.col.","s.n.","1909","06",NA,NA,"Brasil","Minas Gerais","Rio Pomba",NA,"-43.17919921875","-21.2747001647949",NA,NA,NA,NA,NA,NA,"2002","10",NA,NA,"18289","auto",NA,NA,NA
"109","2019-11-05 16:47:16-03","UFOP","OUPR","5934","PreservedSpecimen","Plantae",NA,NA,"Cyatheaceae","Cyathea","corcovadensis","Cyathea corcovadensis","(Raddi) Domin","Salino, A.","Santos, M.A.","s.n.","1909","06","26",NA,"Brasil","Minas Gerais","Rio Pomba",NA,"-43.17919921875","-21.2747001647949",NA,NA,NA,"Erva. Capão.",NA,NA,"2009","05",NA,NA,"18289","auto",NA,NA,NA
"110","2019-11-05 16:46:15-03","UFOP","OUPR","4560","PreservedSpecimen","Plantae",NA,NA,"Athyriaceae","Diplazium","mutilum","Diplazium mutilum","Kunze","Salino, A.","Fiuza, J.","s.n.","1909","06","26",NA,"Brasil","Minas Gerais","Rio Pomba",NA,"-43.17919921875","-21.2747001647949",NA,NA,NA,NA,NA,NA,"2009","05",NA,NA,"18289","auto",NA,NA,NA
"111","2019-11-06 09:55:50-03","UFOP","OUPR","11142","PreservedSpecimen","Plantae",NA,NA,"Hymenophyllaceae","Trichomanes","elegans","Trichomanes elegans","Rich.","Almeida, T.E.","Turma 1° ano","s.n.","1909","06",NA,NA,"Brasil","Minas Gerais","Rio Pomba",NA,"-43.17919921875","-21.2747001647949",NA,NA,NA,NA,NA,NA,"2013","04",NA,NA,"18289","auto","17",NA,NA
"112","2019-11-06 09:57:14-03","UFOP","OUPR","5569","PreservedSpecimen","Plantae",NA,NA,"Polypodiaceae","Pecluma","robusta","Pecluma robusta","(Fée) M.Kessler & A.R.Sm.","Assis, F.C.","Santos, L. dos","s.n.","1909","06",NA,NA,"Brasil","Minas Gerais","Rio Pomba",NA,"-43.17919921875","-21.2747001647949",NA,NA,NA,"Capoeira",NA,NA,"2012","03",NA,NA,"18289","auto",NA,NA,NA
"113","2019-11-06 09:57:19-03","UFOP","OUPR","5571","PreservedSpecimen","Plantae",NA,NA,"Pteridaceae","Adiantum","obliquum","Adiantum obliquum","Willd.","Prado, J.","s.col.","s.n.",NA,NA,NA,NA,"Brasil","Minas Gerais","Rio Pomba",NA,"-43.17919921875","-21.2747001647949",NA,NA,NA,NA,NA,NA,"1999","10",NA,NA,"18289","auto","14",NA,NA
"114","2019-11-06 09:57:17-03","UFOP","OUPR","11782","PreservedSpecimen","Plantae",NA,NA,"Pteridaceae","Adiantopsis","chlorophylla","Adiantopsis chlorophylla","(Sw.) Fée","Almeida, T.E.","Oliveira, L.","s.n.","1909","06","26",NA,"Brasil","Minas Gerais","Rio Pomba",NA,"-43.17919921875","-21.2747001647949",NA,NA,NA,NA,NA,NA,"2013","04",NA,NA,"18289","auto","17",NA,NA
"115","2019-11-06 09:56:04-03","UFOP","OUPR","5661","PreservedSpecimen","Plantae",NA,NA,"Lindsaeaceae","Lindsaea","lancea","Lindsaea lancea","(L.) Bedd.","Salino, A.","Velloso, C.","s.n.","1909","06","29",NA,"Brasil","Minas Gerais","Rio Pomba",NA,"-43.17919921875","-21.2747001647949",NA,NA,NA,NA,NA,NA,"2009","05",NA,NA,"18289","auto",NA,NA,NA
"116","2019-11-05 16:46:21-03","UFOP","OUPR","5712","PreservedSpecimen","Plantae",NA,NA,"Blechnaceae","Blechnum","occidentale","Blechnum occidentale","L.","Dittrich, V.A.O.","Araújo, M.L.; Silva, J.L.","s.n.","1996","03","12",NA,"Brasil","Minas Gerais","Rio Pomba",NA,"-43.17919921875","-21.2747001647949",NA,NA,NA,NA,NA,NA,"2002","12",NA,NA,"18289","auto",NA,NA,NA
"117","2019-11-05 16:42:52-03","UFOP","OUPR","5657","PreservedSpecimen","Plantae",NA,NA,"Anemiaceae","Anemia","phyllitidis","Anemia phyllitidis","(L.) Sw.","Jascone, C.E.","Flores, F.","s.n.","1909","06","28",NA,"Brasil","Minas Gerais","Rio Pomba",NA,"-43.17919921875","-21.2747001647949",NA,NA,NA,NA,NA,NA,"2005","06",NA,NA,"18289","auto","07",NA,NA
"118","2019-11-06 09:57:38-03","UFOP","OUPR","12023","PreservedSpecimen","Plantae",NA,NA,"Selaginellaceae","Selaginella","suavis","Selaginella suavis","(Spring) Spring","Hirai, R.Y.","Turma 1° ano","s.n.","1909","06",NA,NA,"Brasil","Minas Gerais","Rio Pomba",NA,"-43.17919921875","-21.2747001647949",NA,NA,NA,NA,NA,NA,"2008","05",NA,NA,"18289","auto","27",NA,NA
"119","2019-11-05 16:46:15-03","UFOP","OUPR","5789","PreservedSpecimen","Plantae",NA,NA,"Athyriaceae","Diplazium","mutilum","Diplazium mutilum","Kunze","Mynssen, C.M.","s.col.","s.n.",NA,NA,NA,NA,"Brasil","Minas Gerais","Rio Pomba",NA,"-43.17919921875","-21.2747001647949",NA,NA,NA,NA,NA,NA,"2008",NA,NA,NA,"18289","auto",NA,NA,NA
"120","2019-11-06 09:57:17-03","UFOP","OUPR","11813","PreservedSpecimen","Plantae",NA,NA,"Pteridaceae","Adiantum","abscissum","Adiantum abscissum","Schrad.","Prado, J.","Machado; Velloso, S.; Fiusa & Filippe","s.n.","1909","06",NA,NA,"Brasil","Minas Gerais","Rio Pomba",NA,"-43.17919921875","-21.2747001647949",NA,NA,NA,NA,NA,NA,"1999","01",NA,NA,"18289","auto","12",NA,NA
"121","2019-11-05 16:42:52-03","UFOP","OUPR","5553","PreservedSpecimen","Plantae",NA,NA,"Anemiaceae","Anemia","phyllitidis","Anemia phyllitidis","(L.) Sw.","Jascone, C.E.","Santos, M.A.","s.n.","1909","06","29",NA,"Brasil","Minas Gerais","Rio Pomba",NA,"-43.17919921875","-21.2747001647949",NA,NA,NA,NA,NA,NA,"2005","06",NA,NA,"18289","auto","07",NA,NA
"122","2019-11-06 09:57:13-03","UFOP","OUPR","12146","PreservedSpecimen","Plantae",NA,NA,"Polypodiaceae","Campyloneurum","repens","Campyloneurum repens","(Aubl.) C.Presl","Almeida, T.E.","s.col.","s.n.","1909","06",NA,NA,"Brasil","Minas Gerais","Rio Pomba",NA,"-43.17919921875","-21.2747001647949",NA,NA,NA,"Epífeta. Capoeira, nas árvores",NA,NA,"2013","04",NA,NA,"18289","auto","17",NA,NA
"123","2019-11-06 09:56:07-03","UFOP","OUPR","5564","PreservedSpecimen","Plantae",NA,NA,"Lygodiaceae","Lygodium","volubile","Lygodium volubile","Sw.","Góes-Neto, L.A.A.","Turma 1° ano","s.n.","1909","06",NA,NA,"Brasil","Minas Gerais","Rio Pomba",NA,"-43.17919921875","-21.2747001647949",NA,NA,NA,NA,NA,NA,"2015","04",NA,NA,"18289","auto","08",NA,NA
"124","2019-11-06 09:54:59-03","UFOP","OUPR","10679","PreservedSpecimen","Plantae",NA,NA,"Dryopteridaceae","Ctenitis","aspidioides","Ctenitis aspidioides","(C.Presl) Copel","Salino, A.","Velloso, C.","s.n.","1909","06","28",NA,"Brasil","Minas Gerais","Rio Pomba",NA,"-43.17919921875","-21.2747001647949",NA,NA,NA,NA,NA,NA,"2002","10",NA,NA,"18289","auto",NA,NA,NA
"125","2019-11-06 09:57:15-03","UFOP","OUPR","11740","PreservedSpecimen","Plantae",NA,NA,"Polypodiaceae","Serpocaulon","fraxinifolium","Serpocaulon fraxinifolium","(Jacq.) A.R.Sm.","Salino, A.","Turma 1° ano","s.n.","1909","06",NA,NA,"Brasil","Minas Gerais","Rio Pomba",NA,"-43.17919921875","-21.2747001647949",NA,NA,NA,NA,NA,NA,"2013","04",NA,NA,"18289","auto","17",NA,NA
"126","2019-11-06 09:54:59-03","UFOP","OUPR","5924","PreservedSpecimen","Plantae",NA,NA,"Dryopteridaceae","Ctenitis","aspidioides","Ctenitis aspidioides","(C.Presl) Copel","Salino, A.","Flores, F.","s.n.","1909","06","26",NA,"Brasil","Minas Gerais","Rio Pomba",NA,"-43.17919921875","-21.2747001647949",NA,NA,NA,"Erva.",NA,NA,"2002","10",NA,NA,"18289","auto",NA,NA,NA
"127","2019-11-06 09:57:14-03","UFOP","OUPR","5566","PreservedSpecimen","Plantae",NA,NA,"Polypodiaceae","Pecluma","robusta","Pecluma robusta","(Fée) M.Kessler & A.R.Sm.","Assis, F.C.","Velloso, C.","s.n.","1909","06","29",NA,"Brasil","Minas Gerais","Rio Pomba",NA,"-43.17919921875","-21.2747001647949",NA,NA,NA,NA,NA,NA,"2012","03",NA,NA,"18289","auto",NA,NA,NA
"128","2019-11-05 16:46:15-03","UFOP","OUPR","5790","PreservedSpecimen","Plantae",NA,NA,"Athyriaceae","Diplazium","mutilum","Diplazium mutilum","Kunze","Salino, A.","s.col.","s.n.","1909","06","26",NA,"Brasil","Minas Gerais","Rio Pomba","Arredores da cidade","-43.17919921875","-21.2747001647949",NA,NA,NA,NA,NA,NA,"2009","05",NA,NA,"18289","auto",NA,NA,NA
"129","2019-11-06 09:57:38-03","UFOP","OUPR","5532","PreservedSpecimen","Plantae",NA,NA,"Selaginellaceae","Selaginella","muscosa","Selaginella muscosa","Spring","Góes-Neto, L.A.A.","Veloso, C.","s.n.","1909","06","29",NA,"Brasil","Minas Gerais","Rio Pomba","Arredores da cidade","-43.17919921875","-21.2747001647949",NA,NA,NA,"Vegeta à sombra",NA,NA,"2015","04",NA,NA,"18289","auto","08",NA,NA
"130","2019-11-06 09:56:04-03","UFOP","OUPR","10583","PreservedSpecimen","Plantae",NA,NA,"Lindsaeaceae","Lindsaea","lancea","Lindsaea lancea","(L.) Bedd.","Salino, A.","Velloso, C.","s.n.","1909","06","29",NA,"Brasil","Minas Gerais","Rio Pomba","Arredores de Pomba. Capão, sumidouro","-43.17919921875","-21.2747001647949",NA,NA,NA,NA,NA,NA,"2009","05",NA,NA,"18289","auto",NA,NA,NA
"131","2019-11-06 09:57:49-03","UFOP","OUPR","7534","PreservedSpecimen","Plantae",NA,NA,"Thelypteridaceae","Christella","conspersa","Christella conspersa","(Schrad.) Á.Löve & D.Löve",NA,"Ilegível","s.n.","1909","06","26",NA,"Brasil","Minas Gerais","Rio Pomba","Entrada do capão","-43.17919921875","-21.2747001647949",NA,NA,NA,NA,NA,NA,NA,NA,NA,NA,"18289","auto",NA,NA,NA
"132","2019-11-05 16:46:21-03","UFOP","OUPR","5540","PreservedSpecimen","Plantae",NA,NA,"Blechnaceae","Parablechnum","cordatum","Parablechnum cordatum","(Desv.) Gasper & Salino",NA,"Santos, M.A.","s.n.","1909","06","25",NA,"Brasil","Minas Gerais","Rio Pomba","Estrada nova","-43.17919921875","-21.2747001647949",NA,NA,NA,NA,NA,NA,NA,NA,NA,NA,"18289","auto",NA,NA,NA
"133","2019-11-05 16:43:26-03","UFOP","OUPR","10064","PreservedSpecimen","Plantae",NA,NA,"Aspleniaceae","Asplenium","oligophyllum","Asplenium oligophyllum","Kaulf.","Sylvestre, L.S.","s.col.","s.n.",NA,NA,NA,NA,"Brasil","Minas Gerais","Rio Pomba","Manso","-43.17919921875","-21.2747001647949",NA,NA,NA,NA,NA,NA,"1999",NA,NA,NA,"18289","auto",NA,NA,NA
"134","2019-11-06 09:55:00-03","UFOP","OUPR","5565","PreservedSpecimen","Plantae",NA,NA,"Dryopteridaceae","Stigmatopteris",NA,"Stigmatopteris",NA,NA,"Ilegível","s.n.","1909","06","26",NA,"Brasil","Minas Gerais","Rio Pomba","Margens de córrego.","-43.17919921875","-21.2747001647949",NA,NA,NA,NA,NA,NA,NA,NA,NA,NA,"18289","auto",NA,NA,NA
"135","2019-11-06 09:55:00-03","UFOP","OUPR","12893","PreservedSpecimen","Plantae",NA,NA,"Dryopteridaceae","Stigmatopteris",NA,"Stigmatopteris",NA,NA,"Carneiro, J.F.","s.n.","1909","06","26",NA,"Brasil","Minas Gerais","Rio Pomba","Margens de um córrego.","-43.17919921875","-21.2747001647949",NA,NA,NA,NA,NA,NA,NA,NA,NA,NA,"18289","auto",NA,NA,NA
"136","2019-11-06 09:57:14-03","UFOP","OUPR","11682","PreservedSpecimen","Plantae",NA,NA,"Polypodiaceae","Pecluma","plumula","Pecluma plumula","(Humb. & Bonpl. ex Willd.) M.G.Price","Assis, F.C.","Ilegível","s.n.","1909","06","28",NA,"Brasil","Minas Gerais","Rio Pomba","Sumidouro","-43.17919921875","-21.2747001647949",NA,NA,NA,NA,NA,NA,"2012","03",NA,NA,"18289","auto",NA,NA,NA
"137","2019-11-06 09:54:59-03","UFOP","OUPR","10682","PreservedSpecimen","Plantae",NA,NA,"Dryopteridaceae","Ctenitis","christensenii","Ctenitis christensenii","Viveiros & Salino","Viveiros, R.S.","Turma 1° ano","s.n.","1909","06",NA,NA,"Brasil","Minas Gerais","Rio Pomba","Sumidouro","-43.17919921875","-21.2747001647949",NA,NA,NA,NA,NA,NA,"2015","04",NA,NA,"18289","auto",NA,NA,NA
"138","2019-11-06 09:57:48-03","UFOP","OUPR","8449","PreservedSpecimen","Plantae",NA,NA,"Thelypteridaceae","Amauropelta","opposita","Amauropelta opposita","(Vahl) Pic.Serm.",NA,"Flores, F.","s.n.","1909","06","28",NA,"Brasil","Minas Gerais","Rio Pomba","Sumidouro","-43.17919921875","-21.2747001647949",NA,NA,NA,"Erva",NA,NA,NA,NA,NA,NA,"18289","auto",NA,NA,NA
"139","2019-11-05 16:43:25-03","UFOP","OUPR","8288","PreservedSpecimen","Plantae",NA,NA,"Aspleniaceae","Asplenium","auriculatum","Asplenium auriculatum","Sw.","Sylvestre, L.S.","Fiusa","s.n.","1909","06","28",NA,"Brasil","Minas Gerais","Rio Pomba","Sumidouro","-43.17919921875","-21.2747001647949",NA,NA,NA,NA,NA,NA,"2011","03",NA,NA,"18289","auto",NA,NA,NA
"140","2019-11-05 16:42:33-03","UFOP","OUPR","11962","PreservedSpecimen","Plantae",NA,NA,"Anemiaceae","Anemia","blechnoides","Anemia blechnoides","Smith",NA,"Santos, M.; Fiusa & Oliveira","s.n.","1909","06",NA,NA,"Brasil","Minas Gerais","Rio Pomba","Sumidouro","-43.17919921875","-21.2747001647949",NA,NA,NA,NA,NA,NA,NA,NA,NA,NA,"18289","auto",NA,NA,NA
"141","2019-11-06 09:57:12-03","UFOP","OUPR","11399","PreservedSpecimen","Plantae",NA,NA,"Polypodiaceae","Campyloneurum","minus","Campyloneurum minus","Fée","Souza, F.S.","Fiusa, J.","s.n.","1909","06","28",NA,"Brasil","Minas Gerais","Rio Pomba","Sumidouro","-43.17919921875","-21.2747001647949",NA,NA,NA,NA,NA,NA,"2012","02",NA,NA,"18289","auto",NA,NA,NA
"142","2019-11-05 16:43:25-03","UFOP","OUPR","5558","PreservedSpecimen","Plantae",NA,NA,"Aspleniaceae","Asplenium","auriculatum","Asplenium auriculatum","Sw.","Sylvestre, L.S.","s.col.","s.n.","1909","06","28",NA,"Brasil","Minas Gerais","Rio Pomba","Sumidouro","-43.17919921875","-21.2747001647949",NA,NA,NA,"Sobre rochas",NA,NA,"1999","12",NA,NA,"18289","auto",NA,NA,NA
"143","2019-12-18 15:50:33-03","UFOP","OUPR","11967","PreservedSpecimen","Plantae",NA,NA,"Anemiaceae","Anemia","phyllitidis","Anemia phyllitidis","(L.) Sw.","Jascone, C.E.","Santos, M.; Colombo, C. & Oliveira, L.","s.n.","1909","06","26",NA,"Brasil","Minas Gerais","Rio Pomba","Sumidouro","-43.17919921875","-21.2747001647949",NA,NA,NA,NA,NA,NA,"2005","06",NA,NA,"18289","auto","07",NA,NA
"144","2019-11-06 09:57:19-03","UFOP","OUPR","11822","PreservedSpecimen","Plantae",NA,NA,"Pteridaceae","Pityrogramma","calomelanos","Pityrogramma calomelanos","(L.) Link","Dutra, V.F.","Lisboa, M.A.","s.n.","1909",NA,NA,NA,"Brasil","Minas Gerais","Rio Pomba","Sumidouro","-43.17919921875","-21.2747001647949",NA,NA,NA,NA,NA,NA,"2001","11",NA,NA,"18289","auto","12",NA,NA
"145","2019-11-06 09:57:17-03","UFOP","OUPR","11775","PreservedSpecimen","Plantae",NA,NA,"Pteridaceae","Adiantopsis","radiata","Adiantopsis radiata","(L.) Fée","Almeida, T.E.","Felippe, J.; Santos, C.","s.n.","1909","06",NA,NA,"Brasil","Minas Gerais","Rio Pomba","Sumidouro","-43.17919921875","-21.2747001647949",NA,NA,NA,NA,NA,NA,"2013","04",NA,NA,"18289","auto","17",NA,NA
"146","2019-12-11 13:14:04-03","UFPE","URM","93642","S","Fungi","Ascomycota","Capnodiales","Mycosphaerellaceae","Cercospora","caribaea","Cercospora caribaea","Cif.","Machado, AR; Lopes, UP; Freitas-Lopes, RL; Cunha, DS; Michereff, SJ","Lopes, UP","s.n.","2016",NA,NA,"Southern America","Brasil","Minas Gerais","Rio Pomba","Zona da Mata de Minas Gerais","-42","-20","-42","-20",NA,"Isolado n° B8. Doença foliar (Mancha branca) em Manihot esculenta","URM0093642",NA,"2019","10",NA,NA,NA,NA,NA,NA,NA
"147","2019-07-17 14:34:08-03","UFRRJ","RBR","3743","S","Plantae",NA,NA,"Burseraceae","Trattinnickia","ferruginea","Trattinnickia ferruginea","Kuhlm.","T. A. Amorim","E. P. Heringer","2595","1948","10","25",NA,"Brasil","Minas Gerais","Rio Pomba","Fazenda de Bocaiú. Silverania","-43.17919921875","-21.2747001647949",NA,NA,NA,NA,"RBR00003743","RBR00003743","2018","05",NA,NA,"18289","auto","03",NA,NA
"148","2019-11-25 12:12:11-03","UFSM","SMDB","1062","S","Plantae",NA,NA,"Lauraceae","Nectandra","rigida","Nectandra rigida","Nees","Vattimo, I","Heringer, EP","2631","1950","05","10",NA,"Brasil","Minas Gerais","Rio Pomba",NA,"-43.17919921875","-21.2747001647949",NA,NA,NA,NA,"SMDB001062",NA,NA,NA,NA,NA,"18289","auto",NA,NA,NA
"149","2019-12-06 14:35:23-03","MBM","MBM","180190","S","Plantae",NA,NA,"Bignoniaceae","Adenocalymma","cymbalum","Adenocalymma cymbalum","(Cham.) Bur. & K. Schum.","J.C. Gomes Jr.","Heringer, E.P.","2645","1950","07","28","Southern America","Brazil","Minas Gerais","Rio Pomba","Rio Pomba","-43.17919921875","-21.2747001647949",NA,NA,NA,NA,"MBM180190",NA,NA,NA,NA,NA,"18289","auto",NA,NA,NA
"150","2018-08-17 11:59:27-03","JBB","HEPH","21244","S","Plantae","Monocotyledon","Asparagales","Orchidaceae","Oncidum","baueri","Oncidum baueri","Lindl.","Meneguzzo, TEC","Salles, AEH","3444","2004","11","19","Southern America","Brasil","Minas Gerais","Rio Pomba","Praça Principal de Rio Pomba","-43.17919921875","-21.2747001647949",NA,NA,NA,"Erva epífita. Sépalas amarelas c/ manchas marrons na base até a metade das pétalas laterais, labelo com alas amarelas. Haste c/ 2m de altura",NA,NA,"2014",NA,NA,NA,"18289","auto",NA,NA,NA
"151","2019-10-02 15:08:21-03","UFMG","BHCB","86330","PreservedSpecimen","Plantae","Monocotyledon",NA,"Poaceae","Hildaea","pallens","Hildaea pallens","(Sw.) C.Silva & R.P.Oliveira",NA,"Mota, NFO; Viana, PL","4","2004","02","26","Southern America","Brasil","Minas Gerais","Rio Pomba","Fazenda Várzea Alegre","-43.17919921875","-21.2747001647949",NA,NA,NA,"Erva decumbente; Próxima a açude, em área degradada","BHCB025166",NA,"2019","01",NA,NA,"18289","auto",NA,NA,NA
"152","2019-10-02 14:52:41-03","UFMG","BHCB","86329","PreservedSpecimen","Plantae","Dicotyledon",NA,"Elaeocarpaceae","Elaeocarpus","serratus","Elaeocarpus serratus","L.",NA,"Mota, NFO; Viana, PL","3","2004","02","26","Southern America","Brasil","Minas Gerais","Rio Pomba","Fazenda Várzea Alegre","-43.17919921875","-21.2747001647949",NA,NA,NA,"Árvore cultivada com flores creme, melitófilas. Aroma adocicado","BHCB020318",NA,"2018",NA,NA,NA,"18289","auto",NA,NA,NA
"153","2019-05-02 10:54:18-03","IBt","SP-BRYOPHYTA","182336","S","Plantae",NA,NA,"Lejeuneaceae","Microlejeunea","sp.","Microlejeunea sp.",NA,NA,"Yano, O.; Pirani, J.R.","7262","1983","05","26","Southern America","BRASIL","Minas Gerais","Rio Pomba","fazenda Santa Maria, ca 3 km da MG 133","-43.179167","-21.274722","-43.179167","-21.274722",NA,"sobre tronco de Ficus","SP083403",NA,NA,NA,"440","440",NA,NA,NA,NA,NA
"154","2019-05-02 10:54:18-03","IBt","SP-BRYOPHYTA","182336","S","Plantae",NA,NA,"Lejeuneaceae","Microlejeunea","sp.","Microlejeunea sp.",NA,NA,"Yano, O.; Pirani, J.R.","7262","1983","05","26","Southern America","BRASIL","Minas Gerais","Rio Pomba","fazenda Santa Maria, ca 3 km da MG 133","-43.179167","-21.274722","-43.179167","-21.274722",NA,"sobre tronco de Ficus","SP083403",NA,NA,NA,"440","440",NA,NA,NA,NA,NA
"155","2019-05-02 10:55:44-03","IBt","SP-BRYOPHYTA","182332","S","Plantae",NA,NA,"Sematophyllaceae","Sematophyllum","sp.","Sematophyllum sp.",NA,NA,"Yano, O.; Pirani, J.R.","7258","1983","05","26","Southern America","BRASIL","Minas Gerais","Rio Pomba","fazenda Santa Maria, ca 3 km da MG 133","-43.179167","-21.274722","-43.179167","-21.274722",NA,"sobre tronco de Ficus","SP083399",NA,NA,NA,"440","440",NA,NA,NA,NA,NA
"156","2019-05-02 10:55:44-03","IBt","SP-BRYOPHYTA","182332","S","Plantae",NA,NA,"Sematophyllaceae","Sematophyllum","sp.","Sematophyllum sp.",NA,NA,"Yano, O.; Pirani, J.R.","7258","1983","05","26","Southern America","BRASIL","Minas Gerais","Rio Pomba","fazenda Santa Maria, ca 3 km da MG 133","-43.179167","-21.274722","-43.179167","-21.274722",NA,"sobre tronco de Ficus","SP083399",NA,NA,NA,"440","440",NA,NA,NA,NA,NA
"157","2019-05-02 10:53:02-03","IBt","SP-BRYOPHYTA","182333","S","Plantae",NA,NA,"Entodontaceae","Erythrodontium","squarrosum","Erythrodontium squarrosum","(Hampe) Paris","Henriques, D.K.","Yano, O.; Pirani, J.R.","7259","1983","05","26","Southern America","BRASIL","Minas Gerais","Rio Pomba","fazenda Santa Maria, ca 3 km da MG 133","-43.179167","-21.274722","-43.179167","-21.274722",NA,"sobre tronco de Ficus","SP083400",NA,"2012","05","440","440",NA,NA,NA,NA,NA
"158","2019-05-02 10:53:02-03","IBt","SP-BRYOPHYTA","182333","S","Plantae",NA,NA,"Entodontaceae","Erythrodontium","squarrosum","Erythrodontium squarrosum","(Hampe) Paris","Henriques, D.K.","Yano, O.; Pirani, J.R.","7259","1983","05","26","Southern America","BRASIL","Minas Gerais","Rio Pomba","fazenda Santa Maria, ca 3 km da MG 133","-43.179167","-21.274722","-43.179167","-21.274722",NA,"sobre tronco de Ficus","SP083400",NA,"2012","05","440","440",NA,NA,NA,NA,NA
"159","2019-05-02 10:53:30-03","IBt","SP-BRYOPHYTA","182335","S","Plantae",NA,NA,"Frullaniaceae","Frullania","sp.","Frullania sp.",NA,NA,"Yano, O.; Pirani, J.R.","7261","1983","05","26","Southern America","BRASIL","Minas Gerais","Rio Pomba","fazenda Santa Maria, ca 3 km da MG 133","-43.179167","-21.274722","-43.179167","-21.274722",NA,"sobre tronco de Ficus","SP083402",NA,NA,NA,"440","440",NA,NA,NA,NA,NA
"160","2019-05-02 10:53:30-03","IBt","SP-BRYOPHYTA","182335","S","Plantae",NA,NA,"Frullaniaceae","Frullania","sp.","Frullania sp.",NA,NA,"Yano, O.; Pirani, J.R.","7261","1983","05","26","Southern America","BRASIL","Minas Gerais","Rio Pomba","fazenda Santa Maria, ca 3 km da MG 133","-43.179167","-21.274722","-43.179167","-21.274722",NA,"sobre tronco de Ficus","SP083402",NA,NA,NA,"440","440",NA,NA,NA,NA,NA
"161","2019-05-02 10:53:38-03","IBt","SP-BRYOPHYTA","182334","S","Plantae",NA,NA,"Helicophyllaceae","Helicophyllum","torquatum","Helicophyllum torquatum","(Hook.) Brid.",NA,"Yano, O.; Pirani, J.R.","7260","1983","05","26","Southern America","BRASIL","Minas Gerais","Rio Pomba","fazenda Santa Maria, ca 3 km da MG 133","-43.179167","-21.274722","-43.179167","-21.274722",NA,"sobre tronco de Ficus","SP083401",NA,NA,NA,"440","440",NA,NA,NA,NA,NA
"162","2019-05-02 10:53:38-03","IBt","SP-BRYOPHYTA","182334","S","Plantae",NA,NA,"Helicophyllaceae","Helicophyllum","torquatum","Helicophyllum torquatum","(Hook.) Brid.",NA,"Yano, O.; Pirani, J.R.","7260","1983","05","26","Southern America","BRASIL","Minas Gerais","Rio Pomba","fazenda Santa Maria, ca 3 km da MG 133","-43.179167","-21.274722","-43.179167","-21.274722",NA,"sobre tronco de Ficus","SP083401",NA,NA,NA,"440","440",NA,NA,NA,NA,NA
"163","2019-12-31 09:52:21-03","INPA","INPA-FUNGOS","258911","S","Fungi","Basidiomycota","Geastrales","Geastraceae","Geastrum",NA,"Geastrum",NA,NA,"Pezzini, F.F.","91","2014","01","20","Southern America","Brasil","Minas Gerais","Rio Pomba",NA,"-43.103056","-21.2725","-43.103056","-21.2725",NA,NA,"INPA0258911",NA,NA,NA,"563","563",NA,NA,NA,NA,NA
"164","2019-06-27 15:37:39-03","Cenargen","CEN","28877","S","Plantae",NA,NA,"Lythraceae","Cuphea","carthagenensis","Cuphea carthagenensis","(Jacq.) Macbr.","T. B. Cavalcanti","Aldicir Osni Scariot","365","1989","02","07",NA,"Brasil","MG","RIO POMBA","Rodovia BR - 040 - Ubá, km 66.","-43.08333","-21.18333","-43.08333","-21.18333","Exsicatas",NA,"CEN00028877","CEN00028877","1989","03","600","600",NA,NA,NA,"5",NA
"165","2019-11-13 11:23:52-03","USP","SPF","82178","PreservedSpecimen","Plantae",NA,NA,"Lythraceae","Cuphea","carthagenensis","Cuphea carthagenensis","(Jacq.) J.F.Macbr.","Graham, SA","Scariot, AO","365","1989","02","07",NA,"Brasil","Minas Gerais","Rio Pomba",NA,"-43.17919921875","-21.2747001647949",NA,NA,NA,NA,"SPF00082178",NA,"1997","05","600","600","18289","auto",NA,NA,NA
"166","2020-02-03 14:46:01-03","USP","SPF","32654","PreservedSpecimen","Plantae",NA,NA,"Euphorbiaceae","Mabea","fistulifera","Mabea fistulifera","Mart.","Cordeiro, I","Pirani, JR","671","1983","05","26",NA,"Brasil","Minas Gerais","Rio Pomba","MG 133, estrada para Ubá.","-43.17919921875","-21.2747001647949",NA,NA,NA,"Arvoreta 4.5 m alt. Ramos levemente vergados, folhagem verde escura, face inferior das folhas com faixa ferrugínea ao longo da nervura média.","SPF00032654",NA,"1983","11",NA,NA,"18289","auto","18",NA,NA
"167","2019-10-07 09:15:43-03","UEFS","HUEFS","130931","PreservedSpecimen","Plantae","Angiospermae","Lamiales","Bignoniaceae","Mansoa","glaziovii","Mansoa glaziovii","Bureau & K.Schum.","J.C.Gomes","Heringer, E.P.","2646","1950","08","23",NA,"Brasil","Minas Gerais","Rio Pomba",NA,"-43.17919921875","-21.2747001647949",NA,NA,NA,NA,"HUEFS0130931","HUEFS0130931","1952","06",NA,NA,"18289","auto",NA,NA,"Asteranae"
"168","2019-11-07 11:16:03-03","UFMG","BHCB-SL","86327","PreservedSpecimen","Plantae",NA,NA,"Cyatheaceae","Cyathea","villosa","Cyathea villosa","Willd.","Mota, NFO; Salino, A","Mota, NFO; Viana, PL","1","2004","02","26","América","Brasil","Minas Gerais","Rio Pomba","Fazenda Várzea Alegre","-43.17919921875","-21.2747001647949",NA,NA,NA,NA,NA,NA,"2004","02",NA,NA,"18289","auto",NA,NA,NA
"169","2020-03-02 13:47:08-03","UFSC","FLOR","67860","PreservedSpecimen","Plantae",NA,"Poales","Poaceae","Merostachys",NA,"Merostachys",NA,"Vinícius-Silva, R.","Vinícius-Silva, R.; Silva, E.A.","60","2015","08","15",NA,"Brasil","Minas Gerais","Rio Pomba","Monte Alegre, Próximo à casa do Sr. Nelito.","-43.17919921875","-21.2747001647949",NA,NA,NA,"Indivíduos com, aproximadamente, 8-12m de altura, inicialmente eretos e, posteriormente, inclinando sobre a vegetação adjacente. Entrenós com 40-55cm de comprimento, 1,8-2,1cm de diâmetro, verde com estrias amarelas, escabro. Planta e","FLOR0067860","FLOR0067860_01 FLOR0067860_02","2015","08",NA,NA,"18289","auto","15",NA,NA
"170","2019-11-21 10:13:51-03","IBt","SP","54659","S","Plantae",NA,NA,"Orchidaceae","Stelis","aprica","Stelis aprica","Lindl.","Handro, O","Heringer, EP","2552","1947","11","24",NA,"Brasil","Minas Gerais","Rio Pomba","Fazenda de Bocaiú","-43.17919921875","-21.2747001647949",NA,NA,NA,NA,NA,NA,"1980","07",NA,NA,"18289","auto",NA,NA,NA
"171","2019-11-21 10:04:20-03","IBt","SP","186308","S","Plantae",NA,NA,"Euphorbiaceae","Mabea","fistulifera","Mabea fistulifera","Mart.",NA,"Pirani, JR; Yano, O","671","1983","05","26",NA,"Brasil","Minas Gerais","Rio Pomba","MG 133, estrada para Ubá&nf;Arvoreta","-43.17919921875","-21.2747001647949",NA,NA,NA,NA,NA,NA,NA,NA,NA,NA,"18289","auto",NA,NA,NA
"172","2019-11-21 10:06:15-03","IBt","SP","54459","S","Plantae",NA,NA,"Fabaceae","Myrocarpus","frondosus","Myrocarpus frondosus","Allemão","Handro, O","Heringer, EP","2531","1947","06","07",NA,"Brasil","Minas Gerais","Rio Pomba","Substação Experimental de Pomba","-43.17919921875","-21.2747001647949",NA,NA,NA,NA,NA,NA,"1947","08",NA,NA,"18289","auto",NA,NA,NA
