"record_id","modified","institutionCode","collectionCode","catalogNumber","basisOfRecord","kingdom","phylum","order","family","genus","scientificName","identifiedBy","recordedBy","recordNumber","year","month","day","continentOcean","country","stateProvince","county","locality","decimalLongitude","decimalLatitude","verbatimLongitude","verbatimLatitude","minimumElevationInMeters","maximumElevationInMeters","preparationType","occurrenceRemarks","barcode","imagecode","specificEpithet","scientificNameAuthorship","yearIdentified","monthIdentified","dayIdentified","coordinatePrecision","geoFlag","previousCatalogNumber","infraspecificEpithet","typeStatus","class","relatedCatalogItem"
"1","2019-12-16 18:57:26-03","NYBG","NYBG","985254","PreservedSpecimen","Plantae","Magnoliophyta","Sapindales","Sapindaceae","Cupania","Cupania","H. T. Beck","M. S. Menandro","93","1986","05","31","South America","Brazil","Minas Gerais","Serra Azul de Minas","Fazenda Gurita.","-43.1697","-18.3619","-43.1697","-18.3619","900","900","sheet","<a href=http://sweetgum.nybg.org/science/vh/specimen_details.php?irn=1082711 target=other class=eLink> <mi>dwc_moreinfo</mi></a>","NY00985254","NY00985254",NA,NA,NA,NA,NA,NA,NA,NA,NA,NA,NA,NA
"2","2019-12-16 18:33:08-03","NYBG","NYBG","02042852","PreservedSpecimen","Plantae","Magnoliophyta","Myrtales","Vochysiaceae","Vochysia","Vochysia tucanorum",NA,"M. S. Menandro","87","1986","05","20","South America","Brazil","Minas Gerais","Serra Azul de Minas","Fazenda Gurita.","-43.1697","-18.3619","-43.1697","-18.3619","900","900","sheet","<a href=http://sweetgum.nybg.org/science/vh/specimen_details.php?irn=2184473 target=other class=eLink> <mi>dwc_moreinfo</mi></a>","NY02042852","NY02042852","tucanorum","Mart.",NA,NA,NA,NA,NA,NA,NA,NA,NA,NA
"3","2019-10-09 11:09:52-03","UFBA","ALCB","106095","PreservedSpecimen","Plantae","Dicotyledon",NA,"Asteraceae","Baccharis","Baccharis",NA,"Roque, N; Quaresma, AS","3745","2012","09","26","Southern America","Brasil","Minas Gerais","Serra Azul de Minas","Cachoeira do Rio Vermelho","-43.303333","-18.3875","-43.303333","-18.3875","1158","1158",NA,"com ramos decumbentes, folhas levemente discolores. Brácteas involucrais verdes, corola creme.; Planta dióica.",NA,NA,NA,NA,NA,NA,NA,NA,NA,NA,NA,NA,NA,NA
"4","2019-10-09 11:10:20-03","UFBA","ALCB","106090","PreservedSpecimen","Plantae","Dicotyledon",NA,"Asteraceae","Dasyphyllum","Dasyphyllum flagellare","Saavedra, MM","Roque, N; Quaresma, AS","3740","2012","09","26","Southern America","Brasil","Minas Gerais","Serra Azul de Minas","Parque Estadual do Pico do Itambé. Trilha para a Cachoeira do Rio Vermelho","-43.302778","-18.390556","-43.302778","-18.390556","1182","1182",NA,"folhas discolores. Brácteas involucrais verde-castanhas. Flores passadas, pápus estramíneo.",NA,NA,"flagellare","(Casar.) Cabrera","2014","06","05",NA,NA,NA,NA,NA,NA,NA
"5","2019-10-09 11:10:20-03","UFBA","ALCB","106093","PreservedSpecimen","Plantae","Dicotyledon",NA,"Asteraceae","Dasyphyllum","Dasyphyllum sprengelianum","Moura, L","Roque, N; Quaresma, AS","3743","2012","09","26","Southern America","Brasil","Minas Gerais","Serra Azul de Minas","Parque Estadual do Pico do Itambé. Após a Cachoeira do Rio Vermelho","-43.302778","-18.390556","-43.302778","-18.390556","1182","1182",NA,"ca. 2m alt., folhas discolores. Brácteas involucrais castanhas, corola creme, pápus estramíneo.",NA,NA,"sprengelianum","(Gardner) Cabrera","2012","10",NA,NA,NA,NA,NA,NA,NA,NA
"6","2019-10-09 11:10:26-03","UFBA","ALCB","106091","PreservedSpecimen","Plantae","Dicotyledon",NA,"Asteraceae","Eremanthus","Eremanthus erythropappus",NA,"Roque, N; Quaresma, AS","3741","2012","09","26","Southern America","Brasil","Minas Gerais","Serra Azul de Minas","Parque Estadual do Pico do Itambé. Após a Cachoeira do Rio Vermelho","-43.306667","-18.383056","-43.306667","-18.383056","1289","1289",NA,"ca. 1,7m alt., folhas discolores (verdes passando a negras após coletadas). Corola lilás. Odor desagradável após coletada.",NA,NA,"erythropappus","(DC.) MacLeish",NA,NA,NA,NA,NA,NA,NA,NA,NA,NA
"7","2019-10-09 11:10:26-03","UFBA","ALCB","106094","PreservedSpecimen","Plantae","Dicotyledon",NA,"Asteraceae","Eremanthus","Eremanthus polycephalus",NA,"Roque, N; Quaresma, AS","3744","2012","09","26","Southern America","Brasil","Minas Gerais","Serra Azul de Minas","Parque Estadual do Pico do Itambé. Após a Cachoeira do Rio Vermelho","-43.302778","-18.390556","-43.302778","-18.390556","1182","1182",NA,"ca. 4m alt., folhas discolores. Brácteas involucrais verde-cinéras, corola lilás, pápus róseo. Formigas como visitantes florais.",NA,NA,"polycephalus","(DC.) MacLeish",NA,NA,NA,NA,NA,NA,NA,NA,NA,NA
"8","2019-10-09 11:14:38-03","UFBA","ALCB","16855","PreservedSpecimen","Plantae","Dicotyledon",NA,"Euphorbiaceae","Jatropha","Jatropha ribifolia","Noblick, LR","Noblick, LR; Lemos, C","4169","1985","07","17","Southern America","Brasil","Minas Gerais","Serra Azul de Minas","7 km W de Bonito da Serra Preta - Fazenda Santa Clara","-39.333333","-12.166667","-39.333333","-12.166667",NA,NA,NA,"Ca. 1 m de altura. Corola amarela.","ALCB053858",NA,"ribifolia","(Pohl) Baill.","1985",NA,NA,NA,NA,NA,NA,NA,NA,NA
"9","2019-10-09 11:11:07-03","UFBA","ALCB","106092","PreservedSpecimen","Plantae","Dicotyledon",NA,"Asteraceae","Piptolepis","Piptolepis monticola","Cândido, JB","Roque, N; Quaresma, AS","3742","2012","09","26","Southern America","Brasil","Minas Gerais","Serra Azul de Minas","Parque Estadual do Pico do Itambé. Após a Cachoeira do Rio Vermelho","-43.306667","-18.383056","-43.306667","-18.383056","1289","1289",NA,"até 1,8m alt., folhas discolores, cinéreas. Corola lilás.",NA,NA,"monticola","Loeuille","2018","11","05",NA,NA,NA,NA,NA,NA,NA
"10","2019-10-09 11:21:33-03","UFBA","ALCB","40428","PreservedSpecimen","Plantae","Dicotyledon",NA,"Myrtaceae","Myrcia","Myrcia splendens","Gomes, FS","Hatschbach, G; Hatschbach, M; Barbosa, E","67405","1997","11","22","Southern America","Brasil","Minas Gerais","Serra Azul de Minas","Rod. Serra Azul de Minas para Rio Vermelho, BR-259","-43.1699981689453","-18.3619003295898",NA,NA,NA,NA,NA,"Ca. 4 m de altura. Fruto preto.","ALCB060082",NA,"splendens","(Sw.) DC.","2010","05",NA,"17198","auto",NA,NA,NA,NA,NA
"11","2019-11-21 14:39:22-03","UFJF","CESJ","37869","PreservedSpecimen","Plantae","Angiosperma",NA,"Melastomataceae","Clidemia","Clidemia hirta","R. Goldenberg","G. Hatschbach; M. Hatschbach; E. Barbosa","67411","1997","11","22","América do Sul","Brasil","Minas Gerais","Serra Azul de Minas","Rod. Serra Azul de Minas para Rio Vermelho, BR-259","-43.1699981689453","-18.3619003295898",NA,NA,NA,NA,NA,"Subarbusto, 50cm, flor alva. Floresta.","CESJ037869",NA,"hirta","(L.) D. Don","2001",NA,NA,"17198","auto",NA,NA,NA,NA,NA
"12","2019-07-24 15:28:02-03","ASU","ASU-PLANTS","55012","PreservedSpecimen","Plantae","Magnoliophyta","Myrtales","Myrtaceae","Myrcia","Myrcia fallax","M.L. Kawasaki, 1998.","G. Hatschbach; M. Hatschbach, E. Barbosa","67405","1997","11","22",NA,"Brazil","Minas Gerais","Serra Azul de Minas","Rod. Serra Azul de Minas para Rio Vermelho.","-44.4333","-20.0667","-44.4333","-20.0667",NA,NA,NA,"Coor from www.fallingrain.com/world; Arvoreta, 4m, frutos preto.",NA,NA,"fallax","DC.",NA,NA,NA,NA,NA,"221358",NA,NA,NA,NA
"13","2019-10-14 11:12:48-03","UCS","HUCS","12486","PreservedSpecimen","Plantae","Angiospermae","Myrtales","Myrtaceae","Myrcia","Myrcia splendens","Kawasaki, M. .L.","Hatschbach, G.; Barbosa, E.","67405","1997","11","22",NA,"Brasil","Minas Gerais","Serra Azul de Minas","Rod. Serra azul de Minas para Rio Vermelho , BR -259","-43.1699981689453","-18.3619003295898",NA,NA,NA,NA,NA,"arvoreta 4m, fruto preto; floresta",NA,NA,"splendens","(Sw.) DC.","1998",NA,NA,"17198","auto",NA,NA,NA,NA,NA
"14","2019-12-06 15:09:25-03","MBM","MBM","218038","S","Plantae",NA,NA,"Myrtaceae","Myrcia","Myrcia falax","Kawasaki, M.L.","Hatschbach, G.; Hatschbach, M.; Barboza, E.; Hatschbach, M.; Barboza, E.","67405","1997","11","22","Southern America","Brazil","Minas Gerais","Serra Azul de Minas","Rodovia Serra Azul de Minas - Rio Vermelho, Rod. BR-259","-43.1699981689453","-18.3619003295898",NA,NA,NA,NA,NA,NA,"MBM218038",NA,"falax","(Rich.) DC.",NA,NA,NA,"17198","auto",NA,NA,NA,NA,NA
"15","2019-12-06 15:19:20-03","MBM","MBM","218598","S","Plantae",NA,NA,"Rubiaceae","Psychotria","Psychotria vellosiana","Smith, S.F.","Hatschbach, G.; Hatschbach, M.; Barboza, E.; Hatschbach, M.; Barboza, E.","67414",NA,NA,NA,"Southern America","Brazil","Minas Gerais","Serra Azul de Minas","Rodovia Serra Azul de Minas para Rio Vermelho, Rod. BR-259","-43.1699981689453","-18.3619003295898",NA,NA,NA,NA,NA,"Arbusto, 2m, flor alva, tubo interno amarelo. Floresta degradada","MBM218598","MBM218598","vellosiana","Benth.","1999",NA,NA,"17198","auto",NA,NA,NA,NA,NA
"16","2019-12-06 15:17:35-03","MBM","MBM","222252","S","Plantae",NA,NA,"Rhamnaceae","Reissekia","Reissekia smilacina","Smith, S.F.","Hatschbach, G.; Hatschbach, M.; Barboza, E.; Hatschbach, M.; Barboza, E.","67417",NA,NA,NA,"Southern America","Brazil","Minas Gerais","Serra Azul de Minas","Rod. BR-259, direção ao Rio Vermelho","-43.1699981689453","-18.3619003295898",NA,NA,NA,NA,NA,NA,"MBM222252","MBM222252","smilacina","Endl.",NA,NA,NA,"17198","auto",NA,NA,NA,NA,NA
"17","2019-12-06 15:02:35-03","MBM","MBM","217924","S","Plantae",NA,NA,"Malpighiaceae","Tetrapteris","Tetrapteris acutifolia","Anderson, W.R.","Hatschbach, G.; Hatschbach, M.; Barboza, E.; Hatschbach, M.; Barboza, E.","67409",NA,NA,NA,"Southern America","Brazil","Minas Gerais","Serra Azul de Minas","Rod. BR-259","-43.1699981689453","-18.3619003295898",NA,NA,NA,NA,NA,NA,"MBM217924","MBM217924","acutifolia","Cav.",NA,NA,NA,"17198","auto",NA,NA,NA,NA,NA
"18","2019-12-06 14:48:25-03","MBM","MBM","217882","S","Plantae",NA,NA,"Fabaceae","Inga","Inga cylindrica","Pennington, T.D.","Hatschbach, G.; Hatschbach, M.; Barboza, E.; Hatschbach, M.; Barboza, E.","67407","1997","11","22","Southern America","Brazil","Minas Gerais","Serra Azul de Minas","Rod. BR-259, Serra Azul de Minas - Rio Vermelho","-43.1699981689453","-18.3619003295898",NA,NA,NA,NA,NA,NA,"MBM217882","MBM217882","cylindrica","Mart.",NA,NA,NA,"17198","auto",NA,NA,NA,NA,NA
"19","2019-12-06 15:04:20-03","MBM","MBM","219608","S","Plantae",NA,NA,"Melastomataceae","Clidemia","Clidemia hirta","Goldenberg, R.","Hatschbach, G.; Hatschbach, M.; Barboza, E.; Hatschbach, M.; Barboza, E.","67411",NA,NA,NA,"Southern America","Brazil","Minas Gerais","Serra Azul de Minas","Rod. BR-259, Serra Azul de Minas - Rio Vermelho","-43.1699981689453","-18.3619003295898",NA,NA,NA,NA,NA,NA,"MBM219608","MBM219608","hirta","(L.) Don",NA,NA,NA,"17198","auto",NA,NA,NA,NA,NA
"20","2019-12-06 15:12:40-03","MBM","MBM","217978","S","Plantae",NA,NA,"Passifloraceae","Passiflora","Passiflora speciosa","Cervi, A.C.","Hatschbach, G.; Hatschbach, M.; Barboza, E.; Hatschbach, M.; Barboza, E.","67403",NA,NA,NA,"Southern America","Brazil","Minas Gerais","Serra Azul de Minas","Rod. BR-259, rodovia Serra Azul de Minas para Rio Vermelho","-43.1699981689453","-18.3619003295898",NA,NA,NA,NA,NA,NA,"MBM217978","MBM217978","speciosa","Gardn.",NA,NA,NA,"17198","auto",NA,NA,NA,NA,NA
"21","2019-12-06 15:00:19-03","MBM","MBM","217923","S","Plantae",NA,NA,"Loranthaceae","Phthirusa","Phthirusa podoptera","Kuijt, J.","Hatschbach, G.; Hatschbach, M.; Barboza, E.; Hatschbach, M.; Barboza, E.","67413",NA,NA,NA,"Southern America","Brazil","Minas Gerais","Serra Azul de Minas","Rodovia Serra Azul de Minas para Rio Vermelho, Rod. BR-259","-43.1699981689453","-18.3619003295898",NA,NA,NA,NA,NA,NA,"MBM217923","MBM217923","podoptera","(Cham. & Schltdl.) Kuijt",NA,NA,NA,"17198","auto",NA,NA,NA,NA,NA
"22","2019-12-06 15:10:23-03","MBM","MBM","218037","S","Plantae",NA,NA,"Myrtaceae","Psidium","Psidium rufum","Kawasaki, M.L.","Hatschbach, G.; Hatschbach, M.; Barboza, E.; Hatschbach, M.; Barboza, E.","67410","1997","11","22","Southern America","Brazil","Minas Gerais","Serra Azul de Minas","Rodovia Serra Azul de Minas para Rio Vermelho, Rod. BR-259","-43.1699981689453","-18.3619003295898",NA,NA,NA,NA,NA,NA,"MBM218037","MBM218037","rufum","DC.",NA,NA,NA,"17198","auto",NA,NA,NA,NA,NA
"23","2019-12-06 15:22:15-03","MBM","MBM","219939","S","Plantae",NA,NA,"Solanaceae","Solanum","Solanum cernuum","Giacomin, L.L.","Hatschbach, G.; Hatschbach, M.; Barboza, E.; Hatschbach, M.; Barboza, E.","67408","1997","11","22","Southern America","Brazil","Minas Gerais","Serra Azul de Minas","Rod. Serra Azul de Minas para Rio Vermelho, BR 259.","-43.1699981689453","-18.3619003295898",NA,NA,NA,NA,NA,"Arvoreta, 3m, flor alva, nervuras verdes. Floresta degradada.","MBM219939","MBM219939","cernuum","Vell.","2008","12",NA,"17198","auto",NA,NA,NA,NA,NA
"24","2019-12-06 14:39:59-03","MBM","MBM","225853","S","Plantae",NA,NA,"Connaraceae","Bernardinia","Bernardinia fluminensis villosa","Smith, S.F.","Hatschbach, G.; Hatschbach, M.; Barboza, E.; Hatschbach, M.; Barboza, E.","67416","1997","11","22","Southern America","Brazil","Minas Gerais","Serra Azul de Minas","Rod. BR-259, em direção ao rio Vermelho","-43.1699981689453","-18.3619003295898",NA,NA,NA,NA,NA,NA,"MBM225853","MBM225853","fluminensis","(Schellenberg) E. Forero",NA,NA,NA,"17198","auto",NA,"villosa",NA,NA,NA
"25","2019-12-06 14:37:11-03","MBM","MBM","145663","S","Plantae",NA,NA,"Bromeliaceae","Encholirium","Encholirium longiflorum",NA,"Teixeira; Carvalho; Carvalho","s.n.","1984","10","05","Southern America","Brazil","Minas Gerais","Serra Azul de Minas","Serra Azul","-43.1699981689453","-18.3619003295898",NA,NA,NA,NA,NA,NA,"MBM145663","MBM145663","longiflorum","E.M.C. Leme",NA,NA,NA,"17198","auto",NA,NA,"HOLOTYPE",NA,NA
"26","2020-02-18 22:20:55-03","UFMG","BHCB","48378","PreservedSpecimen","Plantae","Dicotyledon",NA,"Solanaceae","Solanum","Solanum cernuum",NA,"Hatschbach, G; Hatschbach, M; Barbosa, E","67408","1997","11","22","Southern America","Brasil","Minas Gerais","Serra Azul de Minas","BR 259, Rodovia de Serra Azul de Minas para Rio Vermelho.","-43.1699981689453","-18.3619003295898",NA,NA,NA,NA,NA,"Arvoreta, 3m, flor alva, nervuras verdes. Floresta degradada.; Arvoreta, 3m, flor alva, nervuras verdes.; Floresta degradada","BHCB025416",NA,"cernuum","Vell.","1999","07","05","17198","auto",NA,NA,NA,NA,NA
"27","2020-02-18 22:20:55-03","UFMG","BHCB","102680","PreservedSpecimen","Plantae","Dicotyledon",NA,"Solanaceae","Solanum","Solanum cernuum",NA,"Hatschbach, G; Hatschbach, M; Barbosa, E","67408","1997","11","22","Southern America","Brasil","Minas Gerais","Serra Azul de Minas","BR 259, Rodovia de Serra Azul de Minas para Rio Vermelho.","-43.1699981689453","-18.3619003295898",NA,NA,NA,NA,NA,"Arvoreta, 3m, flor alva, nervuras verdes. Floresta degradada.; Arvoreta, 3m, flor alva, nervuras verdes; Floresta degradada","BHCB025317",NA,"cernuum","Vell.","2006",NA,NA,"17198","auto",NA,NA,NA,NA,NA
"28","2019-10-02 15:00:21-03","UFMG","BHCB","20613","PreservedSpecimen","Plantae","Dicotyledon",NA,"Myrtaceae","Myrcia","Myrcia",NA,"Meandro, MS","s.n.","1990","07","29","Southern America","Brasil","Minas Gerais","Serra Azul de Minas","Fazenda Gurita","-43.1699981689453","-18.3619003295898",NA,NA,NA,NA,NA,NA,NA,NA,NA,"DC.",NA,NA,NA,"17198","auto",NA,NA,NA,NA,NA
"29","2019-10-02 15:00:36-03","UFMG","BHCB","20613","PreservedSpecimen","Plantae","Dicotyledon",NA,"Myrtaceae","Myrcia","Myrcia splendens",NA,"Meandro, MS","229","1990","07","29","Southern America","Brasil","Minas Gerais","Serra Azul de Minas","Fazenda Gurita","-43.1699981689453","-18.3619003295898",NA,NA,NA,NA,NA,"8m e CAP 36cm. Folhas quase concolores. Inflorescências verde-claro",NA,NA,"splendens","(Sw.) DC.",NA,NA,NA,"17198","auto",NA,NA,NA,NA,NA
"30","2019-10-02 15:04:34-03","UFMG","BHCB","61776","PreservedSpecimen","Plantae","Dicotyledon",NA,"Solanaceae","Solanum","Solanum stipulaceum",NA,"Menandro, MS","233","1990","07","29","Southern America","Brasil","Minas Gerais","Serra Azul de Minas","Fazenda Gurita, Próximo a casa sede da fazenda.","-43.1699981689453","-18.3619003295898",NA,NA,NA,NA,NA,"Terrestre; Arbóreo, 5m; CAP do fuste - 40cm; Flor verde claro; Fruto imaturo verde escuro; Folhas discolores, com face ventral mais clara.","BHCB050752",NA,"stipulaceum","Willd. ex Roem. & Schult.","2001",NA,NA,"17198","auto",NA,NA,NA,NA,NA
"31","2020-02-18 22:20:30-03","UFMG","BHCB","44685","PreservedSpecimen","Plantae","Dicotyledon",NA,"Myrtaceae","Myrcia","Myrcia splendens",NA,"Hatschbach, G; Hatschbach, M; Barbosa, E","67405","1997","11","22","Southern America","Brasil","Minas Gerais","Serra Azul de Minas","Rodovia Serra Azul de Minas para Rio Vermelho, BR 259","-43.1699981689453","-18.3619003295898",NA,NA,NA,NA,NA,"Floresta. Arvoreta, 4m. Fruto preto",NA,NA,"splendens","(Sw.) DC.",NA,NA,NA,"17198","auto",NA,NA,NA,NA,NA
"32","2019-02-20 14:18:04-03","INPA","INPA","195606","S","Plantae","Dicotyledon Com-Clade","Myrtales","Myrtaceae","Myrcia","Myrcia fallax","Kawasaki, ML","Hatschbach, GG","67405","1997","11","22","Southern America","Brasil","Minas Gerais","Serra Azul de Minas","Rod. Serra Azul de Minas para Rio Vermelho, BR-259","-43.1699981689453","-18.3619003295898",NA,NA,NA,NA,NA,NA,"INPA0195606","INPA0195606 INPA0195606_e","fallax","(Rich.) DC.","1998",NA,NA,"17198","auto",NA,NA,NA,NA,NA
"33","2020-01-31 11:23:41-03","CVRD","CVRD","2842","PreservedSpecimen","Plantae","Magnoliophyta","Poales","Cyperaceae","Scleria","Scleria pterota","Marccus Vinícios Alves","Menandro, M.S.","221","1990","07","29","América do Sul","BRASIL","MG","Serra Azul de Minas",NA,"-43.1699981689453","-18.3619003295898",NA,NA,NA,NA,NA,"Folhas finamente serradas, muito agressivas. <ll>dwc_commonname:</ll> Tiririca da serra","CVRD002842",NA,"pterota","Presl.","1998","04","07","17198","auto",NA,NA,NA,"Liliopsida",NA
"34","2020-01-31 11:25:41-03","CVRD","CVRD","3938","PreservedSpecimen","Plantae","Magnoliophyta","Solanales","Solanaceae","Solanum","Solanum leptostachys","João Renato Stehmann","Souza, V.D.","373","1992","08","26","América do Sul","BRASIL","MG","Serra Azul de Minas",NA,"-43.1699981689453","-18.3619003295898",NA,NA,NA,NA,NA,"<ll>dwc_commonname:</ll> Jurubeba de grota","CVRD003938",NA,"leptostachys","Dun.","2006","08","24","17198","auto",NA,NA,NA,"Magnoliopsida",NA
"35","2020-01-31 11:25:22-03","CVRD","CVRD","3937","PreservedSpecimen","Plantae","Magnoliophyta","Myrtales","Myrtaceae","Myrcia","Myrcia splendens","Sobral, M.","Souza, V.D.","372","1992","08","26","América do Sul","BRASIL","MG","Serra Azul de Minas",NA,"-43.1699981689453","-18.3619003295898",NA,NA,NA,NA,NA,"<ll>dwc_commonname:</ll> Batinga roxa","CVRD003937",NA,"splendens","(Sw.) DC.","2013","01","29","17198","auto",NA,NA,NA,"Magnoliopsida",NA
"36","2020-03-09 10:32:48-03","CVRD","CVRD","2841","PreservedSpecimen","Plantae","Magnoliophyta","Laurales","Siparunaceae","Siparuna","Siparuna guianensis","E.J. Lirío","Menandro, M.S.","220","1990","07","23","América do Sul","BRASIL","MG","Serra Azul de Minas",NA,"-43.1699981689453","-18.3619003295898",NA,NA,NA,NA,NA,"Folhas quase concolores, com face sup. escuro. <ll>dwc_commonname:</ll> Negamina","CVRD002841",NA,"guianensis","Aubl.","2013","08","30","17198","auto",NA,NA,NA,"Magnoliopsida",NA
"37","2020-01-31 11:25:22-03","CVRD","CVRD","2850","PreservedSpecimen","Plantae","Magnoliophyta","Myrtales","Myrtaceae","Myrcia","Myrcia splendens","Sobral, M.","Menandro, M.S.","229","1990","07","29","América do Sul","BRASIL","MG","Serra Azul de Minas",NA,"-43.1699981689453","-18.3619003295898",NA,NA,NA,NA,NA,"Folhas quase concolores. <ll>dwc_commonname:</ll> Batinga roxa","CVRD002850",NA,"splendens","(Sw.) DC.","2013","01","29","17198","auto",NA,NA,NA,"Magnoliopsida",NA
"38","2020-01-31 11:23:53-03","CVRD","CVRD","3939","PreservedSpecimen","Plantae","Magnoliophyta","Asterales","Asteraceae","Eremanthus","Eremanthus erythropappus","Marcelo Monge","Souza, V.D.","374","1992","08","26","América do Sul","BRASIL","MG","Serra Azul de Minas",NA,"-43.1699981689453","-18.3619003295898",NA,NA,NA,NA,NA,"<ll>dwc_commonname:</ll> Candeia","CVRD003939",NA,"erythropappus","(DC.) MacLeish","2011","08","17","17198","auto",NA,NA,NA,"Magnoliopsida",NA
"39","2020-03-09 10:32:37-03","CVRD","CVRD","3936","PreservedSpecimen","Plantae","Magnoliophyta","Lamiales","Bignoniaceae","Handroanthus","Handroanthus ochraceus","A. H. Gentry","Souza, V.D.","371","1992","08","26","América do Sul","BRASIL","MG","Serra Azul de Minas",NA,"-43.1699981689453","-18.3619003295898",NA,NA,NA,NA,NA,"<ll>dwc_commonname:</ll> Ipê coceira","CVRD003936",NA,"ochraceus","(Cham.) Mattos","1992","10","15","17198","auto",NA,NA,NA,"Magnoliopsida",NA
"40","2020-01-31 11:23:53-03","CVRD","CVRD","2846","PreservedSpecimen","Plantae","Magnoliophyta","Asterales","Asteraceae","Eremanthus","Eremanthus erythropappus","Marcelo Monge","Menandro, M.S.","225","1990","07","29","América do Sul","BRASIL","MG","Serra Azul de Minas","Árvore 226 da parcela A1 do Ensaio de manejo florestal.","-43.1699981689453","-18.3619003295898",NA,NA,NA,NA,NA,"Folhas discolores, com face inferior prateada; flores com cálice erverdeados, corolas e pappusbranco amarelados. Mad. de 1º qualidade. <ll>dwc_commonname:</ll> Candeia","CVRD002846",NA,"erythropappus","(DC.) MacLeish","2011","08","17","17198","auto",NA,NA,NA,"Magnoliopsida",NA
"41","2020-01-31 13:35:23-03","CVRD","CVRD","2849","PreservedSpecimen","Plantae","Magnoliophyta","Malvales","Malvaceae","Luehea","Luehea divaricata","Geovane S. Siqueira","Menandro, M.S.","228","1990","07","29","América do Sul","BRASIL","MG","Serra Azul de Minas","Árvore 451 da parcela A1 do Ensaio de manejo florestal.","-43.1699981689453","-18.3619003295898",NA,NA,NA,NA,NA,"Folhas discol. com face infer. pilosas e amarelada; cálice marrom amarelados. <ll>dwc_commonname:</ll> Açoita cavalo","CVRD002849",NA,"divaricata","Mart. & Zucc.","2015","11","03","17198","auto",NA,NA,NA,"Magnoliopsida",NA
"42","2020-01-31 13:35:09-03","CVRD","CVRD","2047","PreservedSpecimen","Plantae","Magnoliophyta","Fabales","Fabaceae","Tachigali","Tachigali rugosa","Geovane S. Siqueira","Menandro, M.S.","134","1988","09","04","América do Sul","BRASIL","MG","Serra Azul de Minas","Árvore em capoeira.","-43.1699981689453","-18.3619003295898",NA,NA,NA,NA,NA,"Folíolos discolores, com face ventral verde amarelada. Flores com corola verde claro e anteras amarelo ovo. Boa presença de abelhas. <ll>dwc_commonname:</ll> Carvoeiro","CVRD002047",NA,"rugosa","(Mart. ex Benth.) Zarucchi & Pipoly","2012","06","21","17198","auto",NA,NA,NA,"Magnoliopsida",NA
"43","2020-01-31 11:25:24-03","CVRD","CVRD","1873","PreservedSpecimen","Plantae","Magnoliophyta","Myrtales","Vochysiaceae","Vochysia","Vochysia magnifica","Maria Célia Vianna","Menandro, M.S.","87","1986","05","20","América do Sul","BRASIL","MG","Serra Azul de Minas","Árvore em formação secundária.","-43.1699981689453","-18.3619003295898",NA,NA,NA,NA,NA,"Folhas disc. c/ face dorsal verde escuro e ventral mais claro; inflorescências vistosas. <ll>dwc_commonname:</ll> Pau novo","CVRD001873",NA,"magnifica","Warm.","2000","06","26","17198","auto",NA,NA,NA,"Magnoliopsida",NA
"44","2020-03-09 10:32:44-03","CVRD","CVRD","1872","PreservedSpecimen","Plantae","Magnoliophyta","Laurales","Lauraceae","Nectandra","Nectandra oppositifolia","Henk van der Werff","Menandro, M.S.","86","1986","05","10","América do Sul","BRASIL","MG","Serra Azul de Minas","Árvore em formação secundária.","-43.1699981689453","-18.3619003295898",NA,NA,NA,NA,NA,"Casca com cheiro caracter., folhas discolor com face dorsal verde mais escuro; face ventral mais claras. <ll>dwc_commonname:</ll> Canela pitanga","CVRD001872",NA,"oppositifolia","Nees","1990","11","13","17198","auto",NA,NA,NA,"Magnoliopsida",NA
"45","2020-01-31 11:24:23-03","CVRD","CVRD","1878","PreservedSpecimen","Plantae","Magnoliophyta","Fabales","Fabaceae","Machaerium","Machaerium brasiliense","Carlos Victor Mendonça Filho","Menandro, M.S.","92","1986","05","30","América do Sul","BRASIL","MG","Serra Azul de Minas","Árvore em formação secundária.","-43.1699981689453","-18.3619003295898",NA,NA,NA,NA,NA,"Folhas com foliólos concolor, muitos frequentes. <ll>dwc_commonname:</ll> Uruvalheira branca","CVRD001878",NA,"brasiliense","Vogel","2000","09","20","17198","auto",NA,NA,NA,"Magnoliopsida",NA
"46","2020-01-31 13:35:18-03","CVRD","CVRD","1874","PreservedSpecimen","Plantae","Magnoliophyta","Malpighiales","Hypericaceae","Vismia","Vismia martiana","L.C. Marinho","Menandro, M.S.","88","1986","05","28","América do Sul","BRASIL","MG","Serra Azul de Minas","Árvore em formação secundária.","-43.1699981689453","-18.3619003295898",NA,NA,NA,NA,NA,"Folhas discolor com face ventraldourada, pilosa e dorsal verde. <ll>dwc_commonname:</ll> Aguirre","CVRD001874",NA,"martiana","Mart.","2014","02","19","17198","auto",NA,NA,NA,"Magnoliopsida",NA
"47","2020-03-09 10:32:37-03","CVRD","CVRD","1877","PreservedSpecimen","Plantae","Magnoliophyta","Lamiales","Bignoniaceae","Jacaranda","Jacaranda puberula",NA,"Menandro, M.S.","91","1986","05","29","América do Sul","BRASIL","MG","Serra Azul de Minas","Árvore em formação secundária.","-43.1699981689453","-18.3619003295898",NA,NA,NA,NA,NA,"<ll>dwc_commonname:</ll> Caroba","CVRD001877",NA,"puberula","Cham.",NA,NA,NA,"17198","auto",NA,NA,NA,"Magnoliopsida",NA
"48","2020-01-31 11:23:53-03","CVRD","CVRD","1876","PreservedSpecimen","Plantae","Magnoliophyta","Asterales","Asteraceae","Eremanthus","Eremanthus erythropappus","Marcelo Monge","Menandro, M.S.","90","1986","05","29","América do Sul","BRASIL","MG","Serra Azul de Minas","Árvore em formação secundária.","-43.1699981689453","-18.3619003295898",NA,NA,NA,NA,NA,"Folhas discolor, com face dorsal verde e dorsal prateada, cheiro do carne, Ótima/cercas. <ll>dwc_commonname:</ll> Candeia","CVRD001876",NA,"erythropappus","(DC.) MacLeish","2011","08","17","17198","auto",NA,NA,NA,"Magnoliopsida",NA
"49","2020-01-31 11:25:36-03","CVRD","CVRD","1879","PreservedSpecimen","Plantae","Magnoliophyta","Sapindales","Sapindaceae","Cupania","Cupania rugosa","Pedro Acevedo Rodriguez","Menandro, M.S.","93","1986","05","31","América do Sul","BRASIL","MG","Serra Azul de Minas","Árvore em formação secundária.","-43.1699981689453","-18.3619003295898",NA,NA,NA,NA,NA,"Folhas disc. com face ventral verde mais clara, com nervuras marrom claras, flores com corola branca e anteres vinho. <ll>dwc_commonname:</ll> Pau magro","CVRD001879",NA,"rugosa","Radlk.","1990","10","20","17198","auto",NA,NA,NA,"Magnoliopsida",NA
"50","2020-01-31 13:35:09-03","CVRD","CVRD","2844","PreservedSpecimen","Plantae","Magnoliophyta","Fabales","Fabaceae","Tachigali","Tachigali rugosa","Geovane S. Siqueira","Menandro, M.S.","223","1990","07","29","América do Sul","BRASIL","MG","Serra Azul de Minas","Árvore nº 239 da parcela A1 do Ensaio de Manejo Florestal.","-43.1699981689453","-18.3619003295898",NA,NA,NA,NA,NA,"Folhas discolores com face superior verde escuro e inf. amarelo. <ll>dwc_commonname:</ll> Carvoeiro","CVRD002844",NA,"rugosa","(Mart. ex Benth.) Zarucchi & Pipoly","2012","06","21","17198","auto",NA,NA,NA,"Magnoliopsida",NA
"51","2020-01-31 11:24:24-03","CVRD","CVRD","2048","PreservedSpecimen","Plantae","Magnoliophyta","Fabales","Fabaceae","Platypodium","Platypodium elegans","Haroldo C. de Lima","Menandro, M.S.","135","1988","09","04","América do Sul","BRASIL","MG","Serra Azul de Minas","Árvore no pasto. Serra Azul de Minas - MG.","-43.1699981689453","-18.3619003295898",NA,NA,NA,NA,NA,"Folíolos discolores, com face dorsal brilhante. <ll>dwc_commonname:</ll> Uruvalheira","CVRD002048",NA,"elegans","Vog.","1990","06","30","17198","auto",NA,NA,NA,"Magnoliopsida",NA
"52","2020-01-31 13:35:07-03","CVRD","CVRD","2046","PreservedSpecimen","Plantae","Magnoliophyta","Fabales","Fabaceae","Pseudopiptadenia","Pseudopiptadenia contorta","Geovane S. Siqueira","Menandro, M.S.","133","1988","09","04","América do Sul","BRASIL","MG","Serra Azul de Minas","Árvore perto do campo de futebol.","-43.1699981689453","-18.3619003295898",NA,NA,NA,NA,NA,"<ll>dwc_commonname:</ll> Angico rosa","CVRD002046",NA,"contorta","(DC.) G.P.Lewis & M.P.M.de Lima","2013","05","09","17198","auto",NA,NA,NA,"Magnoliopsida",NA
"53","2020-03-09 10:32:40-03","CVRD","CVRD","2845","PreservedSpecimen","Plantae","Magnoliophyta","Lamiales","Boraginaceae","Cordia","Cordia fusca","M.N.S. Stapf","Menandro, M.S.","224","1990","07","29","América do Sul","BRASIL","MG","Serra Azul de Minas","Folhas pilosas, com face superior mais escuro e mais áspera; cálice persistente de cor verde.","-43.1699981689453","-18.3619003295898",NA,NA,NA,NA,NA,"<ll>dwc_commonname:</ll> Manemenem","CVRD002845",NA,"fusca","M. Stapf","2012","09","27","17198","auto",NA,NA,NA,"Magnoliopsida",NA
"54","2020-03-09 10:32:40-03","CVRD","CVRD","2852","PreservedSpecimen","Plantae","Magnoliophyta","Lamiales","Boraginaceae","Cordia","Cordia fusca","M.N.S. Stapf","Menandro, M.S.","231","1990","07","23","América do Sul","BRASIL","MG","Serra Azul de Minas","Folhas pilosas, discolores com face superior mais escura e mais áspera, flores com cálice verde e anteras brancas. Parcela A2-F5 do Ensaio Man. flor.","-43.1699981689453","-18.3619003295898",NA,NA,NA,NA,NA,"<ll>dwc_commonname:</ll> Manemenem","CVRD002852",NA,"fusca","M. Stapf","2012","09","27","17198","auto",NA,NA,NA,"Magnoliopsida",NA
"55","2020-01-31 11:23:52-03","CVRD","CVRD","1875","PreservedSpecimen","Plantae","Magnoliophyta","Asterales","Asteraceae","Ageratum","Ageratum fastigiatum","Aristônio M. Teles","Menandro, M.S.","89","1986","05","28","América do Sul","BRASIL","MG","Serra Azul de Minas","No caminho para a Fazenda Tesoureiro. Arbusto em pasto com grande frequencia em terreno periodicamente algável.","-43.1699981689453","-18.3619003295898",NA,NA,NA,NA,NA,"<ll>dwc_commonname:</ll> Enxota","CVRD001875",NA,"fastigiatum","(Gardner) R.M.King & H.Rob.","2015","08","12","17198","auto",NA,NA,NA,"Magnoliopsida",NA
"56","2020-01-31 11:24:05-03","CVRD","CVRD","2843","PreservedSpecimen","Plantae","Magnoliophyta","Dilleniales","Dilleniaceae","Davilla","Davilla angustifolia","Gerardo C. Aymard","Menandro, M.S.","222","1990","07","29","América do Sul","BRASIL","MG","Serra Azul de Minas","Parcela A1 de Ensaio de Manejo Florestal.","-43.1699981689453","-18.3619003295898",NA,NA,NA,NA,NA,"Frutos maduros marrom <ll>dwc_commonname:</ll> Gurumbumba vermelha","CVRD002843",NA,"angustifolia","A. St.-Hil.","2003","04","23","17198","auto",NA,NA,NA,"Magnoliopsida",NA
"57","2020-03-09 10:32:23-03","CVRD","CVRD","2847","PreservedSpecimen","Plantae","Magnoliophyta","Apiales","Araliaceae","Didymopanax","Didymopanax vinosus","Pedro Fiaschi","Menandro, M.S.","226","1990","07","29","América do Sul","BRASIL","MG","Serra Azul de Minas","Parcela A1 do Ensaio de Manejo Florestal.","-43.1699981689453","-18.3619003295898",NA,NA,NA,NA,NA,"Folhas discolores, com face superior verde escura e inferior amarelo avermelhados. <ll>dwc_commonname:</ll> Mamoneira","CVRD002847",NA,"vinosus","(Cham. & Schltdl.) Marchal","2020","02","18","17198","auto",NA,NA,NA,"Magnoliopsida",NA
"58","2020-01-31 11:25:13-03","CVRD","CVRD","2853","PreservedSpecimen","Plantae","Magnoliophyta","Myrtales","Melastomataceae","Miconia","Miconia ibaguensis","Baumgratz, J.F.A.","Menandro, M.S.","232","1990","07","29","América do Sul","BRASIL","MG","Serra Azul de Minas","Parcela A2 - C5 do ensaio de manejo florestal. Regeneração de mata secundária manejada.","-43.1699981689453","-18.3619003295898",NA,NA,NA,NA,NA,"Folhas concolores pilosas com ramos também pilosos, flores com cálice verde, corola, estames, anteras e estilete brancos. <ll>dwc_commonname:</ll> Quaresma gurita","CVRD002853",NA,"ibaguensis","Cogn.","2000","01","21","17198","auto",NA,NA,NA,"Magnoliopsida",NA
"59","2020-01-31 13:35:20-03","CVRD","CVRD","2851","PreservedSpecimen","Plantae","Magnoliophyta","Malpighiales","Salicaceae","Casearia","Casearia sp.",NA,"Menandro, M.S.","230","1990","07","29","América do Sul","BRASIL","MG","Serra Azul de Minas","Parcela A4-F5 do Ensaio de Manejo Florestal.","-43.1699981689453","-18.3619003295898",NA,NA,NA,NA,NA,"Folhas discolores com face inferior mais claras. <ll>dwc_commonname:</ll> Calombo","CVRD002851",NA,"sp.",NA,NA,NA,NA,"17198","auto",NA,NA,NA,"Magnoliopsida",NA
"60","2020-03-09 10:32:42-03","CVRD","CVRD","2860","PreservedSpecimen","Plantae","Magnoliophyta","Lamiales","Lamiaceae","Hyptidendron","Hyptidendron asperrimum","Raymond M. Harley","Menandro, M.S.","241","1990","07","29","América do Sul","BRASIL","MG","Serra Azul de Minas","Parcela B2 - A1.","-43.1699981689453","-18.3619003295898",NA,NA,NA,NA,NA,"Folhas quase concolores, com face inferior pouco mais clara. <ll>dwc_commonname:</ll> Alfavaca estranha","CVRD002860",NA,"asperrimum","(Spreng.) Harley","1995","12","23","17198","auto",NA,NA,NA,"Magnoliopsida",NA
"61","2020-01-31 11:25:40-03","CVRD","CVRD","2854","PreservedSpecimen","Plantae","Magnoliophyta","Solanales","Solanaceae","Solanum","Solanum granulosoleprosum","João Renato Stehmann","Menandro, M.S.","233","1990","07","29","América do Sul","BRASIL","MG","Serra Azul de Minas","Próximo a casa sede da fazenda.","-43.1699981689453","-18.3619003295898",NA,NA,NA,NA,NA,"Folhas discolores, com face ventral mais clara. <ll>dwc_commonname:</ll> Capoeira branca","CVRD002854",NA,"granulosoleprosum","Dunal","2006","08","24","17198","auto",NA,NA,NA,"Magnoliopsida",NA
"62","2020-01-31 11:23:45-03","CVRD","CVRD","2848","PreservedSpecimen","Plantae","Magnoliophyta","Poales","Poaceae","Parodiolyra","Parodiolyra micrantha","Ana Paula Santos Gonçalves","Menandro, M.S.","227","1990","07","29","América do Sul","BRASIL","MG","Serra Azul de Minas","Vizinha à parcela A1 de Ensaio de Manejo Florestal.","-43.1699981689453","-18.3619003295898",NA,NA,NA,NA,NA,"<ll>dwc_commonname:</ll> Taquara orelha de burro","CVRD002848",NA,"micrantha","(Kunth) Davidse & Zuloaga","2002","10","14","17198","auto",NA,NA,NA,"Liliopsida",NA
"63","2019-12-17 10:44:54-03","UFPE","UFP","37707","PreservedSpecimen","Plantae",NA,NA,"Cyperaceae","Scleria","Scleria sp.",NA,"M.S.Menandro","221","1990","07","29",NA,"Brasil","Minas Gerais","Serra Azul de Minas","Fazenda Gurita","-43.1699981689453","-18.3619003295898",NA,NA,NA,NA,NA,"Pastp. Terrestre, herbáceo. Flor verde amarelado, folhas finamente serradas, muito agressivas. Altura total 1,5m; Pastp. Terrestre, herbáceo. Flor verde amarelado, folhas finamente serradas, muito agressivas. Altura total 1,5m","UFP037707",NA,"sp.",NA,NA,NA,NA,"17198","auto",NA,NA,NA,NA,NA
"64","2019-12-17 10:44:54-03","UFPE","UFP","37707","PreservedSpecimen","Plantae",NA,NA,"Cyperaceae","Scleria","Scleria sp.",NA,"M.S.Menadro","221","1990","07","29",NA,"Brasil","Minas Gerais","Serra Azul de Minas","Fazenda Gurita","-43.1699981689453","-18.3619003295898",NA,NA,NA,NA,NA,"Pasto. Terrestre, herbáceo. Flor verde amarelado. Folhas finamente serradas, muito agressivas. Altura total 1,5m; Pasto. Terrestre, herbáceo. Flor verde amarelado. Folhas finamente serradas, muito agressivas. Altura total 1,5m","UFP037707",NA,"sp.",NA,NA,NA,NA,"17198","auto",NA,NA,NA,NA,NA
"65","2019-07-24 16:11:51-03","SMITHSONIAN","US","3370895","PreservedSpecimen","Plantae",NA,"Rosales","Connaraceae","Bernardinia","Bernardinia fluminensis villosa",NA,"G. Hatschbach, M. M. Hatschbach & E. Barbosa","67416","1997","11","22","South America - Neotropics","Brazil","Minas Gerais","Serra Azul de Minas","Rodovia Serra Azul de Minas para Rio Vermelho, BR-259","-43.1699981689453","-18.3619003295898",NA,NA,NA,NA,NA,"<a href=http://n2t.net/ark:/65665/35a8638b9-c3cf-459d-8250-d7983b77c6ea target=other class=eLink> <mi>dwc_moreinfo</mi></a>",NA,NA,"fluminensis","(Schellenb.) Forero",NA,NA,NA,"17198","auto",NA,"villosa",NA,"Dicotyledonae",NA
"66","2019-07-24 15:54:47-03","SMITHSONIAN","US","3724821","PreservedSpecimen","Plantae",NA,"Asterales","Asteraceae","Dasyphyllum","Dasyphyllum sprengelianum","Moura, L. O.","N. Roque & A. Quaresma","3743","2012","09","26","South America - Neotropics","Brazil","Minas Gerais","Serra Azul de Minas","Planalto Diamantina, Parque Estadual do Pico do Itambe. Apos a Cachoeira do Rio Vermelho.","-43.3028","-18.3906","-43.3028","-18.3906","1182","1182",NA,"<a href=http://n2t.net/ark:/65665/310ec3442-6fee-4b40-9aba-d95c50c17c26 target=other class=eLink> <mi>dwc_moreinfo</mi></a>",NA,NA,"sprengelianum","(Gardner) Cabrera",NA,NA,NA,NA,NA,NA,NA,NA,"Dicotyledonae",NA
"67","2020-01-21 16:15:10-03","USP","SPF","199243","PreservedSpecimen","Plantae",NA,NA,"Bignoniaceae","Handroanthus","Handroanthus ochraceus","Lohmann, LG","Souza, V","371","1992","08","26",NA,"Brasil","Minas Gerais","Serra Azul de Minas","Fazenda Oliveira TesoureiroPasto.","-43.1699981689453","-18.3619003295898",NA,NA,NA,NA,NA,"Arboreo, 9m alt. Botão marrom. Flor amarela.","SPF00199243",NA,"ochraceus","(Cham.) Mattos","2009",NA,NA,"17198","auto",NA,NA,NA,NA,NA
"68","2019-10-07 09:11:43-03","UEFS","HUEFS","193123","PreservedSpecimen","Plantae","Angiospermae","Asterales","Asteraceae","Mikania","Mikania ramosissima",NA,"Quaresma, A.S.","456","2012","09","26",NA,"Brasil","Minas Gerais","Serra Azul de Minas","PEPI. Trilha para a Cachoeira do Rio Vermelho. Caminho para o poço da cachoeira.","-43.303611","-18.387778","43W18'13''","18S23'16''","1158","1158",NA,"Afloramento rochoso.","HUEFS0193123",NA,"ramosissima","Gardner",NA,NA,NA,NA,NA,NA,NA,NA,"Asteranae",NA
"69","2019-10-07 09:12:18-03","UEFS","HUEFS","84061","PreservedSpecimen","Plantae","Angiospermae","Boraginales","Boraginaceae","Cordia","Cordia fusca","M.N.S.Stapf","Menandro, M.S.","224","1990","07","29",NA,"Brasil","Minas Gerais","Serra Azul de Minas","Fazenda Gurita","-43.1699981689453","-18.3619003295898",NA,NA,NA,NA,NA,"Capoeira.","HUEFS0084061","HUEFS0084061","fusca","M.Stapf","2012","07",NA,"17198","auto",NA,NA,NA,"Asteranae",NA
"70","2020-03-19 10:52:22-03","UEFS","HUEFS","224349","PreservedSpecimen","Plantae","Angiospermae","Fabales","Leguminosae Subfam. Caesalpinioideae","Tachigali","Tachigali rugosa",NA,"Menandro, M.S.","134","1988","09","04",NA,"Brasil","Minas Gerais","Serra Azul de Minas","Fazenda Gurita.","-43.1699981689453","-18.3619003295898",NA,NA,NA,NA,NA,"Capoeira.","HUEFS0224349",NA,"rugosa","(Mart. ex Benth.) Zarucchi & Pipoly",NA,NA,NA,"17198","auto",NA,NA,NA,"Rosanae",NA
"71","2020-03-19 10:52:22-03","UEFS","HUEFS","224350","PreservedSpecimen","Plantae","Angiospermae","Fabales","Leguminosae Subfam. Caesalpinioideae","Tachigali","Tachigali rugosa",NA,"Menandro, M.S.","223","1990","07","29",NA,"Brasil","Minas Gerais","Serra Azul de Minas","Fazenda Gurita. Árvore n°239 da parcela A1 do Ensaio de Manejo Florestal.","-43.1699981689453","-18.3619003295898",NA,NA,NA,NA,NA,"Mata de Tabuleiro.","HUEFS0224350",NA,"rugosa","(Mart. ex Benth.) Zarucchi & Pipoly",NA,NA,NA,"17198","auto",NA,NA,NA,"Rosanae",NA
"72","2019-10-07 09:22:11-03","UEFS","HUEFS","50325","PreservedSpecimen","Plantae","Angiospermae","Poales","Poaceae","Olyra","Olyra micrantha","G.Davidse","Menandro, M.S.","227","1990","07","29",NA,"Brasil","Minas Gerais","Serra Azul de Minas","Fazenda Gurita. Vizinha à parcela A1 de Ensaio de Manejo Florestal.","-43.1699981689453","-18.3619003295898",NA,NA,NA,NA,NA,"Mata de tabuleiro","HUEFS0050325","HUEFS0050325","micrantha","Kunth","1994","09",NA,"17198","auto",NA,NA,NA,"Lilianae",NA
"73","2018-12-03 11:17:11-02","CEPLAC","CEPEC","42290","S","Plantae",NA,NA,"Fabaceae","Machaerium","Machaerium acutifolium","T. S. dos Santos","M. S. Menandro","92","1986","05","30",NA,"Brasil","Minas Gerais","serra azul de minas","Faz. Gurita.","-43.1699981689453","-18.3619003295898",NA,NA,NA,NA,NA,"<ll>dwc_commonname:</ll> Uruvalheira",NA,NA,"acutifolium",NA,NA,NA,NA,"17198","auto",NA,NA,NA,NA,"29/10/1987"
"74","2018-12-03 11:11:39-02","CEPLAC","CEPEC","42264","S","Plantae",NA,NA,"Clusiaceae","Vismia","Vismia ferruginea","T. S. dos Santos","M. S. Menandro","88","1986","05","28",NA,"Brasil","Minas Gerais","serra azul de minas","Faz. Gurita.","-43.1699981689453","-18.3619003295898",NA,NA,NA,NA,NA,"<ll>dwc_commonname:</ll> Ruao",NA,NA,"ferruginea",NA,NA,NA,NA,"17198","auto",NA,NA,NA,NA,"29/10/1987"
"75","2018-12-03 11:06:24-02","CEPLAC","CEPEC","42257","S","Plantae",NA,NA,"Asteraceae","Platypodanthera","Platypodanthera melissifolia","T. S. dos Santos","M. S. Menandro","89","1986","05","28",NA,"Brasil","Minas Gerais","serra azul de minas","Faz. Gurita, caminho para Faz. Tesoureiro.","-43.1699981689453","-18.3619003295898",NA,NA,NA,NA,NA,"<ll>dwc_commonname:</ll> Enxota",NA,NA,"melissifolia",NA,NA,NA,NA,"17198","auto",NA,NA,NA,NA,"29/10/1987"
"76","2018-12-03 11:21:51-02","CEPLAC","CEPEC","83781","S","Plantae",NA,NA,"Malpighiaceae","Niedenzuella","Niedenzuella acutifolia","A. M. Amorim","G. Hatschbach","67409","1997","11","22",NA,"Brasil","Minas Gerais","serra azul de minas","Rod. Serra Azul de Minas/Rio Vermelho, BR-259. Orla da mata.","-43.1699981689453","-18.3619003295898",NA,NA,NA,NA,NA,NA,NA,NA,"acutifolia",NA,NA,NA,NA,"17198","auto",NA,NA,NA,NA,"30/12/2012"
"77","2019-02-27 14:03:15-03","UFSJ","HUFSJ","3873","S","Plantae",NA,NA,"Myrtaceae","Myrcia","Myrcia splendens","Sobral, M","Menandro, MS","229","1990","07","29",NA,"Brasil","Minas Gerais","Serra Azul de Minas","Fazenda Gurita.","-43.1699981689453","-18.3619003295898",NA,NA,NA,NA,NA,"Porte arbóreo, flor verde claro, altura total 8m.","HUFSJ003873",NA,"splendens","(Sw.) DC.","2013","01","29","17198","auto",NA,NA,NA,NA,NA
"78","2019-02-27 14:03:15-03","UFSJ","HUFSJ","3878","S","Plantae",NA,NA,"Myrtaceae","Myrcia","Myrcia splendens","Sobral, M","Souza, VD","372","1992","08","26",NA,"Brasil","Minas Gerais","Serra Azul de Minas","Fazenda Oliveira Tesoureiro.","-43.1699981689453","-18.3619003295898",NA,NA,NA,NA,NA,"Porte arbóreo, botão verde claro, flor branca, fuste cilindrica, superficie da casca áspera, altura total 4m, altura da fuste 2m, diâmetro da copa 3m.","HUFSJ003878",NA,"splendens","(Sw.) DC.","2013","01","29","17198","auto",NA,NA,NA,NA,NA
"79","2020-03-02 13:40:57-03","UFSC","FLOR","59871","PreservedSpecimen","Plantae",NA,"Apiales","Araliaceae","Schefflera","Schefflera vinosa","Fiaschi, P.","Menandro, M.S.","226","1990","07","29",NA,"Brasil","Minas Gerais","Serra Azul de Minas","Parcela A1 do Ensaio de Manejo Florestal.","-43.1699981689453","-18.3619003295898",NA,NA,NA,NA,NA,"Arbóreo, botão cor ferrugíneo, folhas discolores, com face superior verde escura e inferior amarelo avermelhados. Ecossistema: Capoeira. Forma de vida: terrestre. Doação do Herbário CVRD 2847.","FLOR0059871","FLOR0059871","vinosa","(Cham. & Schltdl.) Frodin & Fiaschi","2015","02","23","17198","auto",NA,NA,NA,NA,NA
"80","2020-03-02 13:45:31-03","UFSC","FLOR","36983","PreservedSpecimen","Plantae",NA,"Myrtales","Myrtaceae","Psidium","Psidium rufum",NA,"Hatschbach, G.; Hatschbach, M. & Barbosa, E.","67410","1997","11","22",NA,"Brasil","Minas Gerais","Serra Azul de Minas","Rodovia Serra Azul de Minas para Rio Vermelho, Rod. BR-259.","-43.1699981689453","-18.3619003295898",NA,NA,NA,NA,NA,"arvoreta, flor alva, 3m altura","FLOR0036983",NA,"rufum","(O.Berg) Proença",NA,NA,NA,"17198","auto",NA,NA,NA,NA,NA
"81","2020-03-02 13:45:24-03","UFSC","FLOR","29123","PreservedSpecimen","Plantae",NA,"Myrtales","Myrtaceae","Myrcia","Myrcia fallax","Kawasaki, M.L.","Hatschbach, G.; Hatschbach, M. & Barbosa, E.","67405","1997","11","22",NA,"Brasil","Minas Gerais","Serra Azul de Minas","Rod. Serra Azul de Minas para Rio Vermelho, BR-259.","-43.1699981689453","-18.3619003295898",NA,NA,NA,NA,NA,"arvoreta, flor preto, 4m altura","FLOR0029123",NA,"fallax","DC.",NA,NA,NA,"17198","auto",NA,NA,NA,NA,NA
"82","2020-03-06 14:31:47-03","UFRGS","ICN","086012","S","Plantae","Dicotyledon",NA,"Sapindaceae","Cupania","Cupania cf. vernalis","Sobral, M","Menandro, MS","93","1986","05","31","América do Sul","Brasil","MG","Serra Azul de Minas","Fazenda Gurita","-43.1699981689453","-18.3619003295898",NA,NA,"900","900",NA,"Nº de acervo original: 52","ICN00002263","ICN00002263","cf. vernalis","Cambess.","1986","12",NA,"17198","auto",NA,NA,NA,NA,NA
"83","2020-03-06 14:22:42-03","UFRGS","ICN","086007","S","Plantae","Dicotyledon",NA,"Asteraceae","Ageratum","Ageratum fastigiatum","Fernandes, AC","Menandro, MS","89","1986","05","28","América do Sul","Brasil","MG","Serra Azul de Minas","Fazenda Gurita Caminho Fazenda Tesoureiro","-43.1699981689453","-18.3619003295898",NA,NA,NA,NA,NA,"Reserva Florestal da C.V.R.D.",NA,NA,"fastigiatum","(Gardner) R.M. King & H.Rob.","2013","07",NA,"17198","auto",NA,NA,NA,NA,NA
"84","2019-11-21 10:12:04-03","IBt","SP","328160","S","Plantae",NA,NA,"Myrtaceae","Myrcia","Myrcia fallax","Kawasaki, ML","Hatschbach, G; et al.","67405","1997","11","22",NA,"Brasil","Minas Gerais","Serra Azul de Minas","Rod. Serra Azul de Minas para Rio Vermelho, BR 259.","-43.1699981689453","-18.3619003295898",NA,NA,NA,NA,NA,"Arvoreta 4m alt, frutos pretos. Floresta.",NA,NA,"fallax","(Rich.) DC.","1998",NA,NA,"17198","auto",NA,NA,NA,NA,NA
