"record_id","modified","institutionCode","collectionCode","catalogNumber","basisOfRecord","kingdom","phylum","order","family","genus","specificEpithet","scientificName","scientificNameAuthorship","recordedBy","recordNumber","year","month","day","continentOcean","country","stateProvince","county","locality","decimalLongitude","decimalLatitude","verbatimLongitude","verbatimLatitude","preparationType","occurrenceRemarks","barcode","imagecode","infraspecificEpithet","identifiedBy","yearIdentified","coordinatePrecision","geoFlag","class","monthIdentified","dayIdentified","minimumElevationInMeters","maximumElevationInMeters","individualCount","typeStatus"
"1","2019-12-16 18:35:43-03","NYBG","NYBG","00957102","PreservedSpecimen","Plantae","Magnoliophyta","Piperales","Piperaceae","Piper","aduncum","Piper aduncum","L.","M. Kuhlmann","s.n.","1934","12","01","South America","Brazil","Minas Gerais","Teixeiras","Teixeiras.","-42.8567","-20.6511","-42.8567","-20.6511","sheet","<a href=http://sweetgum.nybg.org/science/vh/specimen_details.php?irn=1086259 target=other class=eLink> <mi>dwc_moreinfo</mi></a>","NY00957102","NY00957102",NA,NA,NA,NA,NA,NA,NA,NA,NA,NA,NA,NA
"2","2019-12-16 17:27:44-03","NYBG","NYBG","605570","PreservedSpecimen","Plantae","Magnoliophyta","Fabales","Fabaceae","Platypodium","elegans","Platypodium elegans elegans","Vogel","H. S. Irwin","2226","1958","12","07","South America","Brazil","Minas Gerais","Teixeiras","4 km. N. of Teixeiras on road to Ponte Nova.","-42.8567","-20.6511","-42.8567","-20.6511","sheet","<a href=http://sweetgum.nybg.org/science/vh/specimen_details.php?irn=707685 target=other class=eLink> <mi>dwc_moreinfo</mi></a>","NY00605570","NY00605570","elegans","H. C. de Lima","1986",NA,NA,NA,NA,NA,NA,NA,NA,NA
"3","2019-12-16 17:28:19-03","NYBG","NYBG","2609113","PreservedSpecimen","Plantae","Magnoliophyta","Fabales","Fabaceae","Senegalia","tenuifolia","Senegalia tenuifolia","(L.) Britton & Rose","G. M. Magalhaes","s.n.","1961","12","12","South America","Brazil","Minas Gerais","Teixeiras","estrada de Vicosa para Teixeira","-42.8567008972168","-20.6511001586914",NA,NA,"sheet","<a href=http://sweetgum.nybg.org/science/vh/specimen_details.php?irn=2916464 target=other class=eLink> <mi>dwc_moreinfo</mi></a>","NY02609113","NY02609113",NA,"D. S. Seigler","2013","10355","auto",NA,NA,NA,NA,NA,NA,NA
"4","2019-12-16 17:28:19-03","NYBG","NYBG","2609114","PreservedSpecimen","Plantae","Magnoliophyta","Fabales","Fabaceae","Senegalia","tenuifolia","Senegalia tenuifolia","(L.) Britton & Rose","G. M. Magalhaes","s.n.","1961","12","12","South America","Brazil","Minas Gerais","Teixeiras","estrada de Vicosa para Teixeira","-42.8567008972168","-20.6511001586914",NA,NA,"sheet","<a href=http://sweetgum.nybg.org/science/vh/specimen_details.php?irn=2916465 target=other class=eLink> <mi>dwc_moreinfo</mi></a>","NY02609114","NY02609114",NA,"D. S. Seigler","2013","10355","auto",NA,NA,NA,NA,NA,NA,NA
"5","2019-11-04 10:45:24-03","UFRJ","RFA","20137","Preservedecimen","Plantae",NA,NA,"Dilleniaceae","Davilla","rugosa","Davilla rugosa","Poir.","Fontella; V. Vidal, R. Vidal; R. Fortuna; P. Coons","1021","1978","05","21",NA,"Brasil","Minas Gerais","Teixeiras","Estrada de Teixeiras à Pedra do Anta à 12 km da ponte sobre o Ribeirão São Silvestre e à 4 km da cidade de Teixeiras, á beira da estrada","-42.8567008972168","-20.6511001586914",NA,NA,NA,"Escandente heliófilo de flores amarelas; botões verdes ou avermelhados","RFA40012",NA,NA,NA,NA,"10355","auto",NA,NA,NA,NA,NA,NA,NA
"6","2018-12-21 14:46:33-02","UNESP-IBILCE","SJRP-PTERIDOPHYTA","05379","S","Plantae","Pteridophyta",NA,"Hymenophyllaceae","Trichomanes","polypodioides","Trichomanes polypodioides","Raddi","Máxio F. Morel","160","1990","02","25","América do Sul","Brasil","Minas Gerais","Teixeira","km 45 ponte nova-viçosa",NA,NA,NA,NA,NA,"GEOGRAFIA: barranco sombreado;",NA,NA,NA,"V.A. de O. Dittrich","2003",NA,NA,"Filicopsida","03","01",NA,NA,NA,NA
"7","2019-07-11 08:57:06-03","ESALQ","ESA","70107","S","Plantae","Magnoliophyta",NA,"Poaceae","Panicum","pinicilatum","Panicum pinicilatum","Nees","Krieger, L.","CESJ 11980","1973","01","01",NA,"Brasil","Minas Gerais","Pedro Teixeira",NA,"-43.7456016540527","-21.7063999176025",NA,NA,NA,NA,"ESA070107","ESA070107",NA,NA,NA,"11303","auto",NA,NA,NA,NA,NA,NA,NA
"8","2020-02-13 14:06:24-03","MN","R","1443","S","Plantae",NA,NA,"Anemiaceae","Anemia","phyllitidis","Anemia phyllitidis","(L.) Sw.","Sampaio, A.J.","968","1909","10","05",NA,"Brasil","Minas Gerais","Teixeira Soares","Fazenda de Santa Alda",NA,NA,NA,NA,NA,NA,"R010043485,R010043486,R010043487","R010043485 R010043486 R010043487",NA,"Mickel, J.T.","1961",NA,NA,NA,NA,NA,NA,NA,NA,NA
"9","2020-02-13 14:06:24-03","MN","R","1444","S","Plantae",NA,NA,"Anemiaceae","Anemia","phyllitidis","Anemia phyllitidis","(L.) Sw.","Sampaio, A.J.","648","1907","11","20",NA,"Brasil","Minas Gerais","Teixeira Soares","Linha de Mariana",NA,NA,NA,NA,NA,"Herv. de Sant'Alda","R010043490,R010040601,R010040602","R010040601 R010040602 R010043490",NA,"Mickel, J.T.","2005",NA,NA,NA,NA,NA,NA,NA,NA,NA
"10","2020-02-13 14:06:24-03","MN","R","217363","S","Plantae",NA,NA,"Anemiaceae","Anemia","phyllitidis","Anemia phyllitidis","(L.) Sw.","Sampaio, A.J.","748","1908","04",NA,NA,"Brasil","Minas Gerais","Teixeira Soares",NA,NA,NA,NA,NA,NA,"Herv. de Sant'Alda","R010040590,R010040600","R010040590 R010040600",NA,"Mickel, J.T.","2005",NA,NA,NA,NA,NA,NA,NA,NA,NA
"11","2020-02-13 14:09:23-03","MN","R","67507","S","Plantae",NA,NA,"Fabaceae","Bauhinia","forficata","Bauhinia forficata","Link","Saldanha da Gama, J.","717","1908","04",NA,NA,"Brasil","Minas Gerais","Teixeiras Soares",NA,NA,NA,NA,NA,NA,"Hervário de Sant' Alda.",NA,NA,NA,NA,NA,NA,NA,NA,NA,NA,NA,NA,NA,NA
"12","2020-02-13 14:13:34-03","MN","R","39442","S","Plantae",NA,NA,"Urticaceae","Boehmeria",NA,"Boehmeria",NA,"Sampaio, A.J.","650","1907","12",NA,NA,"Brasil","Minas Gerais","Teixeira Soares",NA,NA,NA,NA,NA,NA,NA,NA,NA,NA,NA,NA,NA,NA,NA,NA,NA,NA,NA,NA,NA
"13","2020-02-13 14:09:31-03","MN","R","64760","S","Plantae",NA,NA,"Fabaceae","Canavalia","parviflora","Canavalia parviflora","Benth.","Sampaio, A.J.","722","1908","04","25",NA,"Brasil","Minas Gerais","Teixeiras Soares",NA,NA,NA,NA,NA,NA,NA,NA,NA,NA,"Sauer, J.D.","1962",NA,NA,NA,NA,NA,NA,NA,NA,NA
"14","2020-03-04 09:17:58-03","MN","R","236132","S","Plantae",NA,NA,"Dryopteridaceae","Ctenitis","deflexa","Ctenitis deflexa","(Kaulf.) Copel.","Sampaio, A.J.","747","1908","04",NA,NA,"Brasil","Minas Gerais","Teixeira Soares",NA,NA,NA,NA,NA,NA,NA,"R010046432",NA,NA,"Salino, A.","2001",NA,NA,NA,"11",NA,NA,NA,NA,NA
"15","2020-02-13 14:09:46-03","MN","R","64705","S","Plantae",NA,NA,"Fabaceae","Dahlstedtia","pinnata","Dahlstedtia pinnata","(Benth.) Malme","Sampaio, A. J.","848",NA,NA,NA,NA,"Brasil","Minas Gerais","Teixeira Soares","Fazendo Santa Alda",NA,NA,NA,NA,NA,NA,"R010044803",NA,NA,NA,NA,NA,NA,NA,NA,NA,NA,NA,NA,NA
"16","2020-03-04 09:17:58-03","MN","R","1233","S","Plantae",NA,NA,"Dryopteridaceae","Dryopteris","deflexa","Dryopteris deflexa","(Kaulf.) C.Chr.","Sampaio, A.J.","7 47","1908","04","30",NA,"Brasil","Minas Gerais","Teixeira Soares",NA,NA,NA,NA,NA,NA,NA,"R010045762",NA,NA,"Sampaio, A.J.",NA,NA,NA,NA,NA,NA,NA,NA,NA,NA
"17","2020-02-13 14:06:14-03","MN","R","4441","S","Plantae",NA,NA,"Alismataceae","Echinodorus","grandiflorus","Echinodorus grandiflorus","(Cham. & Schhdl.) Micheli","Sampaio, A.J.","791","1908","07",NA,NA,"Brasil","Minas Gerais","Teixeira Soares","Fazenda de Santa Alda",NA,NA,NA,NA,NA,NA,"R010057200,R010057198,R010057199","R010057198 R010057199 R010057200",NA,"Rego, S.A.","1988",NA,NA,NA,"02","18",NA,NA,NA,NA
"18","2020-02-13 14:10:00-03","MN","R","6751","S","Plantae",NA,NA,"Fabaceae","Enterolobium","tamboril","Enterolobium tamboril","Mart.","Sampaio, A.J.","879","1908","10",NA,NA,"Brasil","Minas Gerais","Teixeira Soares","Fazenda de S. Alda",NA,NA,NA,NA,NA,NA,NA,NA,NA,"Mesquita, A.L.",NA,NA,NA,NA,NA,NA,NA,NA,NA,NA
"19","2020-02-13 14:07:34-03","MN","R","48611","S","Plantae",NA,NA,"Asteraceae","Heterocondylus","alatus","Heterocondylus alatus","(Vell.) R.M. King & H. Rob.","Sampaio, A.J.","581","1907","06",NA,NA,"Brasil","Minas Gerais","Teixeira Soares",NA,NA,NA,NA,NA,NA,NA,NA,NA,NA,"Esteves, R.L.","1996",NA,NA,NA,"04","20",NA,NA,NA,NA
"20","2020-02-13 14:10:13-03","MN","R","5835","S","Plantae",NA,NA,"Fabaceae","Inga","capitata","Inga capitata","Desv.","Sampaio, A.J.","809","1908",NA,NA,NA,"Brasil","Minas Gerais","Teixeira Soares",NA,NA,NA,NA,NA,NA,NA,NA,NA,NA,"Garcia, F.C.P.","1999",NA,NA,NA,"02",NA,NA,NA,NA,NA
"21","2020-02-13 14:10:49-03","MN","R","131748","S","Plantae",NA,NA,"Fabaceae","Platypodium","elegans","Platypodium elegans","Vogel","Irwin, H.S.","2226","1958","12","07",NA,"Brasil","Minas Gerais","Teixeiras",NA,"-42.8567008972168","-20.6511001586914",NA,NA,NA,NA,NA,NA,NA,NA,NA,"10355","auto",NA,NA,NA,NA,NA,NA,NA
"22","2020-03-10 08:30:22-03","UFV","VIC","5268","PreservedSpecimen","Plantae",NA,NA,"Polygalaceae","Bredemeyera","laurifolia","Bredemeyera laurifolia","Kl.","Fontella; et al.","1020","1978","05","21",NA,"Brasil","Minas Gerais","Teixeira","Estrada de Teixeiras em direção a Pedra do Anta",NA,NA,NA,NA,NA,"Á beira de estrada, solo argiloso vermelho,escandente heliófilo.chegando a 3 m, flores alvas ou amarelo pálidas,frutos de cor verde.","VIC005268","VIC005268",NA,NA,NA,NA,NA,NA,NA,NA,NA,NA,NA,NA
"23","2020-03-10 08:30:22-03","UFV","VIC","8968","PreservedSpecimen","Plantae",NA,NA,"Polygalaceae","Diclidanthera","laurifolia","Diclidanthera laurifolia","Mart","Zanuncio, T.V.","s.n.","1984","09","28",NA,"Brasil","Minas Gerais","Teixeira",NA,NA,NA,NA,NA,NA,"Arbusto de pétalas brancas , sépalas verdes, exposta ao sol, solo seco, de ca 2 m de altura.","VIC008968","VIC008968",NA,NA,NA,NA,NA,NA,NA,NA,NA,NA,NA,NA
"24","2020-03-10 08:29:34-03","UFV","VIC","1637","PreservedSpecimen","Plantae",NA,NA,"Moraceae","Maclura",NA,"Maclura",NA,"Kulhmann, J.G.","s.n.","1934","11","11",NA,"Brasil","Minas Gerais","Teixeira","Bom Jardim",NA,NA,NA,NA,NA,NA,"VIC001637",NA,NA,NA,NA,NA,NA,NA,NA,NA,NA,NA,NA,NA
"25","2020-03-10 08:30:05-03","UFV","VIC","26325","PreservedSpecimen","Plantae",NA,NA,"Passifloraceae","Passiflora",NA,"Passiflora","L.",NA,"s.n.",NA,NA,NA,NA,"Brasil","Minas Gerais","Pedro Teixeira",NA,"-43.7456016540527","-21.7063999176025",NA,NA,NA,NA,"VIC026325","VIC026325",NA,NA,NA,"11303","auto",NA,NA,NA,NA,NA,NA,NA
"26","2020-03-10 08:30:07-03","UFV","VIC","23311","PreservedSpecimen","Plantae",NA,NA,"Passifloraceae","Passiflora","suberosa","Passiflora suberosa litoralis","L.","Valente, G.E.","425","1999","04","24",NA,"Brasil","Minas Gerais","Teixeira","BR que liga Teixeiras a Ponte nova KM 616",NA,NA,NA,NA,NA,"Trepadeira de flor verde claro com estaminoides formando um disco arroxeadao em torno do androginóforo,que tambem é verde claro, fruto pequenino verde.","VIC023311","VIC023311","litoralis",NA,NA,NA,NA,NA,NA,NA,NA,NA,NA,NA
"27","2020-03-10 08:30:56-03","UFV","VIC","001788","PreservedSpecimen","Plantae",NA,NA,"Urticaceae","Urera","caracasana","Urera caracasana","(Jacq.) Gaudich. ex Griseb","Kulhmann","s.n.","1934","11","11",NA,"Brasil","Minas Gerais","Teixeira","Bom Jardim",NA,NA,NA,NA,NA,NA,"VIC001788","VIC001788",NA,NA,NA,NA,NA,NA,NA,NA,NA,NA,NA,NA
"28","2020-03-10 08:26:39-03","UFV","VIC","6616","PreservedSpecimen","Plantae",NA,NA,"Amaranthaceae","Amaranthus","lividus","Amaranthus lividus","L.","Coons, M.P.","429","1977","09","04",NA,"Brasil","Minas Gerais","Teixeiras",NA,"-42.8567008972168","-20.6511001586914",NA,NA,NA,"Ruderal. Erva com flores verdes. Menos comum em Teixeiras do que em Viçosa.","VIC006616","VIC006616",NA,"Coons, M.P.","1978","10355","auto",NA,"12","10",NA,NA,NA,NA
"29","2020-03-10 08:26:32-03","UFV","VIC","18707F","PreservedSpecimen","Plantae",NA,NA,NA,"Catacauma","hammarii","Catacauma hammarii","(Henn.) Theiss. & Syd.","Muller, A.S.","214","1929","10","06",NA,"Brasil","Minas Gerais","Teixeiras",NA,"-42.8567008972168","-20.6511001586914",NA,NA,NA,"Machaerium nigrum Vog.","VIC18707F",NA,NA,NA,NA,"10355","auto",NA,NA,NA,NA,NA,NA,NA
"30","2020-03-10 08:28:13-03","UFV","VIC","18709F","PreservedSpecimen","Plantae",NA,NA,"Cryptobasidiaceae","Drepanoconis","larviformis","Drepanoconis larviformis","Speg.","Muller, A.S.","306","1929","10","17",NA,"Brasil","Minas Gerais","Teixeiras",NA,"-42.8567008972168","-20.6511001586914",NA,NA,NA,NA,"VIC18709F",NA,NA,"Balcer; Rodge",NA,"10355","auto",NA,NA,NA,NA,NA,NA,NA
"31","2020-03-10 08:26:35-03","UFV","VIC","7745","PreservedSpecimen","Plantae",NA,NA,"Acanthaceae","Pachystachys","lutea","Pachystachys lutea","Nees","Pereira, J.J.","s.n.","1982","11","01",NA,"Brasil","Minas Gerais","Teixeiras",NA,"-42.8567008972168","-20.6511001586914",NA,NA,NA,"Trabalho prático de BVE 230.","VIC007745","VIC007745",NA,"Vieira, M.F.","1983","10355","auto",NA,"02","25",NA,NA,NA,NA
"32","2020-03-10 08:26:46-03","UFV","VIC","24592","PreservedSpecimen","Plantae",NA,NA,"Anemiaceae","Anemia","mickelii","Anemia mickelii","Schwartsburd, P.B. & Rabelo, L.S.","Valente, G.E.","455","2000","04","11",NA,"Brasil","Minas Gerais","Teixeiras",NA,"-42.8567008972168","-20.6511001586914",NA,NA,NA,"erva crescendo em barranco sombreado úmido","VIC024592","VIC024592",NA,"Valente, G.E.","2000","10355","auto",NA,"04","11",NA,NA,NA,NA
"33","2020-03-10 08:26:39-03","UFV","VIC","6097","PreservedSpecimen","Plantae",NA,NA,"Amaranthaceae","Amaranthus","cruentus","Amaranthus cruentus","L.","Coons, M.P.","424","1977","09","04",NA,"Brasil","Minas Gerais","Teixeiras",NA,"-42.8567008972168","-20.6511001586914",NA,NA,NA,NA,"VIC006097","VIC006097",NA,"Coons, M.P.","1977","10355","auto",NA,"09","04",NA,NA,NA,NA
"34","2020-03-10 08:28:13-03","UFV","VIC","5416","PreservedSpecimen","Plantae",NA,NA,"Cruciferae","Brassica",NA,"Brassica",NA,"Coons, M.P.","435","1977","09","04",NA,"Brasil","Minas Gerais","Teixeiras",NA,"-42.8567008972168","-20.6511001586914",NA,NA,NA,"Ruderal, ao lado da rua. Erva de menos de 1,0 metro de altura. Flores amarelas. Não comum.","VIC005416","VIC005416",NA,"Coons, M.P.","1977","10355","auto",NA,"09","04",NA,NA,NA,NA
"35","2020-03-10 08:30:05-03","UFV","VIC","5284","PreservedSpecimen","Plantae",NA,NA,"Passifloraceae","Passiflora","alata","Passiflora alata","Curti","Fontella; et al.","s.n.","1978","05","22",NA,"Brasil","Minas Gerais","Teixeiras",NA,"-42.8567008972168","-20.6511001586914",NA,NA,NA,"LOcal degradado a beira de estrada,solo argiloso vermelho,com capim gordura,escandente heliofila,frutos de cor verde.","VIC005284","VIC005284",NA,NA,NA,"10355","auto",NA,NA,NA,NA,NA,NA,NA
"36","2020-03-10 08:30:07-03","UFV","VIC","18705F","PreservedSpecimen","Plantae",NA,NA,"Phyllachoraceae","Phyllachora","paraguaya","Phyllachora paraguaya","Speg.","A.S.Muller","395","1929","10","06",NA,"Brasil","Minas Gerais","Teixeiras",NA,"-42.8567008972168","-20.6511001586914",NA,NA,NA,"Luhea divaricata L.","VIC18705F",NA,NA,NA,NA,"10355","auto",NA,NA,NA,NA,NA,NA,NA
"37","2020-03-10 08:26:39-03","UFV","VIC","5495","PreservedSpecimen","Plantae",NA,NA,"Amaranthaceae","Alternanthera","flavescens","Alternanthera flavescens","HBK","Coons, M.P.","434","1977","09","04",NA,"Brasil","Minas Gerais","Teixeiras",NA,"-42.8567008972168","-20.6511001586914",NA,NA,NA,"Ruderal na cidade. Flores brancas.","VIC005495","VIC005495",NA,"Coons, M.P.","1980","10355","auto",NA,NA,NA,NA,NA,NA,NA
"38","2020-03-10 08:29:50-03","UFV","VIC","5408","PreservedSpecimen","Plantae",NA,NA,"Oxalidaceae","Oxalis","debilis","Oxalis debilis","Kunth","Coons, M.P.","77436","1977","09","04",NA,"Brasil","Minas Gerais","Teixeiras",NA,"-42.8567008972168","-20.6511001586914",NA,NA,NA,"Erva de flor róseo lilás, sempre meio fechada, planta ruderal, ao lado de uma casa ocasional na área.","VIC005408","VIC005408",NA,NA,NA,"10355","auto",NA,NA,NA,NA,NA,NA,NA
"39","2020-03-10 08:26:39-03","UFV","VIC","6615","PreservedSpecimen","Plantae",NA,NA,"Amaranthaceae","Amaranthus","lividus","Amaranthus lividus","L.","Coons, M.P.","428","1977","09","04",NA,"Brasil","Minas Gerais","Teixeiras","Ao lado da casa.","-42.8567008972168","-20.6511001586914",NA,NA,NA,"Caule avermelhado. Flores verdes.","VIC006615","VIC006615",NA,"Coons, M.P.","1978","10355","auto",NA,"12","10",NA,NA,NA,NA
"40","2020-03-10 08:26:42-03","UFV","VIC","6614","PreservedSpecimen","Plantae",NA,NA,"Amaranthaceae","Amaranthus","viridis","Amaranthus viridis","L.","Coons, M.P.","431","1977","09","04",NA,"Brasil","Minas Gerais","Teixeiras","Ao lado de casa.","-42.8567008972168","-20.6511001586914",NA,NA,NA,"Erva meio decumbente. Flores verdes. Encontrada apenas neste lugar na cidade.","VIC006614","VIC006614",NA,"Coons, M.P.","1978","10355","auto",NA,"12","10",NA,NA,NA,NA
"41","2020-03-10 08:26:39-03","UFV","VIC","5592","PreservedSpecimen","Plantae",NA,NA,"Amaranthaceae","Alternanthera","tenella","Alternanthera tenella","Colla","Coons, M.P.","433","1977","09","04",NA,"Brasil","Minas Gerais","Teixeiras","Ao lado de córrego d'água.","-42.8567008972168","-20.6511001586914",NA,NA,NA,"Erva meio decumbente. Flores brancas. Planta ruderal. Comum.","VIC005592","VIC005592",NA,"Coons, M.P.","1980","10355","auto",NA,NA,NA,NA,NA,NA,NA
"42","2020-03-10 08:26:57-03","UFV","VIC","5271","PreservedSpecimen","Plantae",NA,NA,"Asclepiadaceae","Oxypetalum","jacobinae","Oxypetalum jacobinae","Decne.","Fontella, J.P.; et al.","1023","1978","05","21",NA,"Brasil","Minas Gerais","Teixeiras","BR 120, Em direção à Ponte Nova, à 4,0 Km, do Ribeirão Teixeiras. À beira da estrada, solo argiloso, vermelho.","-42.8567008972168","-20.6511001586914",NA,NA,NA,"Escandente, latescente, látex alvo leitoso, abundante. Cálice vinoso ou verde-pálido. Tubo da corola esternamente vinoso claro, internamente alvo. Lobos da corola verde pálidos. Corona verde pálida. Anteras amarelas, retináculo castanh","VIC005271","VIC005271",NA,"Fontella, J.P.","1988","10355","auto",NA,"11","03",NA,NA,NA,NA
"43","2020-03-10 08:28:29-03","UFV","VIC","5273","PreservedSpecimen","Plantae",NA,NA,"Euphorbiaceae","Euphorbia","comosa","Euphorbia comosa","Vell.","Fontella, J.P.; et al.","1025","1978","05","21",NA,"Brasil","Minas Gerais","Teixeiras","BR 120 em direção à Ponte Nova, Beira de estrada, solo argiloso vermelho.","-42.8567008972168","-20.6511001586914",NA,NA,NA,"Planta herbácea, 30-40 cm de altura, esporadica; flores verdes ou avermelhadas. Brácteas dorsalmente avermelhadas. Látex alvo. Junot com outras plantas ruderais.","VIC005273","VIC005273",NA,NA,NA,"10355","auto",NA,NA,NA,NA,NA,NA,NA
"44","2020-03-10 08:28:29-03","UFV","VIC","5283","PreservedSpecimen","Plantae",NA,NA,"Euphorbiaceae","Dalechampia","pentaphylla","Dalechampia pentaphylla","Lam.","Fontella, J.P.; et al.","1030","1978","05","22",NA,"Brasil","Minas Gerais","Teixeiras","BR 120 em direção à Ponte Nova, Local degradado, beira de estrada, solo argiloso vermelho com capim gordura.","-42.8567008972168","-20.6511001586914",NA,NA,NA,"Planta escandente, latescente, brácteas verdes; flores amarelas.","VIC005283","VIC005283",NA,NA,NA,"10355","auto",NA,NA,NA,NA,NA,NA,NA
"45","2020-03-10 08:30:00-03","UFV","VIC","25874","PreservedSpecimen","Plantae",NA,NA,"Papilionoideae","Machaerium","hirtum","Machaerium hirtum","(Vell.) Stellfeld","Valente, G.E.","842","2001","06","18",NA,"Brasil","Minas Gerais","Teixeiras","BR Teixeiras - Ponte Nova, Beira de estrada, cerca de 200 metros após o Motel Chalé em direção à Ponte Nova.","-42.8567008972168","-20.6511001586914",NA,NA,NA,"Árvore, c.a. de 6,0 metros de altura. Fruto do tipo sâmara com núcleo seminífero basal e semente solítária. Com fruto na carpoteca sob nº 478.","VIC025874","VIC025874",NA,"Filardi, F.L.R.","2009","10355","auto",NA,"12",NA,NA,NA,NA,NA
"46","2020-03-10 08:29:56-03","UFV","VIC","25587","PreservedSpecimen","Plantae",NA,NA,"Papilionoideae","Dalbergia","nigra","Dalbergia nigra","(Vell.) Allemao ex Benth.","Valente, G.E.","636","2001","03","28",NA,"Brasil","Minas Gerais","Teixeiras","BR Teixeiras - Viçosa, À esquerda da BR, em direção à Viçosa, c.a. de 1,0 Km de Teixeiras.","-42.8567008972168","-20.6511001586914",NA,NA,NA,"Planta com c.a. de 6,0 metros de altura. Fruto plano com núcleo seminífero mediano, semente solitária ou não.","VIC025587","VIC025587",NA,NA,"2002","10355","auto",NA,"07",NA,NA,NA,NA,NA
"47","2020-03-10 08:30:00-03","UFV","VIC","25588","PreservedSpecimen","Plantae",NA,NA,"Papilionoideae","Machaerium","brasiliense","Machaerium brasiliense","Vogel","Valente, G.E.","637","2001","03","28",NA,"Brasil","Minas Gerais","Teixeiras","BR Teixeiras - Viçosa, À esquerda da BR, em direção à Viçosa, c.a. de 1.500 metros de Teixeiras.","-42.8567008972168","-20.6511001586914",NA,NA,NA,"Árvore, c.a. de 10 metros de altura. Fruto do tipo sâmara, cultriforme, com núcleo seminífero basal, semente solitária.","VIC025588","VIC025588",NA,"Filardi, F.L.R.","2009","10355","auto",NA,"12",NA,NA,NA,NA,NA
"48","2020-03-10 08:29:56-03","UFV","VIC","25586","PreservedSpecimen","Plantae",NA,NA,"Papilionoideae","Dalbergia","nigra","Dalbergia nigra","(Vell.) Allemao ex Benth.","Valente, G.E.","635","2001","03","28",NA,"Brasil","Minas Gerais","Teixeiras","BR Teixeiras - Viçosa, À esquerda da BR, em direção à Viçosa, c.a. de 80 metros de Teixeiras.","-42.8567008972168","-20.6511001586914",NA,NA,NA,"Planta com c.a. de 7,0 metros de altura. Fruto plano com núcleo seminífero mediano, semente solitária ou não.","VIC025586","VIC025586",NA,"Lima, H.C. de","2002","10355","auto",NA,"07",NA,NA,NA,NA,NA
"49","2020-03-10 08:26:39-03","UFV","VIC","6096","PreservedSpecimen","Plantae",NA,NA,"Amaranthaceae","Amaranthus","cruentus","Amaranthus cruentus","L.","Coons, M.P.","423","1977","09","04",NA,"Brasil","Minas Gerais","Teixeiras","Em terreno, entre lixo.","-42.8567008972168","-20.6511001586914",NA,NA,NA,"População mista. Erva de até 1,0 metro de altura. Caule e flores de cor vermelho. Folhas verde-avermelhadas. Encontrada como invasora e ornamental na cidade.","VIC006096","VIC006096",NA,"Coons, M.P.","1977","10355","auto",NA,"09","04",NA,NA,NA,NA
"50","2020-03-10 08:26:57-03","UFV","VIC","5288","PreservedSpecimen","Plantae",NA,NA,"Asclepiadaceae","Oxypetalum","appendiculatum","Oxypetalum appendiculatum","Mart.","Fontella, J.P.; et al.","1035","1978","05","22",NA,"Brasil","Minas Gerais","Teixeiras","Estrada BR-120, Em direção à Ponte Nova, à 4,0 km da ponte sobre o Córrego Bom Jardim e à 8,0 Km da ponte sobre o Ribeirão Vau Açu. Local degradado, beira de estrada, solo argiloso vermelho.","-42.8567008972168","-20.6511001586914",NA,NA,NA,"Escandente, heliófila, enrolada no capim gordura, crescendo no meio deste. Corola verde pálido ou amarelo pálido. Conona amrela. Estilete e estigma vinoso. Polinizadores não observados. Flores muito aromáticas.","VIC005288","VIC005288",NA,"Rapini","2004","10355","auto",NA,NA,NA,NA,NA,NA,NA
"51","2020-03-10 08:30:47-03","UFV","VIC","005286","PreservedSpecimen","Plantae",NA,NA,"Solanaceae","Solanum",NA,"Solanum",NA,"Fontella","78","1978","05","22",NA,"Brasil","Minas Gerais","Teixeiras","Estrada BR 120, em direção a ponte nova á 4 km da ponte sobre córrego Bom jardim e a 8 km da ponte sobre ribeirão Vau Açu. Local degradado a beira de estrada.","-42.8567008972168","-20.6511001586914",NA,NA,NA,"Local degradado, beira de estrada, solo argiloso vermelho, próximo á mata secundária, arvoreta heliofila, 2-2,5 m, frutos enegrecidos.","VIC005286","VIC005286",NA,NA,NA,"10355","auto",NA,NA,NA,NA,NA,NA,NA
"52","2020-03-10 08:30:58-03","UFV","VIC","005287","PreservedSpecimen","Plantae",NA,NA,"Verbenaceae","Aegiphila","integrifolia","Aegiphila integrifolia","(Jacq.) Moldenke","Fontella; et al.","1034","1978","05","22",NA,"Brasil","Minas Gerais","Teixeiras","Estrada BR-120, Em direção a Ponte Nova, á 4 km da ponte sobre córrego Bom Jardim e a 8 km do Ribeirão vau Açu","-42.8567008972168","-20.6511001586914",NA,NA,NA,"Local degradado em beira de estrada em solo argiloso vermelho, com capim gordura,árvore heliófila de 2-2,5 mts de altura, frutos castanhos.","VIC005287","VIC005287",NA,NA,NA,"10355","auto",NA,NA,NA,NA,NA,NA,NA
"53","2020-03-10 08:29:27-03","UFV","VIC","5285","PreservedSpecimen","Plantae",NA,NA,"Mimosoideae","Piptadenia","adiantoides","Piptadenia adiantoides","(Spreng.) J.F. Macbr.","Fontella, J.P.; Vidal, M.R.R.; Vidal, W.N.","1032","1978","05","22",NA,"Brasil","Minas Gerais","Teixeiras","Estrada BR-120, Em direção à Ponte Nova, à 4 Km da ponte sobre o córrego Bom Jardim.","-42.8567008972168","-20.6511001586914",NA,NA,NA,"Local degradado, beira de estrada, solo argiloso vermelho, com capim gordura. subarbusto heliófilo, 60 cm a 1m de altura, flores verdes ou amareladas. Fruto avermelhado.","VIC005285","VIC005285",NA,"Tamashiro, J.Y.","1981","10355","auto",NA,"01",NA,NA,NA,NA,NA
"54","2020-03-10 08:26:57-03","UFV","VIC","5279","PreservedSpecimen","Plantae",NA,NA,"Asclepiadaceae","Ditassa","burchellii","Ditassa burchellii","Hook. & Arn.","Coons, M.P.; et al.","861","1978","05","22",NA,"Brasil","Minas Gerais","Teixeiras","Estrada BR-120 em direção à Ponte Nova, Á 9,0 Km do Ribeirão São Silvestre e à 2,0 km da ponte sobre o Ribeirão Teixeiras. Beira da estrada, local degradado.","-42.8567008972168","-20.6511001586914",NA,NA,NA,"Crescendo no meio do capim gordura e se enrolando em Tiliaceae, atingindo 2,0 metros de altura. Escandente, heliófila, muitos ramos áfilos, latescente, látex alvo. Flores alvas.","VIC005279","VIC005279",NA,"Konno, T.","2002","10355","auto",NA,"10",NA,NA,NA,NA,NA
"55","2020-03-10 08:29:58-03","UFV","VIC","5281","PreservedSpecimen","Plantae",NA,NA,"Papilionoideae","Indigofera","suffruticosa","Indigofera suffruticosa","Mill.","Fontella, J.P.; et al.","1028","1978","05","22",NA,"Brasil","Minas Gerais","Teixeiras","Estrada BR-120, em direção à Ponte Nova, À 9,0 Km do Ribeirão São Silvestre e à 2,0 Km da ponte sobre o Ribeirão Teixeiras. Local degradado, beira da estrada, solo argiloso vermelho.","-42.8567008972168","-20.6511001586914",NA,NA,NA,"Arbusto, c.a. de 1,50 - 1,80 metros de altura. Só com frutos avermelhados. Heliófilo.","VIC005281","VIC005281",NA,"Teixeira, S.P.; Canavaci, G.M.","2004","10355","auto",NA,"07","23",NA,NA,NA,NA
"56","2020-03-10 08:30:54-03","UFV","VIC","5280","PreservedSpecimen","Plantae",NA,NA,"Tiliaceae","Luehea","grandiflora","Luehea grandiflora","Mart & Zucc.","Fontella; Vidal, W.; Vidal, R.; Fortunato, R et Coons","1027","1978","05","22",NA,"Brasil","Minas Gerais","Teixeiras","Estrada BR-120, Em direção à Ponte Nova, à 9 Km do Riberão S. Silvestre e à 2 Km da ponte sobre o Ribeirão Teixeiras","-42.8567008972168","-20.6511001586914",NA,NA,NA,"Local degradado, beira da estrada, solo argiloso vermelho, arbusto heliófilo, 1,50 #?# 2 m de altura; flores alvas.","VIC005280",NA,NA,"Bovini, M.G.","2004","10355","auto",NA,"07",NA,NA,NA,NA,NA
"57","2020-03-10 08:30:58-03","UFV","VIC","005282","PreservedSpecimen","Plantae",NA,NA,"Verbenaceae","Aegiphila","integrifolia","Aegiphila integrifolia","(Jacq.) Moldenke","Fontella","1029","1978","05","22",NA,"Brasil","Minas Gerais","Teixeiras","Estrada BR-120, Em direção a Ponte Nova, á n4 km da ponte sobre córrego Bom Jardim e a 8 km do Ribeirão vau Açu","-42.8567008972168","-20.6511001586914",NA,NA,NA,"Local degradado em beira de estrada em solo argiloso vermelho, com capim gordura,arbusto de 1,20-2,20 m de altura, heliófilo, flores alvas.","VIC005282","VIC005282",NA,NA,NA,"10355","auto",NA,NA,NA,NA,NA,NA,NA
"58","2020-03-10 08:30:49-03","UFV","VIC","009657","PreservedSpecimen","Plantae",NA,NA,"Solanaceae","Solanum","bullatum","Solanum bullatum","Vell","Vieira, M.F.; Reis, H.","404","1986","07","24",NA,"Brasil","Minas Gerais","Teixeiras","Estrada de divisa com Ponte Nova.","-42.8567008972168","-20.6511001586914",NA,NA,NA,"Árvore de cerca de 6 m de altura, flores perfumadas, corola branca; folhas de face abaxial branco dourada.","VIC009657","VIC009657",NA,NA,NA,"10355","auto",NA,NA,NA,NA,NA,NA,NA
"59","2020-03-10 08:30:43-03","UFV","VIC","5270","PreservedSpecimen","Plantae",NA,NA,"Sapindaceae","Paullinia","carpopodea","Paullinia carpopodea","Cambess","Fontella; Vidal, R.; Vidal, W.; Fortunato, R et Coons","1022","1978","05","21",NA,"Brasil","Minas Gerais","Teixeiras","Estrada para Pedra do Anta, À 15 km da ponte sobre o ribeirão S.Silvestre e à 7 km de teixeiras","-42.8567008972168","-20.6511001586914",NA,NA,NA,"Plantação abandonada de café ao lado da estrada, local degradado, com capim gordura, lactescente, bem lenhoso na base; estípulas caducas; heliófilo, látex alvo; Flores alvas.","VIC005270","VIC005270",NA,"Somner, G.V.","2004","10355","auto",NA,"07","22",NA,NA,NA,NA
"60","2020-03-10 08:30:03-03","UFV","VIC","4276","PreservedSpecimen","Plantae",NA,NA,"Papilionoideae","Platypodium","elegans","Platypodium elegans","Vogel","Irwin, H.S.","2226","1958","12","07",NA,"Brasil","Minas Gerais","Teixeiras","Estrada para Ponte Nova, 4,0 Km N de Teixeiras, Beira de estrada em floresta secundária, solo argiloso vermelho.","-42.8567008972168","-20.6511001586914",NA,NA,NA,"Árvore, c.a. de 7,0 metros de altura. Corola amarela. Ocasional.","VIC004276","VIC004276",NA,"Cowan, R.S.",NA,"10355","auto",NA,NA,NA,NA,NA,NA,NA
"61","2020-03-10 08:30:43-03","UFV","VIC","5272","PreservedSpecimen","Plantae",NA,NA,"Sapindaceae","Paullinia","carpopodea","Paullinia carpopodea","Cambess","Fontella; Vidal, R.; Vidal, W.; Fortunato, R et Coons","1024","1978","05","21",NA,"Brasil","Minas Gerais","Teixeiras","Estrada para Ponte Nova, à 4km da ponte sobre o Ribeirão Teixeiras","-42.8567008972168","-20.6511001586914",NA,NA,NA,"Beira da estrada, solo argiloso vermelho. Escandente, lactescente, heliófilo. Flores alvas.","VIC005272","VIC005272",NA,"Somner, G.V.","2004","10355","auto",NA,"07","22",NA,NA,NA,NA
"62","2020-03-10 08:28:20-03","UFV","VIC","5269","PreservedSpecimen","Plantae",NA,NA,"Dilleniaceae","Davilla","rugosa","Davilla rugosa","Poir.","Fontella, J.P.; et al.","1021","1978","05","21",NA,"Brasil","Minas Gerais","Teixeiras","Estrada Teixeiras - Pedra do Anta, À 12 Km da ponte sobre o Ribeirão São Silvestre e à 4,0 Km da cidade de Teixeiras. Beira da estrada, solo argiloso vermelho.","-42.8567008972168","-20.6511001586914",NA,NA,NA,"Escandente heliófilo de flores amarelas; botões verdes ou avermelhados.","VIC005269","VIC005269",NA,NA,NA,"10355","auto",NA,NA,NA,NA,NA,NA,NA
"63","2020-03-10 08:27:20-03","UFV","VIC","10842","PreservedSpecimen","Plantae",NA,NA,"Asteraceae","Trixis",NA,"Trixis",NA,"Reis, H.S.","s.n.","1989","09","02",NA,"Brasil","Minas Gerais","Teixeiras","Fazenda São João","-42.8567008972168","-20.6511001586914",NA,NA,NA,"Trepadeira, c.a. de 2,5 metros de altura; flores de corola branca, sépalas verdes. Muito visitada por Apis mellifera.","VIC010842","VIC010842",NA,NA,NA,"10355","auto",NA,NA,NA,NA,NA,NA,NA
"64","2020-03-10 08:28:13-03","UFV","VIC","24591","PreservedSpecimen","Plantae",NA,NA,"Cucurbitaceae","Melothria","pendula","Melothria pendula","L.","Valente, G.E.","454B","2000","04","11",NA,"Brasil","Minas Gerais","Teixeiras","Fecho, Mata de Galeria, Entrada à direita logo apos o trevo de saída de Teixeiras para Ponte Nova, cerca de 600 metros do asfalto.","-42.8567008972168","-20.6511001586914",NA,NA,NA,"Liana. Flores pequeninas de corola amarela. Frutos verdes maculados de branco.","VIC024591","VIC024591",NA,"Lima, L.F.P.","2010","10355","auto",NA,"03","11",NA,NA,NA,NA
"65","2020-03-10 08:28:02-03","UFV","VIC","5858","PreservedSpecimen","Plantae",NA,NA,"Capparaceae","Cleome","hassleriana","Cleome hassleriana","Chodat","s.col.","s.n.","1933","10","28",NA,"Brasil","Minas Gerais","Teixeiras","Margem do Rio Piranga - Usina, Terreno aluvião prado.","-42.8567008972168","-20.6511001586914",NA,NA,NA,NA,"VIC005858","VIC005858",NA,"Costa; Silva, M.B.","2000","10355","auto",NA,"11",NA,NA,NA,NA,NA
"66","2020-03-10 08:29:27-03","UFV","VIC","34171","PreservedSpecimen","Plantae",NA,NA,"Mimosoideae","Pseudopiptadenia","contorta","Pseudopiptadenia contorta","(DC.) G.P. Lewis & M.P. Lima","Souza, P.B.","s.n.","2010","11","25",NA,"Brasil","Minas Gerais","Teixeiras","Mata do Alto Canta Galo","-42.8567008972168","-20.6511001586914",NA,NA,NA,"Indivíduo com c.a. de 20 metros de altura, caule liso com sapopeme, sem acúleos e casca esbraquiçada. Ramos glabros, lenticelados e sulcados; inflorescência agrupadas em fascículos axilares, duas espigas por axila. Fruto contorcido. ma","VIC034171","VIC034171",NA,NA,NA,"10355","auto",NA,NA,NA,NA,NA,NA,NA
"67","2020-03-10 08:26:39-03","UFV","VIC","6107","PreservedSpecimen","Plantae",NA,NA,"Amaranthaceae","Amaranthus","cruentus","Amaranthus cruentus","L.","Coons, M.P.","s.n.","1978","08","04",NA,"Brasil","Minas Gerais","Teixeiras","Na cidade, em terreno com lixo.","-42.8567008972168","-20.6511001586914",NA,NA,NA,"Erva até 1,0 metro de altura. Caule e flores vermelhos. Folhas verde-avermelhado. Em população mista com A. spinosus e A. spinosus.","VIC006107","VIC006107",NA,"Coons, M.P.","1978","10355","auto",NA,"09","04",NA,NA,NA,NA
"68","2020-03-10 08:26:39-03","UFV","VIC","6617","PreservedSpecimen","Plantae",NA,NA,"Amaranthaceae","Amaranthus","lividus","Amaranthus lividus","L.","Coons, M.P.","426","1977","09","04",NA,"Brasil","Minas Gerais","Teixeiras","Na cidade, em terreno entre lixo.","-42.8567008972168","-20.6511001586914",NA,NA,NA,"Erva pequena, caule avermelhado, flores verdes. População mista com A. cruentus.","VIC006617","VIC006617",NA,"Coons, M.P.","1978","10355","auto",NA,"12","10",NA,NA,NA,NA
"69","2020-03-10 08:27:18-03","UFV","VIC","43256","PreservedSpecimen","Plantae",NA,NA,"Asteraceae","Sonchus","oleraceus","Sonchus oleraceus","L.","Nonato, I. .A.","s.n.","2014","03","10",NA,"Brasil","Minas Gerais","Teixeiras","oriunda de uma horta domestica na casa da coletora","-42.8567008972168","-20.6511001586914",NA,NA,NA,"Erva daninha","VIC043256",NA,NA,NA,NA,"10355","auto",NA,NA,NA,NA,NA,NA,NA
"70","2020-03-10 08:26:39-03","UFV","VIC","5501","PreservedSpecimen","Plantae",NA,NA,"Amaranthaceae","Alternanthera","tenella","Alternanthera tenella","Colla","Coons, M.P.","483","1977","09","04",NA,"Brasil","Minas Gerais","Teixeiras","Perímetro da cidade.","-42.8567008972168","-20.6511001586914",NA,NA,NA,"Ao lado do córrego de água. Erva meio decumbente, flores brancas. Comum.","VIC005501","VIC005501",NA,"Coons, M.P.","1980","10355","auto",NA,NA,NA,NA,NA,NA,NA
"71","2020-03-10 08:27:23-03","UFV","VIC","41474","PreservedSpecimen","Plantae",NA,NA,"Asteraceae","Vernonia","palianthes","Vernonia palianthes","Less.","Teixeira, F.B.","s.n.",NA,NA,NA,NA,"Brasil","Minas Gerais","Teixeiras","Zona Rural","-42.8567008972168","-20.6511001586914",NA,NA,NA,"Planta melífera, surgimento espontaneo em pastagens, beira de estrada terrenos baldios.","VIC041474","VIC041474",NA,NA,NA,"10355","auto",NA,NA,NA,NA,NA,NA,NA
"72","2019-11-21 14:41:29-03","UFJF","CESJ","55363","PreservedSpecimen","Plantae","Angiosperma",NA,"Piperaceae",NA,NA,NA,NA,"D.S. Pimenta","s.n.","2009","01","21","América do Sul","Brasil","Minas Gerais","Pedro Teixeira",NA,"-43.7456016540527","-21.7063999176025",NA,NA,NA,"N.V.: Arnica. Herbácea, em baixada úmida, ca. 1,5m alt.","CESJ055363",NA,NA,NA,NA,"11303","auto",NA,NA,NA,NA,NA,NA,NA
"73","2020-02-12 18:56:21-03","UFJF","CESJ","11986","PreservedSpecimen","Plantae","Angiosperma",NA,"Malvaceae","Sida","ciliaris","Sida ciliaris","L.","L. Krieger","CESJ11986","1972","12","31","América do Sul","Brasil","Minas Gerais","Pedro Teixeira",NA,"-43.7456016540527","-21.7063999176025",NA,NA,NA,"No chão de estrada-rasteira, flores amarelas.","CESJ011986",NA,NA,NA,NA,"11303","auto",NA,NA,NA,NA,NA,NA,NA
"74","2019-11-21 14:32:25-03","UFJF","CESJ","1749","PreservedSpecimen","Plantae","Angiosperma",NA,"Bignoniaceae","Fridericia","samynoides","Fridericia samynoides","(Cham.) L.G.Lohmann","L. Krieger","CESJ1749","1950","01","21","América do Sul","Brasil","Minas Gerais","Pedro Teixeira",NA,"-43.7456016540527","-21.7063999176025",NA,NA,NA,"Cipó da capoeira; Flores vinho.","CESJ001749",NA,NA,"L.C.Pereira","2011","11303","auto",NA,"09","05",NA,NA,NA,NA
"75","2019-11-21 14:39:11-03","UFJF","CESJ","55383","PreservedSpecimen","Plantae","Angiosperma",NA,"Malvaceae","Sida","carpinifolia","Sida carpinifolia","L.f.","D.S. Pimenta","s.n.","2009","01","21","América do Sul","Brasil","Minas Gerais","Pedro Teixeira",NA,"-43.7456016540527","-21.7063999176025",NA,NA,NA,"N.V.: Vassoura gosmenta. Erva, ca. 20cm, na beira de curral. Flores amarelas.","CESJ055383",NA,NA,NA,NA,"11303","auto",NA,NA,NA,NA,NA,NA,NA
"76","2019-11-21 14:38:54-03","UFJF","CESJ","11989","PreservedSpecimen","Plantae","Angiosperma",NA,"Malvaceae","Pavonia","communis","Pavonia communis","A. St.-Hil.","L. Krieger","CESJs.n.","1972","12","31","América do Sul","Brasil","Minas Gerais","Pedro Teixeira",NA,"-43.7456016540527","-21.7063999176025",NA,NA,NA,"Erva, subarbustiva. No campo sujo, fl. amarelas","CESJ011989",NA,NA,"G.Esteves","2001","11303","auto",NA,NA,NA,NA,NA,NA,NA
"77","2019-11-21 14:41:58-03","UFJF","CESJ","55379","PreservedSpecimen","Plantae","Angiosperma",NA,"Plantaginaceae","Plantago","major","Plantago major","L.","D.S. Pimenta","s.n.","2009","01","21","América do Sul","Brasil","Minas Gerais","Pedro Teixeira",NA,"-43.7456016540527","-21.7063999176025",NA,NA,NA,"Transagem. Erva, ca. 20cm, em horto úmido e adubado com esterco. Espigas verdes.","CESJ055379",NA,NA,NA,NA,"11303","auto",NA,NA,NA,NA,NA,NA,NA
"78","2019-11-21 14:33:36-03","UFJF","CESJ","25848","PreservedSpecimen","Plantae","Angiosperma",NA,"Convolvulaceae","Ipomoea","aristolochiifolia","Ipomoea aristolochiifolia","G. Don","R.C. Oliveira; M.C.M. Garcia; L. P. Oliveira","66","1992","04","16","América do Sul","Brasil","Minas Gerais","Pedro Teixeira",NA,"-43.7456016540527","-21.7063999176025",NA,NA,NA,"Erva ruderal, flor lilás","CESJ025848",NA,NA,NA,NA,"11303","auto",NA,NA,NA,NA,NA,NA,NA
"79","2019-11-21 14:45:03-03","UFJF","CESJ","11984A","PreservedSpecimen","Plantae","Angiosperma",NA,"Sapotaceae",NA,NA,NA,NA,"L. Krieger","CESJ11984A",NA,NA,NA,"América do Sul","Brasil","Minas Gerais","Pedro Teixeira",NA,"-43.7456016540527","-21.7063999176025",NA,NA,NA,"Cipó arbusto na beira da mata, flores amarelas em botão. Frutos alaranjados comestiveis, polpa adocicada. Nome vulgar: Cambari, Caqui do mato.","CESJ11984A",NA,NA,NA,NA,"11303","auto",NA,NA,NA,NA,NA,NA,NA
"80","2019-11-21 14:41:37-03","UFJF","CESJ","55384","PreservedSpecimen","Plantae","Angiosperma",NA,"Piperaceae","Piper","aduncum","Piper aduncum","L.","D.S. Pimenta","s.n.","2009","01","21","América do Sul","Brasil","Minas Gerais","Pedro Teixeira",NA,"-43.7456016540527","-21.7063999176025",NA,NA,NA,"N.V.: Capeva do mato. Arbusto, ca. 2m alt., em pasto. Flores amarelo esverdeadas.","CESJ055384",NA,NA,NA,NA,"11303","auto",NA,NA,NA,NA,NA,NA,NA
"81","2019-11-21 14:33:36-03","UFJF","CESJ","25850","PreservedSpecimen","Plantae","Angiosperma",NA,"Convolvulaceae","Ipomoea","indivisa","Ipomoea indivisa","(Vell.) Hallier f.","R.C. Oliveira; M.C.M. Garcia; L. P. Oliveira","68","1992","04","16","América do Sul","Brasil","Minas Gerais","Pedro Teixeira",NA,"-43.7456016540527","-21.7063999176025",NA,NA,NA,"Erva ruderal, flores vermelhas","CESJ025850",NA,NA,"R.S.Bianchini","2004","11303","auto",NA,"04","18",NA,NA,NA,NA
"82","2019-11-21 14:37:38-03","UFJF","CESJ","11987","PreservedSpecimen","Plantae","Angiosperma",NA,"Lamiaceae","Aegiphila","integrifolia","Aegiphila integrifolia","(Jacq.) Moldenke","L. Krieger","CESJ11987","1972","12","21","América do Sul","Brasil","Minas Gerais","Pedro Teixeira",NA,"-43.7456016540527","-21.7063999176025",NA,NA,NA,"Arbusto alto,ca. 3-4m.alt. no pasto formado,folhas grandes ou médias,flores creme.","CESJ011987",NA,NA,"V.F.Braga","2006","11303","auto",NA,"06",NA,NA,NA,NA,NA
"83","2019-11-21 14:42:53-03","UFJF","CESJ","25849","PreservedSpecimen","Plantae","Angiosperma",NA,"Poaceae","Paspalum",NA,"Paspalum",NA,"R.C. Oliveira; M.C.M. Garcia; L.P.Oliveira","67","1992","04","16","América do Sul","Brasil","Minas Gerais","Pedro Teixeira",NA,"-43.7456016540527","-21.7063999176025",NA,NA,NA,"No trevo de entrada da cidade, no meio do gramado, densa população.","CESJ025849",NA,NA,NA,NA,"11303","auto",NA,NA,NA,NA,NA,NA,NA
"84","2019-11-21 14:43:55-03","UFJF","CESJ","55378","PreservedSpecimen","Plantae","Angiosperma",NA,"Polygonaceae","Polygonum","hydropiperoides","Polygonum hydropiperoides","Michx","D.S. Pimenta","s.n.","2009","01","21","América do Sul","Brasil","Minas Gerais","Pedro Teixeira",NA,"-43.7456016540527","-21.7063999176025",NA,NA,NA,"Urtiga mansa. Erva ca. 50cm alt., na beira de horto úmido, espigs amarelas.","CESJ055378",NA,NA,NA,NA,"11303","auto",NA,NA,NA,NA,NA,NA,NA
"85","2019-11-21 14:32:30-03","UFJF","CESJ","11979","PreservedSpecimen","Plantae","Angiosperma",NA,"Bignoniaceae","Tanaecium","selloi","Tanaecium selloi","(Spreng.) L.G.Lohmann","L. Krieger","CESJ11979","1973","01","01","América do Sul","Brasil","Minas Gerais","Pedro Teixeira",NA,"-43.7456016540527","-21.7063999176025",NA,NA,NA,"Na beira da mata. Cipó robusto, flores róseas (poucas).","CESJ011979",NA,NA,"A. Frazão","2016","11303","auto",NA,"10","14",NA,NA,NA,NA
"86","2019-11-21 14:32:25-03","UFJF","CESJ","11983","PreservedSpecimen","Plantae","Angiosperma",NA,"Bignoniaceae","Fridericia","speciosa","Fridericia speciosa","Mart.","L. Krieger","CESJ11983","1972","12","31","América do Sul","Brasil","Minas Gerais","Pedro Teixeira",NA,"-43.7456016540527","-21.7063999176025",NA,NA,NA,"Cipó, na mata, flores róseas, cálice róseo, pedúnculo avermelhado.","CESJ011983",NA,NA,"A. Frazão","2016","11303","auto",NA,"10","14",NA,NA,NA,NA
"87","2019-11-21 14:44:40-03","UFJF","CESJ","51863","PreservedSpecimen","Plantae","Angiosperma",NA,"Rutaceae","Citrus","sinensis","Citrus sinensis","(L.) Osbreck","T.A.S.R.Pinheiro","38","2008","09","15","América do Sul","Brasil","Minas Gerais","Pedro Teixeira",NA,"-43.7456016540527","-21.7063999176025",NA,NA,NA,NA,"CESJ051863",NA,NA,NA,NA,"11303","auto",NA,NA,NA,NA,NA,NA,NA
"88","2019-11-21 14:33:41-03","UFJF","CESJ","3983","PreservedSpecimen","Plantae","Angiosperma",NA,"Crassulaceae",NA,NA,NA,NA,"L. Krieger","CESJ3983",NA,NA,NA,"América do Sul","Brasil","Minas Gerais","Pedro Teixeira",NA,"-43.7456016540527","-21.7063999176025",NA,NA,NA,"Flores brancas.","CESJ003983",NA,NA,NA,NA,"11303","auto",NA,NA,NA,NA,NA,NA,NA
"89","2019-11-21 14:44:40-03","UFJF","CESJ","51864","PreservedSpecimen","Plantae","Angiosperma",NA,"Rutaceae","Citrus","sinensis","Citrus sinensis","(L.) Osbreck","T.A.S.R.Pinheiro","40","2008","09","15","América do Sul","Brasil","Minas Gerais","Pedro Teixeira",NA,"-43.7456016540527","-21.7063999176025",NA,NA,NA,NA,"CESJ051864",NA,NA,NA,NA,"11303","auto",NA,NA,NA,NA,NA,NA,NA
"90","2019-11-21 14:46:04-03","UFJF","CESJ","11988","PreservedSpecimen","Plantae","Angiosperma",NA,"Solanaceae","Cestrum",NA,"Cestrum",NA,"L. Krieger","CESJ11988","1972","12","31","América do Sul","Brasil","Minas Gerais","Pedro Teixeira",NA,"-43.7456016540527","-21.7063999176025",NA,NA,NA,"Arbusto alto, na capoeira, flores creme esverdeado.","CESJ011988",NA,NA,NA,NA,"11303","auto",NA,NA,NA,NA,NA,NA,NA
"91","2019-11-21 14:33:36-03","UFJF","CESJ","25851","PreservedSpecimen","Plantae","Angiosperma",NA,"Convolvulaceae","Ipomoea","triloba","Ipomoea triloba","L.","R.C. Oliveira; M.C.M. Garcia; L. P. Oliveira","69","1992","04","16","América do Sul","Brasil","Minas Gerais","Pedro Teixeira",NA,"-43.7456016540527","-21.7063999176025",NA,NA,NA,"Erva rudeal, flor lilás","CESJ025851",NA,NA,"R.S.Bianchini","1998","11303","auto",NA,"12","03",NA,NA,NA,NA
"92","2019-11-21 14:44:28-03","UFJF","CESJ","11981","PreservedSpecimen","Plantae","Angiosperma",NA,"Rubiaceae","Faramea",NA,"Faramea",NA,"L. Krieger","CESJ11981","1973","01","01","América do Sul","Brasil","Minas Gerais","Pedro Teixeira",NA,"-43.7456016540527","-21.7063999176025",NA,NA,NA,"Na mata, arbusto alto (3-4m.). Fl. com corola azul, cálice e pedúnculo anil.","CESJ011981",NA,NA,NA,NA,"11303","auto",NA,NA,NA,NA,NA,NA,NA
"93","2019-11-21 14:31:13-03","UFJF","CESJ","55381","PreservedSpecimen","Plantae","Angiosperma",NA,"Asteraceae","Ageratum","conyzoides","Ageratum conyzoides","L.","D.S. Pimenta","s.n.","2009","01","21","América do Sul","Brasil","Minas Gerais","Pedro Teixeira",NA,"-43.7456016540527","-21.7063999176025",NA,NA,NA,"Erva de São João (roxa). Erva, ca. 1m alt., beira de curral, em baixada úmida, flores roxas.","CESJ055381","CESJ055381",NA,NA,NA,"11303","auto",NA,NA,NA,NA,NA,NA,NA
"94","2019-11-21 14:31:13-03","UFJF","CESJ","55382","PreservedSpecimen","Plantae","Angiosperma",NA,"Asteraceae","Ageratum","conyzoides","Ageratum conyzoides","L.","D.S. Pimenta","s.n.","2009","01","21","América do Sul","Brasil","Minas Gerais","Pedro Teixeira",NA,"-43.7456016540527","-21.7063999176025",NA,NA,NA,"N.V.: Erva de São João (branca). Erva ca. 1m alt., na beira de curral, em baixada úmida. Flor branca.","CESJ055382","CESJ055382",NA,NA,NA,"11303","auto",NA,NA,NA,NA,NA,NA,NA
"95","2019-11-21 14:35:48-03","UFJF","CESJ","25852","PreservedSpecimen","Plantae","Angiosperma",NA,"Fabaceae",NA,NA,NA,NA,"R.C. Oliveira; M.C.M. Garcia; L.P.Oliveira","070","1992","04","16","América do Sul","Brasil","Minas Gerais","Pedro Teixeira",NA,"-43.7456016540527","-21.7063999176025",NA,NA,NA,"Cipó, ruderal, flores lilacíneas.","CESJ025852",NA,NA,NA,NA,"11303","auto",NA,NA,NA,NA,NA,NA,NA
"96","2019-11-21 14:42:51-03","UFJF","CESJ","11980","PreservedSpecimen","Plantae","Angiosperma",NA,"Poaceae","Panicum","penicillatum","Panicum penicillatum","Nees ex Trin.","L. Krieger","CESJ11980","1973","01","01","América do Sul","Brasil","Minas Gerais","Pedro Teixeira",NA,"-43.7456016540527","-21.7063999176025",NA,NA,NA,"No chão da mata, em grandes formações, lugares úmidos, até mais de 2 m, parte inferior com folhas já secas.","CESJ011980",NA,NA,"T. Sendulsky","1992","11303","auto",NA,NA,NA,NA,NA,NA,NA
"97","2020-02-10 19:56:35-03","UFJF","CESJ","11985","PreservedSpecimen","Plantae","Angiosperma",NA,"Passifloraceae","Passiflora","odontophylla","Passiflora odontophylla","Harms ex Glaz.","L. Krieger","CESJ11985","1972","12","31","América do Sul","Brasil","Minas Gerais","Pedro Teixeira","NULL","-43.7456016540527","-21.7063999176025",NA,NA,NA,"Cipó robusto, na mata, beira de estrada. Corona em franjas lilás e branca.","CESJ011985",NA,NA,"L.C.Bernacci","2008","11303","auto",NA,"02","26",NA,NA,NA,NA
"98","2019-08-20 10:06:09-03","UNICAMP","UEC","109172","S","Plantae","Magnoliopsida",NA,"Asteraceae","Mikania","cordifolia","Mikania cordifolia","(L.f.) Willd.","Maffei, NJ","05","1998","08","12",NA,"Brazil","Minas Gerais","Pedro Teixeira","BR-267, km 145.","-43.7456016540527","-21.7063999176025",NA,NA,NA,"Trepadeira, capítulos brancos.","UEC128568","UEC128568",NA,"Ritter, MR","1998","11303","auto",NA,NA,NA,NA,NA,NA,NA
"99","2019-11-05 16:42:33-03","UFOP","OUPR","6995","PreservedSpecimen","Plantae",NA,NA,"Anacardiaceae","Mangifera","indica","Mangifera indica","L.","Oliveira, J.F. de","s.n.","1936",NA,NA,NA,"Brasil","Minas Gerais","Teixeiras",NA,"-42.8567008972168","-20.6511001586914",NA,NA,NA,"Árvore, flores pálidas. Terreno úmido.",NA,NA,NA,"Mitchell, J.D.","1999","10355","auto",NA,NA,NA,NA,NA,NA,NA
"100","2019-11-05 16:44:46-03","UFOP","OUPR","14327","PreservedSpecimen","Plantae",NA,NA,"Asteraceae","Eclipta","prostrata","Eclipta prostrata","(L.) L.","Badini, J.","s.n.",NA,NA,NA,NA,"Brasil","Minas Gerais","Teixeiras",NA,"-42.8567008972168","-20.6511001586914",NA,NA,NA,"Beira de Estrada. Erva. Flores brancas",NA,NA,NA,"s.col.","2011","10355","auto",NA,NA,NA,NA,NA,NA,NA
"101","2019-11-05 16:46:16-03","UFOP","OUPR","1090","PreservedSpecimen","Plantae",NA,NA,"Bignoniaceae","Jacaranda","macrantha","Jacaranda macrantha","Cham.","Badini, J.; Machado, C.","s.n.","1982","06","07",NA,"Brasil","Minas Gerais","Teixeiras",NA,"-42.8567008972168","-20.6511001586914",NA,NA,NA,"Árvore, flores roxas. Mata.",NA,NA,NA,"Araújo, R.S.","2007","10355","auto",NA,"08","26",NA,NA,NA,NA
"102","2019-07-17 14:39:31-03","UFRRJ","RBR","19837","S","Plantae",NA,NA,"Sapindaceae","Paullinia","carpopoda","Paullinia carpopoda","Cambess.","Fontella, J; et al.","1022","1978","05","21",NA,"Brasil","Minas Gerais","Teixeiras","Em direção à pedra do anta, à 15 km da ponte sobre Ribeirão S. Silvestre e á 7km da cidade de Teixeiras","-42.8567008972168","-20.6511001586914",NA,NA,NA,NA,"RBR00019837",NA,NA,"Somner, GV","1990","10355","auto",NA,"01","03",NA,NA,NA,NA
"103","2019-07-17 14:38:54-03","UFRRJ","RBR","9323","S","Plantae",NA,NA,"Monimiaceae","Siparuna","guianensis","Siparuna guianensis","Aubl.","Krieger, L","11985A","1972","12","31",NA,"Brasil","Minas Gerais","Pedro Teixeira","Na mata, beira de estrada.","-43.7456016540527","-21.7063999176025",NA,NA,NA,NA,"RBR00009323",NA,NA,"Pereira-Moura, MVL","1998","11303","auto",NA,"01",NA,NA,NA,NA,NA
"104","2019-12-06 14:35:42-03","MBM","MBM","340569","S","Plantae",NA,NA,"Bignoniaceae","Fridericia","speciosa","Fridericia speciosa","Mart.","Krieger, L.","11983","1972","12","31","Southern America","Brazil","Minas Gerais","Pedro Teixeira",NA,"-43.7456016540527","-21.7063999176025",NA,NA,NA,"Cipó na mata, fl. róseas, cálice róseo, pedúnculo avermelhado","MBM340569","MBM340569",NA,NA,NA,"11303","auto",NA,NA,NA,NA,NA,NA,NA
"105","2019-12-06 15:15:00-03","MBM","MBM","254323","S","Plantae",NA,NA,"Poaceae","Panicum","penicillatum","Panicum penicillatum","Nees","Krieger, L.","11980",NA,NA,NA,"Southern America","Brazil","Minas Gerais","Pedro Teixeira","Pedro Teixeira","-43.7456016540527","-21.7063999176025",NA,NA,NA,NA,"MBM254323","MBM254323",NA,"Sendulsky, T.",NA,"11303","auto",NA,NA,NA,NA,NA,NA,NA
"106","2019-12-06 14:32:58-03","MBM","MBM","239716","S","Plantae",NA,NA,"Asteraceae","Mikania","conferta","Mikania conferta","Gardn.","Maffei, N.J.","4","1998","08","12","Southern America","Brazil","Minas Gerais","Pedro Teixeira","Rod. BR-267, km 145","-43.7456016540527","-21.7063999176025",NA,NA,NA,NA,"MBM239716","MBM239716",NA,"Richter, M.R.",NA,"11303","auto",NA,NA,NA,NA,NA,NA,NA
"107","2019-12-06 14:35:35-03","MBM","MBM","271927","S","Plantae",NA,NA,"Bignoniaceae","Arrabidaea","samydoides","Arrabidaea samydoides","(Cham.) Sandw.","Krieger, L.","s.n.","1950","01","21","Southern America","Brazil","Minas Gerais","Pedro Teixeira","Pedro Teixeira","-43.7456016540527","-21.7063999176025",NA,NA,NA,NA,"MBM271927","MBM271927",NA,NA,NA,"11303","auto",NA,NA,NA,NA,NA,NA,NA
"108","2019-12-06 14:35:42-03","MBM","MBM","340539","S","Plantae",NA,NA,"Bignoniaceae","Fridericia","speciosa","Fridericia speciosa","Mart.","Krieger, L.","11983","1972","12","31","Southern America","Brazil","Minas Gerais","Pedro Teixeira",NA,"-43.7456016540527","-21.7063999176025",NA,NA,NA,"Cipó, na mata, fl. róseas, cálice róseo, pedúnculo avermelhado","MBM340539","MBM340539",NA,"Frozza, R.C.","2002","11303","auto",NA,NA,NA,NA,NA,NA,NA
"109","2019-10-02 15:08:31-03","UFMG","BHCB","58062","PreservedSpecimen","Plantae","Monocotyledon",NA,"Poaceae","Parodiophyllochloa","penicillata","Parodiophyllochloa penicillata","(Nees ex Trin.) Zuloaga & Morrone","Krieger, L","11980",NA,NA,NA,"Southern America","Brasil","Minas Gerais","Pedro Teixeira",NA,"-43.7456016540527","-21.7063999176025",NA,NA,NA,NA,NA,NA,NA,NA,NA,"11303","auto",NA,NA,NA,NA,NA,NA,NA
"110","2019-10-02 15:03:44-03","UFMG","BHCB","170547","PreservedSpecimen","Plantae","Dicotyledon",NA,"Solanaceae","Cestrum",NA,"Cestrum",NA,"Krieger, L","11988","1972","12","31","Southern America","Brasil","Minas Gerais","Pedro Teixeira",NA,"-43.7456016540527","-21.7063999176025",NA,NA,NA,"Arbusto alto, na capoeira, flores creme esverdeado.","BHCB015216",NA,NA,NA,NA,"11303","auto",NA,NA,NA,NA,NA,NA,NA
"111","2019-10-02 15:01:13-03","UFMG","BHCB","70493","PreservedSpecimen","Plantae","Dicotyledon",NA,"Passifloraceae","Passiflora","odonthophylla","Passiflora odonthophylla","Harms ex Glaz.","Krieger, L","11985","1972","12","31","Southern America","Brasil","Minas Gerais","Pedro Teixeira",NA,"-43.7456016540527","-21.7063999176025",NA,NA,NA,"Cipó robusto, Corona em franjas lilás e branca. Flores conservadas em alcool 70%; Em mata, beira de estrada","BHCB008640",NA,NA,NA,"2008","11303","auto",NA,"04",NA,NA,NA,NA,NA
"112","2019-10-02 14:50:31-03","UFMG","BHCB","50477","PreservedSpecimen","Plantae","Dicotyledon",NA,"Asteraceae","Mikania","hirsutissima","Mikania hirsutissima","DC.","Maffei, NJ","4","1998","08","12","Southern America","Brasil","Minas Gerais","Pedro Teixeira","BR 267, km 145.","-43.7456016540527","-21.7063999176025",NA,NA,NA,"Trepadeira. Capítulos branco-amarronzados.; trepadeira, capítulos branco-amarronzados","BHCB006611",NA,NA,NA,"2013","11303","auto",NA,"02",NA,NA,NA,NA,NA
"113","2019-12-23 17:49:34-03","UFMG","BHCB","60837","PreservedSpecimen","Plantae","Dicotyledon",NA,"Fabaceae","Dalbergia",NA,"Dalbergia","Lindl.",NA,"s.n.",NA,NA,NA,"Southern America","Brasil","Minas Gerais","Teixeiras",NA,"-42.8567008972168","-20.6511001586914",NA,NA,NA,NA,NA,NA,NA,NA,NA,"10355","auto",NA,NA,NA,NA,NA,NA,NA
"114","2019-10-02 14:54:30-03","UFMG","BHCB","60838","PreservedSpecimen","Plantae","Dicotyledon",NA,"Fabaceae","Platypodium","elegans","Platypodium elegans","Vogel",NA,"s.n.",NA,NA,NA,"Southern America","Brasil","Minas Gerais","Teixeiras",NA,"-42.8567008972168","-20.6511001586914",NA,NA,NA,NA,NA,NA,NA,NA,NA,"10355","auto",NA,NA,NA,NA,NA,NA,NA
"115","2019-10-02 14:54:10-03","UFMG","BHCB","60836","PreservedSpecimen","Plantae","Dicotyledon",NA,"Fabaceae","Machaerium",NA,"Machaerium",NA,NA,"s.n.",NA,NA,NA,"Southern America","Brasil","Minas Gerais","Teixeiras",NA,"-42.8567008972168","-20.6511001586914",NA,NA,NA,NA,NA,NA,NA,NA,NA,"10355","auto",NA,NA,NA,NA,NA,NA,NA
"116","2019-12-23 17:49:34-03","UFMG","BHCB","60839","PreservedSpecimen","Plantae","Dicotyledon",NA,"Fabaceae","Dalbergia",NA,"Dalbergia","Lindl.",NA,"s.n.",NA,NA,NA,"Southern America","Brasil","Minas Gerais","Teixeiras",NA,"-42.8567008972168","-20.6511001586914",NA,NA,NA,NA,NA,NA,NA,NA,NA,"10355","auto",NA,NA,NA,NA,NA,NA,NA
"117","2019-10-02 14:53:55-03","UFMG","BHCB","118808","PreservedSpecimen","Plantae","Dicotyledon",NA,"Fabaceae","Dalbergia","nigra","Dalbergia nigra","(Vell.) Allemão ex Benth.","Kamino, LHY; Giacomin, LL","429","2008","02","28","Southern America","Brasil","Minas Gerais","Teixeiras",NA,"-42.8567008972168","-20.6511001586914",NA,NA,NA,"pasto, Arbóreo, 6m altura, com frutos",NA,NA,NA,NA,NA,"10355","auto",NA,NA,NA,NA,NA,NA,NA
"118","2019-10-02 14:54:13-03","UFMG","BHCB","60835","PreservedSpecimen","Plantae","Dicotyledon",NA,"Fabaceae","Machaerium","hirtum","Machaerium hirtum","(Vell.) Stellfeld","Valente, GE","842","2001","06","18","Southern America","Brasil","Minas Gerais","Teixeiras","Beira da estrada à cerca de 200m após o Motel Chalé em direção a Ponte Nova","-42.8567008972168","-20.6511001586914",NA,NA,NA,NA,NA,NA,NA,NA,NA,"10355","auto",NA,NA,NA,NA,NA,NA,NA
"119","2019-10-11 11:19:04-03","UFPR","UPCB","20016","PreservedSpecimen","Plantae",NA,NA,"Passifloraceae","Passiflora","odontophylla","Passiflora odontophylla","Harms ex Glaz.","Krieger, P.L.","11985","1972","12","31",NA,"Brasil","Minas Gerais","Pedro Teixeira",NA,"-43.7456016540527","-21.7063999176025",NA,NA,NA,"Cipó robusto, corona em franjas lilá e branca. Mata, beira de estrada..",NA,NA,NA,"Bernacci, L.C.","2016","11303","auto",NA,"04","20",NA,NA,NA,NA
"120","2019-10-11 11:18:59-03","UFPR","UPCB","42520","PreservedSpecimen","Plantae",NA,NA,"Passifloraceae","Passiflora","amethystina","Passiflora amethystina","Mikan","Valente, G.E.","453","2000","04","11",NA,"Brasil","Minas Gerais","Teixeiras","Fecho, entrada à direita após o trevo de saída de Teixeiras-Ponte Nova, ca. 600m asfalto","-42.8567008972168","-20.6511001586914",NA,NA,NA,"Liana, cálice verde externamente e ligeiramente arroxeado internamente, corola roxa, estaminódios menores roxo escuro e os maiores roxos mais claro com máculas brancas, ovário verde..",NA,NA,NA,"Cervi, A.C.","2000","10355","auto",NA,"05","29",NA,NA,NA,NA
"121","2016-04-04 17:00:34-03","UNIOESTE","UNOP","7735","S","Plantae",NA,NA,"Rubiaceae","Diodia","saponariifolia","Diodia saponariifolia","(Cham. & Schltdl.) K. Schum.","Kuhlmann, J.G.","s.n.","1934","11","15",NA,"Brasil","Minas Gerais","Teixeiras","Bom Jardim.","-42.8567008972168","-20.6511001586914",NA,NA,NA,NA,NA,NA,NA,"Kirkbride, J.H.","1984","10355","auto",NA,"06",NA,NA,NA,NA,NA
"122","2019-07-29 16:23:22-03","UNESP-RC","HRCB","50349","S","Plantae",NA,NA,"Bignoniaceae","Tanaecium","selloi","Tanaecium selloi","(Spreng.) L.G. Lohmann","Krieger, P.L.","s/nº","1973","01","01",NA,"Brasil","Minas Gerais","Pedro Teixeira",NA,"-43.7456016540527","-21.7063999176025",NA,NA,NA,"Cipó robusto, flores róseas (poucas).",NA,NA,NA,"Frazão, A.","2016","11303","auto",NA,"08","25",NA,NA,NA,NA
"123","2019-12-04 09:51:02-03","IMA","MAC","371","PreservedSpecimen","Plantae",NA,NA,"Dilleniaceae","Davilla","rugosa","Davilla rugosa","Poir.","Fontella; et al.","1021","1978","05","21",NA,"Brasil","Minas Gerais","Teixeiras","Em direção Pedra do Anta, 12 km da ponte sobre o ribeirão S.Silvestre e a 4 km da cidade de Teixeira.","-42.856389","-20.651389","-42.856389","-20.651389",NA,"Flor amarela.","MAC0000371","MAC0000371",NA,NA,NA,NA,NA,NA,NA,NA,NA,NA,NA,NA
"124","2019-12-04 09:51:02-03","IMA","MAC","468","PreservedSpecimen","Plantae",NA,NA,"Dilleniaceae","Davilla","rugosa","Davilla rugosa","Poir.","Fontella; V.Vidal; R.Vidal; R.Fortunato; P.Coons","1021","1978","05","21",NA,"Brasil","Minas Gerais","Teixeiras","Estrada de Texeiras em direção à Pedra do Anta, À 12 km da ponte sobre o ribeirão S.Silvestre e à 4 km da cidade de Texeiras.","-42.856389","-20.651389","-42.856389","-20.651389",NA,"Escadente heliófilo. Flores amarelas, botões verdes ou avermelhados.; À beira da estrada.","MAC0000468","MAC0000468",NA,NA,NA,NA,NA,NA,NA,NA,NA,NA,NA,NA
"125","2018-10-26 11:47:50-03","Cenargen","CEN","11088","S","Plantae",NA,NA,"Euphorbiaceae","Manihot","pilosa","Manihot pilosa","Pohl","Antônio Costa Allem","3393","1986","02","21",NA,"Brasil","MG","TEIXEIRAS","3 km a SE de Ponte Nova, ao longo da rodovia BR-10, rumo a Viçosa.","-45","-20.5","-45.00000","-20.50000","Exsicatas","Folhas 3-5-7 lobadas. Na beira da mata de Cecropia, Croton, Mimosa espinhenta, etc.. Ovários glabros, lisos. pequena população.","CEN00011088","CEN00011088",NA,"A. C. Allem",NA,NA,NA,NA,NA,NA,"615","615","2",NA
"126","2019-06-27 15:37:39-03","Cenargen","CEN","28894","S","Plantae",NA,NA,"Lythraceae","Cuphea","carthagenensis","Cuphea carthagenensis","(Jacq.) Macbr.","Aldicir Osni Scariot","382","1989","02","09",NA,"Brasil","MG","TEIXEIRAS","Rodovia BR - 120, Viçosa - Ponte Nova, km 2.","-42.88333","-20.53333","-42.88333","-20.53333","Exsicatas",NA,"CEN00028894","CEN00028894",NA,"T. B. Cavalcanti","1989",NA,NA,NA,"03",NA,"690","690","5",NA
"127","2019-06-27 15:37:46-03","Cenargen","CEN","28895","S","Plantae",NA,NA,"Lythraceae","Cuphea","ingrata","Cuphea ingrata","Cham. & Schltdl.","Aldicir Osni Scariot","383","1989","02","09",NA,"Brasil","MG","TEIXEIRAS","Rodovia BR-120. Viçosa - Ponte Nova; km 25.","-42.88333","-20.53333","-42.88333","-20.53333","Exsicatas",NA,"CEN00028895","CEN00028895",NA,"T. B. Cavalcanti","1989",NA,NA,NA,"03",NA,"690","690","5",NA
"128","2018-10-26 11:47:50-03","Cenargen","CEN","68755","S","Plantae",NA,NA,"Euphorbiaceae","Manihot","pilosa","Manihot pilosa","Pohl","Ivo Roberto Sias Costa","44","1988","04","06",NA,"Brasil","MG","TEIXEIRAS","23 km a Sudoeste de Ponte Nova, ao longo da rodovia BR-120, rumo a Viçosa.","-42.86667","-20.63333","-42.86667","-20.63333","Exsicatas","Fruto não tomentoso. Caule não piloso. Foi coletado 1 fruto. Plantas de 7-8m de altura.","CEN00068755","CEN00068755",NA,"M. Mendoza",NA,NA,NA,NA,NA,NA,"600","600","2",NA
"129","2018-10-26 11:47:50-03","Cenargen","CEN","74037","S","Plantae",NA,NA,"Euphorbiaceae","Manihot","pilosa","Manihot pilosa","Pohl","Antônio Costa Allem","4535","1995","02","10",NA,"Brasil","MG","TEIXEIRAS","21 km a SE de Ponte Nova, ao longo da rodovia BR - 120 rumo a Teixeiras.","-42.9","-20.583333","-42,9","-20,583333","Exsicatas","Com frutos pequenos, glabros, lisos, arredondados. Frutos imaturos colhidos de 1 planta. Uma só flor masculina.","CEN00074037","CEN00074037",NA,"A. C. Allem",NA,NA,NA,NA,NA,NA,"750","750","4",NA
"130","2018-10-26 11:47:50-03","Cenargen","CEN","74038","S","Plantae",NA,NA,"Euphorbiaceae","Manihot","pilosa","Manihot pilosa","Pohl","Antônio Costa Allem","4536","1995","02","10",NA,"Brasil","MG","TEIXEIRAS","Cerca de 27 km a SE de Ponte Nova, ao longo da rodovia BR - 120 rumo a Teixeiras.","-42.883333","-20.616666","-42,883333","-20,616666","Unicata","Com pêlos no caule e frutos lisos, arredondados, pequenos. Poucas flores masculinas bifusiformes","CEN00074038","CEN00074038",NA,"A. C. Allem",NA,NA,NA,NA,NA,NA,"750","750","1",NA
"131","2019-11-13 11:20:33-03","USP","SPF","150525","PreservedSpecimen","Plantae",NA,NA,"Lamiaceae","Aegiphila","sellowiana","Aegiphila sellowiana","Cham.","Krieger, L","s.n.","1972","12","31",NA,"Brasil","Minas Gerais","Pedro Teixeira",NA,"-43.7456016540527","-21.7063999176025",NA,NA,NA,NA,"SPF00150525","SPF00150525",NA,"Krieger, L","1972","11303","auto",NA,NA,NA,NA,NA,NA,NA
"132","2019-11-13 11:23:56-03","USP","SPF","82464","PreservedSpecimen","Plantae",NA,NA,"Lythraceae","Cuphea","ingrata","Cuphea ingrata","Cham. & Schltdl.","Scariot, AO","383","1989","02","09",NA,"Brasil","Minas Gerais","Teixeiras",NA,"-42.8567008972168","-20.6511001586914",NA,NA,NA,NA,"SPF00082464",NA,NA,"Cavalcanti, TB","1989","10355","auto",NA,"03",NA,"690","690",NA,NA
"133","2019-11-13 11:23:52-03","USP","SPF","82465","PreservedSpecimen","Plantae",NA,NA,"Lythraceae","Cuphea","carthagenensis","Cuphea carthagenensis","(Jacq.) J.F.Macbr.","Scariot, AO","382","1989","02","09",NA,"Brasil","Minas Gerais","Teixeiras",NA,"-42.8567008972168","-20.6511001586914",NA,NA,NA,NA,"SPF00082465",NA,NA,"Cavalcanti, TB","1989","10355","auto",NA,"03",NA,"690","690",NA,NA
"134","2019-11-22 16:07:27-03","UEFS","HUEFS","33606","PreservedSpecimen","Plantae","Angiospermae","Lamiales","Lamiaceae","Aegiphila","sellowiana","Aegiphila sellowiana","Cham.","Fontella, J.P.","1029","1978","05","22",NA,"Brasil","Minas Gerais","Teixeira","Estrada em direção à ponte Nova, à 4Km da ponte sobre o Córrego Bom Jardim e à 8Km do Riberão Vau açu.",NA,NA,NA,NA,NA,"Beira de estrada.","HUEFS0033606","HUEFS0033606",NA,NA,NA,NA,NA,"Asteranae",NA,NA,NA,NA,NA,NA
"135","2019-10-07 09:29:44-03","UEFS","HUEFS","95437","PreservedSpecimen","Plantae","Angiospermae","Fabales","Polygalaceae","Diclidanthera","laurifolia","Diclidanthera laurifolia","Mart.","Zanuncio, T.V.","VIC8968","1984","09","28",NA,"Brasil","Minas Gerais","Teixeira","Morro do Picão, do lado direito do asfalto, a 3,0 Km da entrada da cidade.",NA,NA,NA,NA,NA,NA,"HUEFS0095437","HUEFS0095437",NA,NA,NA,NA,NA,"Rosanae",NA,NA,NA,NA,NA,NA
"136","2019-10-07 09:26:15-03","UEFS","HUEFS","201787","PreservedSpecimen","Plantae","Angiospermae","Fabales","Leguminosae Subfam. Caesalpinioideae (Mimosoide)","Piptadenia","adiantoides","Piptadenia adiantoides","(Spreng.) J.F.Macbr.","Fontella, J.P.","1032","1978","05","22",NA,"Brasil","Minas Gerais","Teixeiras","Estrada BR-120,em direção á Ponte Nova, á 4 km da ponte sobre o Córrego Bom Jardim e á 8 km da ponte sobre o Ribeirão Vau Açu.","-42.8567008972168","-20.6511001586914",NA,NA,NA,NA,"HUEFS0201787",NA,NA,"P.G.Ribeiro","2017","10355","auto","Rosanae","05",NA,NA,NA,NA,NA
"137","2016-10-10 10:26:09-03","MOBOT","MOBOT_BR","100514756","S","Plantae",NA,NA,"Passifloraceae","Passiflora","suberosa","Passiflora suberosa litoralis","(Kunth) Port.-Utl. ex M.A.M. Azevedo, Baumgratz & Gonç.-Estev.","G. E. Valente","Valente 425","1999","04","24","South America","Brazil","Minas Gerais","Teixeiras",NA,"-42.8567","-20.6511",NA,NA,NA,NA,NA,NA,"litoralis","M. A. Milward-de-Azevedo","2012","10355","auto",NA,NA,NA,NA,NA,NA,NA
"138","2019-06-28 16:52:40-03","IAC","IAC","31327","S","Plantae",NA,NA,"Rubiaceae-205.Rubioideae-Coussareeae","Faramea","multiflora","Faramea multiflora","A.Rich. ex DC.","L. Krieger","11981","1973","01","01",NA,"Brasil","Minas Gerais","Pedro Teixeira",NA,"-43.7456","-21.7064","-43.7456","-21.7064",NA,NA,NA,NA,NA,"C.M. Taylor","1997",NA,NA,NA,"08","21",NA,NA,NA,NA
"139","2019-06-28 16:52:40-03","IAC","IAC","31375","S","Plantae",NA,NA,"Rubiaceae-205.Rubioideae-Coussareeae","Faramea","multiflora","Faramea multiflora","A.Rich. ex DC.","L. Krieger","11981","1973","01","01",NA,"Brasil","Minas Gerais","Pedro Teixeira",NA,"-43.7456","-21.7064","-43.7456","-21.7064",NA,NA,NA,NA,NA,"C.M. Taylor","1997",NA,NA,NA,"08","21",NA,NA,NA,NA
"140","2019-02-27 14:03:30-03","UFSJ","HUFSJ","649","S","Plantae",NA,NA,"Plantaginaceae","Russelia","equisetiformis","Russelia equisetiformis","Schltdl. & Cham.","Moreira, CN","s.n.",NA,NA,NA,NA,"Brasil","Minas Gerais","Teixeiras","Residência próxima a Delegacia Municipal de Teixeiras","-42.8567008972168","-20.6511001586914",NA,NA,NA,"O exemplas coletado, possui flores com 4 estames sendo didínamos, não possuindo estaminóides, flores hermafroditas, sendo oligostêmone, gamopétala, pentâmera, corola digitaliforme, distintamente personada, com o tubo da corola alarga","HUFSJ000649",NA,NA,NA,NA,"10355","auto",NA,NA,NA,NA,NA,NA,NA
"141","2019-10-16 14:11:12-03","UEL","FUEL","21720","PreservedSpecimen","Plantae","Tracheophyta","Asterales","Asteraceae","Mikania","cordifolia","Mikania cordifolia","(L.f.) Willd.","Maffei, NJ","5","1998","08","12",NA,"Brasil","Minas Gerais","Pedro Teixeira","BR-267, km 145, Km 145","-43.7456016540527","-21.7063999176025",NA,NA,NA,"Trepadeira, capítulos brancos",NA,NA,NA,"Ritter, MR","1998","11303","auto",NA,NA,NA,NA,NA,NA,NA
"142","2019-10-16 14:11:12-03","UEL","FUEL","21719","PreservedSpecimen","Plantae","Tracheophyta","Asterales","Asteraceae","Mikania","conferta","Mikania conferta","Gardner","Maffei, NJ","4","1998","08","12",NA,"Brasil","Minas Gerais","Pedro Teixeira","BR-267, km 145, Km 145","-43.7456016540527","-21.7063999176025",NA,NA,NA,"Trepadeira, capítulos branco-amarronzados",NA,NA,NA,"Ritter, MR","1998","11303","auto",NA,NA,NA,NA,NA,NA,NA
"143","2015-12-02 09:57:47-02","UnB","UB","176227","S","Plantae","Dicotyledoneae",NA,"Rubiaceae","Diodia","saponariifolia","Diodia saponariifolia","(Cham. & Schltdl.) K. Schum.","Kuhlmann","VIC1724","1934","02","15","Southern America","Brasil","Minas Gerais","Teixeiras",NA,"-42.8567008972168","-20.6511001586914",NA,NA,NA,NA,NA,NA,NA,NA,NA,"10355","auto",NA,NA,NA,NA,NA,NA,NA
"144","2019-05-06 11:53:42-03","UFU","HUFU","23117","S","Plantae",NA,NA,"Asteraceae","Mikania","conferta","Mikania conferta","Gardner","Maffei, N.J.","04","1998","08","12",NA,"Brasil","Minas Gerais","Pedro Teixeira","BR - 267, Km 145.","-43.7456016540527","-21.7063999176025",NA,NA,NA,"Trepadeira, capítulos branco-amarronzados.","HUFU00070644","HUFU00070644",NA,"Ritter, M.R.","1998","11303","auto",NA,NA,NA,NA,NA,NA,NA
"145","2019-05-06 11:53:42-03","UFU","HUFU","23119","S","Plantae",NA,NA,"Asteraceae","Mikania","cordifolia","Mikania cordifolia","(L.f.) Willd.","Maffei, J.N.","05","1998","08","12",NA,"Brasil","Minas Gerais","Pedro Teixeira","BR - 267, Km 145.","-43.7456016540527","-21.7063999176025",NA,NA,NA,"Trepadeira, capítulos brancos.","HUFU00048129","HUFU00048129",NA,"Ritter, M.R.","1998","11303","auto",NA,NA,NA,NA,NA,NA,NA
"146","2019-05-06 11:54:29-03","UFU","HUFU","35421","S","Plantae",NA,NA,"Bignoniaceae","Fridericia","speciosa","Fridericia speciosa","Mart.","Krieger, L.","11983","1972","12","31",NA,"Brasil","Minas Gerais","Pedro Teixeira",NA,"-43.7456016540527","-21.7063999176025",NA,NA,NA,"Mata.","HUFU00002927","HUFU00002927",NA,"Forzza, R.C.","2002","11303","auto",NA,"06",NA,NA,NA,NA,NA
"147","2019-02-04 10:28:42-02","MN","R-TIPOS","28323","S","Plantae",NA,NA,"Piperaceae","Piper","sampaioi","Piper sampaioi","Yunck.","Sampaio, A.J.","858","1908","10","22",NA,"Brasil","Minas Gerais","Teixeira Soares",NA,NA,NA,NA,NA,NA,NA,"R000028323","R000028323_001",NA,"Guimarães, E.F.","1960",NA,NA,NA,NA,NA,NA,NA,NA,"Holotypus"
"148","2020-03-02 13:40:56-03","UFSC","FLOR","65694","PreservedSpecimen","Plantae",NA,"Apiales","Araliaceae","Hydrocotyle","macrophylla","Hydrocotyle macrophylla","Pohl ex DC.","Nery, E.K.; Fiaschi, P.; Richetti, E.","61","2018","01","20",NA,"Brasil","Minas Gerais","Pedro Teixeira","MG135.","-43.730556","-21.713333","43º43'50''W","21º42'48''S",NA,"Erva estolonífera, caule esverdeado, flores brancas, frutos brancos","FLOR0065694","FLOR0065694",NA,"Nery, E.K.","2018",NA,NA,NA,"01","20",NA,NA,NA,NA
"149","2019-10-14 18:39:19-03","UFRGS","ICN","133258","S","Plantae","Monocotyledon",NA,"Poaceae","Urochloa",NA,"Urochloa",NA,"Oliveira, RC; Garcia, MCM; Oliveira, LP","s.n.","1992","04","16","América do Sul","Brasil","MG","Pedro Teixeira",NA,"-43.7456016540527","-21.7063999176025",NA,NA,NA,"CESJ 25849",NA,NA,NA,"Longhi-Wagner, HM","2016","11303","auto",NA,"02","11",NA,NA,NA,NA
"150","2019-10-14 18:38:37-03","UFRGS","ICN","133677","S","Plantae","Monocotyledon",NA,"Poaceae","Parodiophyllochloa","penicillata","Parodiophyllochloa penicillata","(Nees ex Trin.) Zuloaga & Morrone","Krieger, L","11980","1973","01","01","América do Sul","Brasil","MG","Pedro Teixeira",NA,"-43.7456016540527","-21.7063999176025",NA,NA,NA,"doação UFJF.",NA,NA,NA,"Guglieri, A",NA,"11303","auto",NA,NA,NA,NA,NA,NA,NA
"151","2020-03-06 14:23:37-03","UFRGS","ICN","115028","S","Plantae","Dicotyledon",NA,"Asteraceae","Mikania","cordifolia","Mikania cordifolia","(L.f.) Willd.","Maffei, NJ","5","1998","08","12","América do Sul","Brasil","MG","Pedro Teixeira","BR-267, km 145","-43.7456016540527","-21.7063999176025",NA,NA,NA,NA,NA,NA,NA,"Ritter, MR",NA,"11303","auto",NA,NA,NA,NA,NA,NA,NA
"152","2020-03-06 14:23:38-03","UFRGS","ICN","115004","S","Plantae","Dicotyledon",NA,"Asteraceae","Mikania","hirsutissima","Mikania hirsutissima","DC.","Maffei, NJ","4","1998","08","12","América do Sul","Brasil","MG","Pedro Teixeira","BR-267, km 145","-43.7456016540527","-21.7063999176025",NA,NA,NA,NA,NA,NA,NA,"Ritter, MR",NA,"11303","auto",NA,NA,NA,NA,NA,NA,NA
"153","2019-11-21 10:16:19-03","IBt","SP","253278","S","Plantae",NA,NA,"Poaceae","Parodiophyllochloa","penicillata","Parodiophyllochloa penicillata","(Nees ex Trin.) Zuloaga & Morrone","Krieger, L","11980","1973","01","01",NA,"Brasil","Minas Gerais","Pedro Teixeira",NA,"-43.7456016540527","-21.7063999176025",NA,NA,NA,NA,NA,NA,NA,"Rodrigues, RS","2012","11303","auto",NA,"01","11",NA,NA,NA,NA
"154","2019-11-21 10:14:19-03","IBt","SP","32171","S","Plantae",NA,NA,"Piperaceae","Piper","aduncum","Piper aduncum","L.","Kuhlmann, M","s.n.","1934","12","01",NA,"Brasil","Minas Gerais","Teixeiras",NA,"-42.8567008972168","-20.6511001586914",NA,NA,NA,NA,NA,NA,NA,"Yuncker, TG","1960","10355","auto",NA,NA,NA,NA,NA,NA,NA
